solid AssimpScene
 facet normal 1 0 0
  outer loop
  vertex 14.8500004 9.72356987 0.124999002
  vertex 14.8500004 9.59856987 0.249999002
  vertex 14.8500004 9.59856987 0.124999002
  endloop
 endfacet

 facet normal 6.73400677e-08 1 0
  outer loop
  vertex 7.42500019 10.0985699 0.124999501
  vertex 14.8500004 10.0985699 -0.125000998
  vertex 7.42500019 10.0985699 -0.125000507
  endloop
 endfacet

 facet normal 6.73400677e-08 1 0
  outer loop
  vertex 0 9.72357082 -0.125
  vertex -7.42500019 9.72357178 -0.249999493
  vertex -7.42500019 9.72357178 -0.124999501
  endloop
 endfacet

 facet normal -6.73400677e-08 -1 0
  outer loop
  vertex 7.42500019 9.59856987 -0.125000507
  vertex 14.8500004 9.59856987 0.124999002
  vertex 7.42500019 9.59856987 0.124999501
  endloop
 endfacet

 facet normal -1 0 0
  outer loop
  vertex -14.8500004 9.72357178 -0.124999002
  vertex -14.8500004 9.59857178 -0.124999002
  vertex -14.8500004 9.59857178 0.125000998
  endloop
 endfacet

 facet normal 1 0 0
  outer loop
  vertex 14.8500004 9.72356987 0.124999002
  vertex 14.8500004 9.59856987 0.124999002
  vertex 14.8500004 9.59856987 -0.125000998
  endloop
 endfacet

 facet normal -6.73400677e-08 -1 0
  outer loop
  vertex 7.42500019 9.97356987 -0.125000507
  vertex 14.8500004 9.97356987 -0.250001013
  vertex 14.8500004 9.97356987 -0.125000998
  endloop
 endfacet

 facet normal -6.73400677e-08 0 -1
  outer loop
  vertex 0 9.97357082 -0.125
  vertex -7.42500019 9.84857178 -0.124999501
  vertex -7.42500019 9.97357178 -0.124999501
  endloop
 endfacet

 facet normal -6.73400677e-08 0 -1
  outer loop
  vertex 14.8500004 9.97356987 -0.125000998
  vertex 7.42500019 9.84856987 -0.125000507
  vertex 7.42500019 9.97356987 -0.125000507
  endloop
 endfacet

 facet normal -6.73400677e-08 0 -1
  outer loop
  vertex 7.42500019 9.97356987 -0.125000507
  vertex 0 9.84857082 -0.125
  vertex 0 9.97357082 -0.125
  endloop
 endfacet

 facet normal 6.73400677e-08 1 0
  outer loop
  vertex 0 10.0985708 -0.125
  vertex -7.42500019 10.0985718 -0.249999493
  vertex -7.42500019 10.0985718 -0.124999501
  endloop
 endfacet

 facet normal 6.73400677e-08 1 0
  outer loop
  vertex -7.42500019 9.72357178 -0.124999501
  vertex -14.8500004 9.72357178 -0.249999002
  vertex -14.8500004 9.72357178 -0.124999002
  endloop
 endfacet

 facet normal -6.73400677e-08 0 -1
  outer loop
  vertex -7.42500019 9.97357178 -0.124999501
  vertex -14.8500004 9.84857178 -0.124999002
  vertex -14.8500004 9.97357178 -0.124999002
  endloop
 endfacet

 facet normal -6.73400677e-08 -1 0
  outer loop
  vertex 7.42500019 9.59856987 -0.125000507
  vertex 14.8500004 9.59856987 -0.250001013
  vertex 14.8500004 9.59856987 -0.125000998
  endloop
 endfacet

 facet normal 6.73400677e-08 1 0
  outer loop
  vertex 7.42500019 10.0985699 -0.125000507
  vertex 0 10.0985708 -0.25
  vertex 0 10.0985708 -0.125
  endloop
 endfacet

 facet normal -6.73400677e-08 -1 0
  outer loop
  vertex 0 9.97357082 -0.125
  vertex 7.42500019 9.97356987 -0.250000507
  vertex 7.42500019 9.97356987 -0.125000507
  endloop
 endfacet

 facet normal -6.73400677e-08 0 -1
  outer loop
  vertex -7.42500019 9.84857178 -0.124999501
  vertex -14.8500004 9.72357178 -0.124999002
  vertex -14.8500004 9.84857178 -0.124999002
  endloop
 endfacet

 facet normal -6.73400677e-08 0 -1
  outer loop
  vertex 0 9.84857082 -0.125
  vertex -7.42500019 9.72357178 -0.124999501
  vertex -7.42500019 9.84857178 -0.124999501
  endloop
 endfacet

 facet normal 1 0 0
  outer loop
  vertex 14.8500004 9.97356987 -0.125000998
  vertex 14.8500004 10.0985699 -0.250001013
  vertex 14.8500004 10.0985699 -0.125000998
  endloop
 endfacet

 facet normal -6.73400677e-08 0 -1
  outer loop
  vertex 7.42500019 9.84856987 -0.125000507
  vertex 0 9.72357082 -0.125
  vertex 0 9.84857082 -0.125
  endloop
 endfacet

 facet normal -6.73400677e-08 0 -1
  outer loop
  vertex 14.8500004 9.84856987 -0.125000998
  vertex 7.42500019 9.72356987 -0.125000507
  vertex 7.42500019 9.84856987 -0.125000507
  endloop
 endfacet

 facet normal -6.73400677e-08 0 -1
  outer loop
  vertex 14.8500004 9.72356987 -0.250001013
  vertex 7.42500019 9.59856987 -0.250000507
  vertex 7.42500019 9.72356987 -0.250000507
  endloop
 endfacet

 facet normal -6.73400677e-08 0 -1
  outer loop
  vertex 0 9.72357082 -0.25
  vertex -7.42500019 9.59857178 -0.249999493
  vertex -7.42500019 9.72357178 -0.249999493
  endloop
 endfacet

 facet normal -6.73400677e-08 0 -1
  outer loop
  vertex 7.42500019 10.0985699 -0.250000507
  vertex 0 9.97357082 -0.25
  vertex 0 10.0985708 -0.25
  endloop
 endfacet

 facet normal -6.73400677e-08 0 -1
  outer loop
  vertex 14.8500004 10.0985699 -0.250001013
  vertex 7.42500019 9.97356987 -0.250000507
  vertex 7.42500019 10.0985699 -0.250000507
  endloop
 endfacet

 facet normal -6.73400677e-08 0 -1
  outer loop
  vertex -7.42500019 10.0985718 -0.249999493
  vertex -14.8500004 9.97357178 -0.249999002
  vertex -14.8500004 10.0985718 -0.249999002
  endloop
 endfacet

 facet normal -6.73400677e-08 0 -1
  outer loop
  vertex 0 10.0985708 -0.25
  vertex -7.42500019 9.97357178 -0.249999493
  vertex -7.42500019 10.0985718 -0.249999493
  endloop
 endfacet

 facet normal -6.73400677e-08 0 -1
  outer loop
  vertex -7.42500019 9.72357178 -0.249999493
  vertex -14.8500004 9.59857178 -0.249999002
  vertex -14.8500004 9.72357178 -0.249999002
  endloop
 endfacet

 facet normal -6.73400677e-08 0 -1
  outer loop
  vertex 7.42500019 9.72356987 -0.250000507
  vertex 0 9.59857082 -0.25
  vertex 0 9.72357082 -0.25
  endloop
 endfacet

 facet normal 6.73400677e-08 1 0
  outer loop
  vertex -7.42500019 10.0985718 -0.124999501
  vertex -14.8500004 10.0985718 -0.249999002
  vertex -14.8500004 10.0985718 -0.124999002
  endloop
 endfacet

 facet normal -1 0 0
  outer loop
  vertex -14.8500004 10.0985718 -0.124999002
  vertex -14.8500004 9.97357178 -0.249999002
  vertex -14.8500004 9.97357178 -0.124999002
  endloop
 endfacet

 facet normal -6.73400677e-08 -1 0
  outer loop
  vertex 0 9.59857082 -0.125
  vertex 7.42500019 9.59856987 -0.250000507
  vertex 7.42500019 9.59856987 -0.125000507
  endloop
 endfacet

 facet normal 1 0 0
  outer loop
  vertex 14.8500004 9.59856987 -0.125000998
  vertex 14.8500004 9.72356987 -0.250001013
  vertex 14.8500004 9.72356987 -0.125000998
  endloop
 endfacet

 facet normal -6.73400677e-08 -1 0
  outer loop
  vertex -7.42500019 9.59857178 -0.124999501
  vertex 0 9.59857082 -0.25
  vertex 0 9.59857082 -0.125
  endloop
 endfacet

 facet normal -6.73400677e-08 -1 0
  outer loop
  vertex -14.8500004 9.97357178 -0.124999002
  vertex -7.42500019 9.97357178 -0.249999493
  vertex -7.42500019 9.97357178 -0.124999501
  endloop
 endfacet

 facet normal 6.73400677e-08 1 0
  outer loop
  vertex 7.42500019 9.72356987 -0.125000507
  vertex 0 9.72357082 -0.25
  vertex 0 9.72357082 -0.125
  endloop
 endfacet

 facet normal -6.73400677e-08 -1 0
  outer loop
  vertex -14.8500004 9.59857178 -0.124999002
  vertex -7.42500019 9.59857178 -0.249999493
  vertex -7.42500019 9.59857178 -0.124999501
  endloop
 endfacet

 facet normal 6.73400677e-08 1 0
  outer loop
  vertex 14.8500004 10.0985699 -0.125000998
  vertex 7.42500019 10.0985699 -0.250000507
  vertex 7.42500019 10.0985699 -0.125000507
  endloop
 endfacet

 facet normal -6.73400677e-08 -1 0
  outer loop
  vertex -7.42500019 9.97357178 -0.124999501
  vertex 0 9.97357082 -0.25
  vertex 0 9.97357082 -0.125
  endloop
 endfacet

 facet normal 6.73400677e-08 1 0
  outer loop
  vertex 14.8500004 9.72356987 -0.125000998
  vertex 7.42500019 9.72356987 -0.250000507
  vertex 7.42500019 9.72356987 -0.125000507
  endloop
 endfacet

 facet normal -1 0 0
  outer loop
  vertex -14.8500004 9.72357178 -0.124999002
  vertex -14.8500004 9.59857178 -0.249999002
  vertex -14.8500004 9.59857178 -0.124999002
  endloop
 endfacet

 facet normal -6.73400677e-08 -1 0
  outer loop
  vertex 14.8500004 9.59856987 0.124999002
  vertex 7.42500019 9.59856987 0.249999493
  vertex 7.42500019 9.59856987 0.124999501
  endloop
 endfacet

 facet normal 6.73400677e-08 0 1
  outer loop
  vertex 0 9.72357082 0.125
  vertex -7.42500019 9.84857178 0.125000507
  vertex -7.42500019 9.72357178 0.125000507
  endloop
 endfacet

 facet normal 6.73400677e-08 0 1
  outer loop
  vertex 14.8500004 9.72356987 0.124999002
  vertex 7.42500019 9.84856987 0.124999501
  vertex 7.42500019 9.72356987 0.124999501
  endloop
 endfacet

 facet normal 6.73400677e-08 0 1
  outer loop
  vertex 7.42500019 9.72356987 0.124999501
  vertex 0 9.84857082 0.125
  vertex 0 9.72357082 0.125
  endloop
 endfacet

 facet normal -6.73400677e-08 -1 0
  outer loop
  vertex -7.42500019 9.59857178 0.125000507
  vertex -14.8500004 9.59857178 0.250001013
  vertex -14.8500004 9.59857178 0.125000998
  endloop
 endfacet

 facet normal -6.73400677e-08 -1 0
  outer loop
  vertex 14.8500004 9.97356987 0.124999002
  vertex 7.42500019 9.97356987 0.249999493
  vertex 7.42500019 9.97356987 0.124999501
  endloop
 endfacet

 facet normal 6.73400677e-08 0 1
  outer loop
  vertex -7.42500019 9.72357178 0.125000507
  vertex -14.8500004 9.84857178 0.125000998
  vertex -14.8500004 9.72357178 0.125000998
  endloop
 endfacet

 facet normal -1 0 0
  outer loop
  vertex -14.8500004 9.59857178 0.125000998
  vertex -14.8500004 9.72357178 0.250001013
  vertex -14.8500004 9.72357178 0.125000998
  endloop
 endfacet

 facet normal 6.73400677e-08 1 0
  outer loop
  vertex -7.42500019 9.72357178 0.125000507
  vertex 0 9.72357082 0.25
  vertex 0 9.72357082 0.125
  endloop
 endfacet

 facet normal -1 0 0
  outer loop
  vertex -14.8500004 9.97357178 0.125000998
  vertex -14.8500004 10.0985718 0.250001013
  vertex -14.8500004 10.0985718 0.125000998
  endloop
 endfacet

 facet normal 6.73400677e-08 0 1
  outer loop
  vertex -7.42500019 9.84857178 0.125000507
  vertex -14.8500004 9.97357178 0.125000998
  vertex -14.8500004 9.84857178 0.125000998
  endloop
 endfacet

 facet normal 6.73400677e-08 0 1
  outer loop
  vertex 0 9.84857082 0.125
  vertex -7.42500019 9.97357178 0.125000507
  vertex -7.42500019 9.84857178 0.125000507
  endloop
 endfacet

 facet normal -6.73400677e-08 -1 0
  outer loop
  vertex 7.42500019 9.97356987 0.124999501
  vertex 0 9.97357082 0.25
  vertex 0 9.97357082 0.125
  endloop
 endfacet

 facet normal 6.73400677e-08 0 1
  outer loop
  vertex 7.42500019 9.84856987 0.124999501
  vertex 0 9.97357082 0.125
  vertex 0 9.84857082 0.125
  endloop
 endfacet

 facet normal 6.73400677e-08 0 1
  outer loop
  vertex 14.8500004 9.84856987 0.124999002
  vertex 7.42500019 9.97356987 0.124999501
  vertex 7.42500019 9.84856987 0.124999501
  endloop
 endfacet

 facet normal 6.73400677e-08 0 1
  outer loop
  vertex 14.8500004 9.97356987 0.249999002
  vertex 7.42500019 10.0985699 0.249999493
  vertex 7.42500019 9.97356987 0.249999493
  endloop
 endfacet

 facet normal 6.73400677e-08 0 1
  outer loop
  vertex 0 9.97357082 0.25
  vertex -7.42500019 10.0985718 0.250000507
  vertex -7.42500019 9.97357178 0.250000507
  endloop
 endfacet

 facet normal 6.73400677e-08 0 1
  outer loop
  vertex 7.42500019 9.59856987 0.249999493
  vertex 0 9.72357082 0.25
  vertex 0 9.59857082 0.25
  endloop
 endfacet

 facet normal 6.73400677e-08 0 1
  outer loop
  vertex 14.8500004 9.59856987 0.249999002
  vertex 7.42500019 9.72356987 0.249999493
  vertex 7.42500019 9.59856987 0.249999493
  endloop
 endfacet

 facet normal 6.73400677e-08 0 1
  outer loop
  vertex -7.42500019 9.59857178 0.250000507
  vertex -14.8500004 9.72357178 0.250001013
  vertex -14.8500004 9.59857178 0.250001013
  endloop
 endfacet

 facet normal 6.73400677e-08 0 1
  outer loop
  vertex 0 9.59857082 0.25
  vertex -7.42500019 9.72357178 0.250000507
  vertex -7.42500019 9.59857178 0.250000507
  endloop
 endfacet

 facet normal 6.73400677e-08 0 1
  outer loop
  vertex -7.42500019 9.97357178 0.250000507
  vertex -14.8500004 10.0985718 0.250001013
  vertex -14.8500004 9.97357178 0.250001013
  endloop
 endfacet

 facet normal 6.73400677e-08 0 1
  outer loop
  vertex 7.42500019 9.97356987 0.249999493
  vertex 0 10.0985708 0.25
  vertex 0 9.97357082 0.25
  endloop
 endfacet

 facet normal 6.73400677e-08 1 0
  outer loop
  vertex 0 9.72357082 0.125
  vertex 7.42500019 9.72356987 0.249999493
  vertex 7.42500019 9.72356987 0.124999501
  endloop
 endfacet

 facet normal 1 0 0
  outer loop
  vertex 14.8500004 10.0985699 0.124999002
  vertex 14.8500004 9.97356987 0.249999002
  vertex 14.8500004 9.97356987 0.124999002
  endloop
 endfacet

 facet normal 6.73400677e-08 1 0
  outer loop
  vertex 7.42500019 10.0985699 0.124999501
  vertex 14.8500004 10.0985699 0.249999002
  vertex 14.8500004 10.0985699 0.124999002
  endloop
 endfacet

 facet normal -6.73400677e-08 -1 0
  outer loop
  vertex -7.42500019 9.97357178 0.125000507
  vertex -14.8500004 9.97357178 0.250001013
  vertex -14.8500004 9.97357178 0.125000998
  endloop
 endfacet

 facet normal 6.73400677e-08 1 0
  outer loop
  vertex 7.42500019 9.72356987 0.124999501
  vertex 14.8500004 9.72356987 0.249999002
  vertex 14.8500004 9.72356987 0.124999002
  endloop
 endfacet

 facet normal 6.73400677e-08 1 0
  outer loop
  vertex -14.8500004 10.0985718 0.125000998
  vertex -7.42500019 10.0985718 0.250000507
  vertex -7.42500019 10.0985718 0.125000507
  endloop
 endfacet

 facet normal -6.73400677e-08 -1 0
  outer loop
  vertex 0 9.59857082 0.125
  vertex -7.42500019 9.59857178 0.250000507
  vertex -7.42500019 9.59857178 0.125000507
  endloop
 endfacet

 facet normal -6.73400677e-08 -1 0
  outer loop
  vertex 0 9.97357082 0.125
  vertex -7.42500019 9.97357178 0.250000507
  vertex -7.42500019 9.97357178 0.125000507
  endloop
 endfacet

 facet normal -6.73400677e-08 -1 0
  outer loop
  vertex 7.42500019 9.59856987 0.124999501
  vertex 0 9.59857082 0.25
  vertex 0 9.59857082 0.125
  endloop
 endfacet

 facet normal 6.73400677e-08 1 0
  outer loop
  vertex 0 10.0985708 0.125
  vertex 7.42500019 10.0985699 0.249999493
  vertex 7.42500019 10.0985699 0.124999501
  endloop
 endfacet

 facet normal 6.73400677e-08 1 0
  outer loop
  vertex -7.42500019 10.0985718 0.125000507
  vertex 0 10.0985708 0.25
  vertex 0 10.0985708 0.125
  endloop
 endfacet

 facet normal 6.73400677e-08 1 0
  outer loop
  vertex -14.8500004 9.72357178 0.125000998
  vertex -7.42500019 9.72357178 0.250000507
  vertex -7.42500019 9.72357178 0.125000507
  endloop
 endfacet

 facet normal 6.73400677e-08 1 0
  outer loop
  vertex 7.30124903 9.59856987 0.124999881
  vertex 7.17749977 9.59856987 0.249999911
  vertex 7.30124903 9.59856987 0.249999896
  endloop
 endfacet

 facet normal -6.73400677e-08 0 -1
  outer loop
  vertex 7.30125093 7.22357035 -0.250000119
  vertex 7.30124903 9.59856987 -0.250000119
  vertex 7.54874992 9.59856987 -0.250000149
  endloop
 endfacet

 facet normal 5.3072398e-08 0 -1
  outer loop
  vertex 7.54874992 4.84857035 0.124999866
  vertex 7.67250061 2.47357035 0.124999858
  vertex 7.54874992 2.47357035 0.124999866
  endloop
 endfacet

 facet normal 6.73400677e-08 0 1
  outer loop
  vertex 7.54874992 9.59856987 0.249999881
  vertex 7.30124903 9.59856987 0.249999896
  vertex 7.30124903 7.22357035 0.249999896
  endloop
 endfacet

 facet normal -6.73400677e-08 -1 0
  outer loop
  vertex 7.54874992 0.09856987 0.124999866
  vertex 7.54874992 0.09856987 0.249999881
  vertex 7.30125093 0.09856987 0.249999896
  endloop
 endfacet

 facet normal 6.73400677e-08 1 0
  outer loop
  vertex 7.30124903 9.59856987 0.124999881
  vertex 7.30124903 9.59856987 0.249999896
  vertex 7.54874992 9.59856987 0.249999881
  endloop
 endfacet

 facet normal 6.73400677e-08 0 1
  outer loop
  vertex 7.54874992 7.22357035 -0.125000179
  vertex 7.67250061 9.59856987 -0.125000179
  vertex 7.54874992 9.59856987 -0.125000179
  endloop
 endfacet

 facet normal 1 0 0
  outer loop
  vertex 7.54874992 4.84857035 -0.125000179
  vertex 7.54874992 2.47357035 -1.75034558e-07
  vertex 7.54874992 2.47357035 -0.125000179
  endloop
 endfacet

 facet normal 1 0 0
  outer loop
  vertex 7.54874992 9.59856987 -0.125000179
  vertex 7.54874992 7.22357035 -1.75034558e-07
  vertex 7.54874992 7.22357035 -0.125000179
  endloop
 endfacet

 facet normal 1 0 0
  outer loop
  vertex 7.54874992 7.22357035 -0.125000179
  vertex 7.54874992 4.84857035 -1.75034558e-07
  vertex 7.54874992 4.84857035 -0.125000179
  endloop
 endfacet

 facet normal 5.3072398e-08 0 -1
  outer loop
  vertex 7.54874992 4.84857035 -0.250000149
  vertex 7.67250061 2.47357035 -0.250000149
  vertex 7.54874992 2.47357035 -0.250000149
  endloop
 endfacet

 facet normal 5.3072398e-08 0 -1
  outer loop
  vertex 7.54874992 2.47357035 0.124999866
  vertex 7.67250061 0.09856987 0.124999858
  vertex 7.54874992 0.09856987 0.124999866
  endloop
 endfacet

 facet normal 1 0 0
  outer loop
  vertex 7.54874992 2.47357035 -0.125000179
  vertex 7.54874992 0.09856987 -1.75034558e-07
  vertex 7.54874992 0.09856987 -0.125000179
  endloop
 endfacet

 facet normal 6.73400677e-08 0 1
  outer loop
  vertex 7.54874992 7.22357035 0.249999881
  vertex 7.67250061 9.59856987 0.249999866
  vertex 7.54874992 9.59856987 0.249999881
  endloop
 endfacet

 facet normal 5.3072398e-08 0 -1
  outer loop
  vertex 7.54874992 7.22357035 -0.250000149
  vertex 7.67250061 4.84857035 -0.250000149
  vertex 7.54874992 4.84857035 -0.250000149
  endloop
 endfacet

 facet normal 6.73400677e-08 0 1
  outer loop
  vertex 7.54874992 4.84857035 -0.125000179
  vertex 7.67250061 7.22357035 -0.125000179
  vertex 7.54874992 7.22357035 -0.125000179
  endloop
 endfacet

 facet normal 1 0 0
  outer loop
  vertex 7.54874992 2.47357035 -1.75034558e-07
  vertex 7.54874992 0.09856987 0.124999866
  vertex 7.54874992 0.09856987 -1.75034558e-07
  endloop
 endfacet

 facet normal 1 0 0
  outer loop
  vertex 7.54874992 4.84857035 -1.75034558e-07
  vertex 7.54874992 2.47357035 0.124999866
  vertex 7.54874992 2.47357035 -1.75034558e-07
  endloop
 endfacet

 facet normal 6.73400677e-08 1 0
  outer loop
  vertex 7.54874992 9.59856987 -0.125000179
  vertex 7.67250061 9.59856987 -0.250000149
  vertex 7.54874992 9.59856987 -0.250000149
  endloop
 endfacet

 facet normal 1 0 0
  outer loop
  vertex 7.54874992 7.22357035 -1.75034558e-07
  vertex 7.54874992 4.84857035 0.124999866
  vertex 7.54874992 4.84857035 -1.75034558e-07
  endloop
 endfacet

 facet normal 1 0 0
  outer loop
  vertex 7.54874992 9.59856987 -1.75034558e-07
  vertex 7.54874992 7.22357035 0.124999866
  vertex 7.54874992 7.22357035 -1.75034558e-07
  endloop
 endfacet

 facet normal 1 0 0
  outer loop
  vertex 7.67250061 9.59856987 0.124999858
  vertex 7.67250061 7.22357035 0.249999866
  vertex 7.67250061 7.22357035 0.124999858
  endloop
 endfacet

 facet normal 1 0 0
  outer loop
  vertex 7.67250061 4.84857035 0.124999858
  vertex 7.67250061 2.47357035 0.249999866
  vertex 7.67250061 2.47357035 0.124999858
  endloop
 endfacet

 facet normal 1 0 0
  outer loop
  vertex 7.67250061 7.22357035 -0.250000149
  vertex 7.67250061 4.84857035 -0.125000179
  vertex 7.67250061 4.84857035 -0.250000149
  endloop
 endfacet

 facet normal 1 0 0
  outer loop
  vertex 7.67250061 9.59856987 -0.250000149
  vertex 7.67250061 7.22357035 -0.125000179
  vertex 7.67250061 7.22357035 -0.250000149
  endloop
 endfacet

 facet normal 1 0 0
  outer loop
  vertex 7.67250061 2.47357035 -0.250000149
  vertex 7.67250061 0.09856987 -0.125000179
  vertex 7.67250061 0.09856987 -0.250000149
  endloop
 endfacet

 facet normal 1 0 0
  outer loop
  vertex 7.67250061 4.84857035 -0.250000149
  vertex 7.67250061 2.47357035 -0.125000179
  vertex 7.67250061 2.47357035 -0.250000149
  endloop
 endfacet

 facet normal 1 0 0
  outer loop
  vertex 7.67250061 2.47357035 0.124999858
  vertex 7.67250061 0.09856987 0.249999866
  vertex 7.67250061 0.09856987 0.124999858
  endloop
 endfacet

 facet normal 1 0 0
  outer loop
  vertex 7.67250061 7.22357035 0.124999858
  vertex 7.67250061 4.84857035 0.249999866
  vertex 7.67250061 4.84857035 0.124999858
  endloop
 endfacet

 facet normal 5.3072398e-08 0 -1
  outer loop
  vertex 7.54874992 2.47357035 -0.250000149
  vertex 7.67250061 0.09856987 -0.250000149
  vertex 7.54874992 0.09856987 -0.250000149
  endloop
 endfacet

 facet normal -6.73400677e-08 -1 0
  outer loop
  vertex 7.54874992 0.09856987 -0.125000179
  vertex 7.67250061 0.09856987 -0.250000149
  vertex 7.67250061 0.09856987 -0.125000179
  endloop
 endfacet

 facet normal 6.73400677e-08 0 1
  outer loop
  vertex 7.54874992 4.84857035 0.249999881
  vertex 7.67250061 7.22357035 0.249999866
  vertex 7.54874992 7.22357035 0.249999881
  endloop
 endfacet

 facet normal 6.73400677e-08 1 0
  outer loop
  vertex 7.54874992 9.59856987 0.249999881
  vertex 7.67250061 9.59856987 0.124999858
  vertex 7.54874992 9.59856987 0.124999866
  endloop
 endfacet

 facet normal 6.73400677e-08 0 1
  outer loop
  vertex 7.54874992 2.47357035 0.249999881
  vertex 7.67250061 4.84857035 0.249999866
  vertex 7.54874992 4.84857035 0.249999881
  endloop
 endfacet

 facet normal 6.73400677e-08 0 1
  outer loop
  vertex 7.54874992 0.09856987 -0.125000179
  vertex 7.67250061 2.47357035 -0.125000179
  vertex 7.54874992 2.47357035 -0.125000179
  endloop
 endfacet

 facet normal 5.3072398e-08 0 -1
  outer loop
  vertex 7.54874992 7.22357035 0.124999866
  vertex 7.67250061 4.84857035 0.124999858
  vertex 7.54874992 4.84857035 0.124999866
  endloop
 endfacet

 facet normal 6.73400677e-08 0 1
  outer loop
  vertex 7.54874992 0.09856987 0.249999881
  vertex 7.67250061 2.47357035 0.249999866
  vertex 7.54874992 2.47357035 0.249999881
  endloop
 endfacet

 facet normal 5.3072398e-08 0 -1
  outer loop
  vertex 7.54874992 9.59856987 -0.250000149
  vertex 7.67250061 7.22357035 -0.250000149
  vertex 7.54874992 7.22357035 -0.250000149
  endloop
 endfacet

 facet normal 6.73400677e-08 0 1
  outer loop
  vertex 7.54874992 2.47357035 -0.125000179
  vertex 7.67250061 4.84857035 -0.125000179
  vertex 7.54874992 4.84857035 -0.125000179
  endloop
 endfacet

 facet normal 5.3072398e-08 0 -1
  outer loop
  vertex 7.54874992 9.59856987 0.124999866
  vertex 7.67250061 7.22357035 0.124999858
  vertex 7.54874992 7.22357035 0.124999866
  endloop
 endfacet

 facet normal -6.73400677e-08 -1 0
  outer loop
  vertex 7.54874992 0.09856987 0.249999881
  vertex 7.67250061 0.09856987 0.124999858
  vertex 7.67250061 0.09856987 0.249999866
  endloop
 endfacet

 facet normal 6.73400677e-08 0 1
  outer loop
  vertex 7.30124903 9.59856987 0.249999896
  vertex 7.17749977 7.22357035 0.249999911
  vertex 7.30124903 7.22357035 0.249999896
  endloop
 endfacet

 facet normal -1 0 0
  outer loop
  vertex 7.30125093 4.84857035 0.124999881
  vertex 7.30125093 2.47357035 -1.69295447e-07
  vertex 7.30125093 2.47357035 0.124999881
  endloop
 endfacet

 facet normal -1 0 0
  outer loop
  vertex 7.30124903 9.59856987 0.124999881
  vertex 7.30125093 7.22357035 -1.69295447e-07
  vertex 7.30125093 7.22357035 0.124999881
  endloop
 endfacet

 facet normal -1 0 0
  outer loop
  vertex 7.30125093 7.22357035 0.124999881
  vertex 7.30125093 4.84857035 -1.69295447e-07
  vertex 7.30125093 4.84857035 0.124999881
  endloop
 endfacet

 facet normal 6.73400677e-08 0 1
  outer loop
  vertex 7.30125093 2.47357035 0.249999896
  vertex 7.1775012 0.09856987 0.249999911
  vertex 7.30125093 0.09856987 0.249999896
  endloop
 endfacet

 facet normal -5.3072398e-08 0 1
  outer loop
  vertex 7.30124903 9.59856987 -0.125000164
  vertex 7.17749977 7.22357035 -0.125000164
  vertex 7.30125093 7.22357035 -0.125000164
  endloop
 endfacet

 facet normal -1 0 0
  outer loop
  vertex 7.30125093 2.47357035 0.124999881
  vertex 7.30125093 0.09856987 -1.69295447e-07
  vertex 7.30125093 0.09856987 0.124999881
  endloop
 endfacet

 facet normal -6.73400677e-08 -1 0
  outer loop
  vertex 7.30125093 0.09856987 0.249999896
  vertex 7.1775012 0.09856987 0.124999888
  vertex 7.30125093 0.09856987 0.124999881
  endloop
 endfacet

 facet normal -6.73400677e-08 0 -1
  outer loop
  vertex 7.30125093 2.47357035 0.124999881
  vertex 7.17749977 4.84857035 0.124999888
  vertex 7.30125093 4.84857035 0.124999881
  endloop
 endfacet

 facet normal -6.73400677e-08 -1 0
  outer loop
  vertex 7.30125093 0.09856987 -0.250000119
  vertex 7.1775012 0.09856987 -0.125000164
  vertex 7.1775012 0.09856987 -0.250000119
  endloop
 endfacet

 facet normal -1 0 0
  outer loop
  vertex 7.30125093 2.47357035 -1.69295447e-07
  vertex 7.30125093 0.09856987 -0.125000164
  vertex 7.30125093 0.09856987 -1.69295447e-07
  endloop
 endfacet

 facet normal -1 0 0
  outer loop
  vertex 7.30125093 4.84857035 -1.69295447e-07
  vertex 7.30125093 2.47357035 -0.125000164
  vertex 7.30125093 2.47357035 -1.69295447e-07
  endloop
 endfacet

 facet normal -5.3072398e-08 0 1
  outer loop
  vertex 7.30125093 7.22357035 -0.125000164
  vertex 7.17749977 4.84857035 -0.125000164
  vertex 7.30125093 4.84857035 -0.125000164
  endloop
 endfacet

 facet normal -1 0 0
  outer loop
  vertex 7.30125093 7.22357035 -1.69295447e-07
  vertex 7.30125093 4.84857035 -0.125000164
  vertex 7.30125093 4.84857035 -1.69295447e-07
  endloop
 endfacet

 facet normal -1 0 0
  outer loop
  vertex 7.30124903 9.59856987 -1.69295333e-07
  vertex 7.30125093 7.22357035 -0.125000164
  vertex 7.30125093 7.22357035 -1.69295447e-07
  endloop
 endfacet

 facet normal -1 0 0
  outer loop
  vertex 7.17749977 9.59856987 -0.125000164
  vertex 7.17749977 7.22357035 -0.250000119
  vertex 7.17749977 7.22357035 -0.125000164
  endloop
 endfacet

 facet normal -1 0 0
  outer loop
  vertex 7.17749977 4.84857035 -0.125000164
  vertex 7.1775012 2.47357035 -0.250000119
  vertex 7.1775012 2.47357035 -0.125000164
  endloop
 endfacet

 facet normal -1 0 0
  outer loop
  vertex 7.17749977 7.22357035 0.249999911
  vertex 7.17749977 4.84857035 0.124999888
  vertex 7.17749977 4.84857035 0.249999911
  endloop
 endfacet

 facet normal -1 0 0
  outer loop
  vertex 7.17749977 9.59856987 0.249999911
  vertex 7.17749977 7.22357035 0.124999888
  vertex 7.17749977 7.22357035 0.249999911
  endloop
 endfacet

 facet normal -1 0 0
  outer loop
  vertex 7.1775012 2.47357035 0.249999911
  vertex 7.1775012 0.09856987 0.124999888
  vertex 7.1775012 0.09856987 0.249999911
  endloop
 endfacet

 facet normal -1 0 0
  outer loop
  vertex 7.17749977 4.84857035 0.249999911
  vertex 7.1775012 2.47357035 0.124999888
  vertex 7.1775012 2.47357035 0.249999911
  endloop
 endfacet

 facet normal -1 0 0
  outer loop
  vertex 7.1775012 2.47357035 -0.125000164
  vertex 7.1775012 0.09856987 -0.250000119
  vertex 7.1775012 0.09856987 -0.125000164
  endloop
 endfacet

 facet normal -1 0 0
  outer loop
  vertex 7.17749977 7.22357035 -0.125000164
  vertex 7.17749977 4.84857035 -0.250000119
  vertex 7.17749977 4.84857035 -0.125000164
  endloop
 endfacet

 facet normal -6.73400677e-08 0 -1
  outer loop
  vertex 7.30125093 4.84857035 0.124999881
  vertex 7.17749977 7.22357035 0.124999888
  vertex 7.30125093 7.22357035 0.124999881
  endloop
 endfacet

 facet normal 6.73400677e-08 1 0
  outer loop
  vertex 7.30124903 9.59856987 -0.250000119
  vertex 7.17749977 9.59856987 -0.125000164
  vertex 7.30124903 9.59856987 -0.125000164
  endloop
 endfacet

 facet normal -6.73400677e-08 0 -1
  outer loop
  vertex 7.30125093 7.22357035 -0.250000119
  vertex 7.17749977 9.59856987 -0.250000119
  vertex 7.30124903 9.59856987 -0.250000119
  endloop
 endfacet

 facet normal -5.3072398e-08 0 1
  outer loop
  vertex 7.30125093 2.47357035 -0.125000164
  vertex 7.1775012 0.09856987 -0.125000164
  vertex 7.30125093 0.09856987 -0.125000164
  endloop
 endfacet

 facet normal -6.73400677e-08 0 -1
  outer loop
  vertex 7.30125093 7.22357035 0.124999881
  vertex 7.17749977 9.59856987 0.124999888
  vertex 7.30124903 9.59856987 0.124999881
  endloop
 endfacet

 facet normal -6.73400677e-08 0 -1
  outer loop
  vertex 7.30125093 0.09856987 -0.250000119
  vertex 7.1775012 2.47357035 -0.250000119
  vertex 7.30125093 2.47357035 -0.250000119
  endloop
 endfacet

 facet normal 6.73400677e-08 0 1
  outer loop
  vertex 7.30125093 4.84857035 0.249999896
  vertex 7.1775012 2.47357035 0.249999911
  vertex 7.30125093 2.47357035 0.249999896
  endloop
 endfacet

 facet normal -5.3072398e-08 0 1
  outer loop
  vertex 7.30125093 4.84857035 -0.125000164
  vertex 7.1775012 2.47357035 -0.125000164
  vertex 7.30125093 2.47357035 -0.125000164
  endloop
 endfacet

 facet normal 6.73400677e-08 0 1
  outer loop
  vertex 7.30124903 7.22357035 0.249999896
  vertex 7.17749977 4.84857035 0.249999911
  vertex 7.30125093 4.84857035 0.249999896
  endloop
 endfacet

 facet normal -6.73400677e-08 0 -1
  outer loop
  vertex 7.30125093 4.84857035 -0.250000119
  vertex 7.17749977 7.22357035 -0.250000119
  vertex 7.30125093 7.22357035 -0.250000119
  endloop
 endfacet

 facet normal -6.73400677e-08 0 -1
  outer loop
  vertex 7.30125093 2.47357035 -0.250000119
  vertex 7.17749977 4.84857035 -0.250000119
  vertex 7.30125093 4.84857035 -0.250000119
  endloop
 endfacet

 facet normal -6.73400677e-08 0 -1
  outer loop
  vertex 7.30125093 0.09856987 0.124999881
  vertex 7.1775012 2.47357035 0.124999888
  vertex 7.30125093 2.47357035 0.124999881
  endloop
 endfacet

 facet normal 6.73400677e-08 1 0
  outer loop
  vertex -7.54874992 9.59856987 0.125000179
  vertex -7.67250061 9.59856987 0.250000149
  vertex -7.54874992 9.59856987 0.250000149
  endloop
 endfacet

 facet normal -6.73400677e-08 0 -1
  outer loop
  vertex -7.54874992 9.59856987 -0.249999881
  vertex -7.30125093 9.59856987 -0.249999896
  vertex -7.30125093 7.22356892 -0.249999896
  endloop
 endfacet

 facet normal 5.3072398e-08 0 -1
  outer loop
  vertex -7.30125093 4.84856892 0.125000164
  vertex -7.17749977 2.47356892 0.125000164
  vertex -7.30125093 2.47356892 0.125000164
  endloop
 endfacet

 facet normal 6.73400677e-08 0 1
  outer loop
  vertex -7.30125093 7.22356892 0.250000119
  vertex -7.54874992 9.59856987 0.250000149
  vertex -7.54874992 7.22356892 0.250000149
  endloop
 endfacet

 facet normal -6.73400677e-08 -1 0
  outer loop
  vertex -7.30124903 0.0985689163 0.125000164
  vertex -7.30124903 0.0985689163 0.250000119
  vertex -7.54874992 0.0985689163 0.250000149
  endloop
 endfacet

 facet normal 6.73400677e-08 1 0
  outer loop
  vertex -7.54874992 9.59856987 0.125000179
  vertex -7.54874992 9.59856987 0.250000149
  vertex -7.30125093 9.59856987 0.250000119
  endloop
 endfacet

 facet normal 6.73400677e-08 0 1
  outer loop
  vertex -7.30125093 7.22356892 -0.124999881
  vertex -7.1775012 9.59856987 -0.124999888
  vertex -7.30125093 9.59856987 -0.124999881
  endloop
 endfacet

 facet normal 1 0 0
  outer loop
  vertex -7.30125093 4.84856892 -0.124999881
  vertex -7.30125093 2.47356892 1.69295447e-07
  vertex -7.30125093 2.47356892 -0.124999881
  endloop
 endfacet

 facet normal 1 0 0
  outer loop
  vertex -7.30125093 9.59856987 -0.124999881
  vertex -7.30125093 7.22356892 1.69295447e-07
  vertex -7.30125093 7.22356892 -0.124999881
  endloop
 endfacet

 facet normal 1 0 0
  outer loop
  vertex -7.30125093 7.22356892 -0.124999881
  vertex -7.30125093 4.84856892 1.69295447e-07
  vertex -7.30125093 4.84856892 -0.124999881
  endloop
 endfacet

 facet normal -6.73400677e-08 0 -1
  outer loop
  vertex -7.30125093 4.84856892 -0.249999896
  vertex -7.17749977 2.47356892 -0.249999911
  vertex -7.30124903 2.47356892 -0.249999896
  endloop
 endfacet

 facet normal 5.3072398e-08 0 -1
  outer loop
  vertex -7.30125093 2.47356892 0.125000164
  vertex -7.17749977 0.0985689163 0.125000164
  vertex -7.30124903 0.0985689163 0.125000164
  endloop
 endfacet

 facet normal 1 0 0
  outer loop
  vertex -7.30125093 2.47356892 -0.124999881
  vertex -7.30124903 0.0985689163 1.69295333e-07
  vertex -7.30124903 0.0985689163 -0.124999881
  endloop
 endfacet

 facet normal 6.73400677e-08 0 1
  outer loop
  vertex -7.30125093 7.22356892 0.250000119
  vertex -7.1775012 9.59856987 0.250000119
  vertex -7.30125093 9.59856987 0.250000119
  endloop
 endfacet

 facet normal -6.73400677e-08 0 -1
  outer loop
  vertex -7.30125093 7.22356892 -0.249999896
  vertex -7.17749977 4.84856892 -0.249999911
  vertex -7.30125093 4.84856892 -0.249999896
  endloop
 endfacet

 facet normal 6.73400677e-08 0 1
  outer loop
  vertex -7.30125093 4.84856892 -0.124999881
  vertex -7.1775012 7.22356892 -0.124999888
  vertex -7.30125093 7.22356892 -0.124999881
  endloop
 endfacet

 facet normal 1 0 0
  outer loop
  vertex -7.30125093 2.47356892 1.69295447e-07
  vertex -7.30124903 0.0985689163 0.125000164
  vertex -7.30124903 0.0985689163 1.69295333e-07
  endloop
 endfacet

 facet normal 1 0 0
  outer loop
  vertex -7.30125093 4.84856892 1.69295447e-07
  vertex -7.30125093 2.47356892 0.125000164
  vertex -7.30125093 2.47356892 1.69295447e-07
  endloop
 endfacet

 facet normal 6.73400677e-08 1 0
  outer loop
  vertex -7.30125093 9.59856987 -0.124999881
  vertex -7.1775012 9.59856987 -0.249999911
  vertex -7.30125093 9.59856987 -0.249999896
  endloop
 endfacet

 facet normal 1 0 0
  outer loop
  vertex -7.30125093 7.22356892 1.69295447e-07
  vertex -7.30125093 4.84856892 0.125000164
  vertex -7.30125093 4.84856892 1.69295447e-07
  endloop
 endfacet

 facet normal 1 0 0
  outer loop
  vertex -7.30125093 9.59856987 1.69295447e-07
  vertex -7.30125093 7.22356892 0.125000164
  vertex -7.30125093 7.22356892 1.69295447e-07
  endloop
 endfacet

 facet normal 1 0 0
  outer loop
  vertex -7.1775012 9.59856987 0.125000164
  vertex -7.1775012 7.22356892 0.250000119
  vertex -7.1775012 7.22356892 0.125000164
  endloop
 endfacet

 facet normal 1 0 0
  outer loop
  vertex -7.17749977 4.84856892 0.125000164
  vertex -7.17749977 2.47356892 0.250000119
  vertex -7.17749977 2.47356892 0.125000164
  endloop
 endfacet

 facet normal 1 0 0
  outer loop
  vertex -7.1775012 7.22356892 -0.249999911
  vertex -7.17749977 4.84856892 -0.124999888
  vertex -7.17749977 4.84856892 -0.249999911
  endloop
 endfacet

 facet normal 1 0 0
  outer loop
  vertex -7.1775012 9.59856987 -0.249999911
  vertex -7.1775012 7.22356892 -0.124999888
  vertex -7.1775012 7.22356892 -0.249999911
  endloop
 endfacet

 facet normal 1 0 0
  outer loop
  vertex -7.17749977 2.47356892 -0.249999911
  vertex -7.17749977 0.0985689163 -0.124999888
  vertex -7.17749977 0.0985689163 -0.249999911
  endloop
 endfacet

 facet normal 1 0 0
  outer loop
  vertex -7.17749977 4.84856892 -0.249999911
  vertex -7.17749977 2.47356892 -0.124999888
  vertex -7.17749977 2.47356892 -0.249999911
  endloop
 endfacet

 facet normal 1 0 0
  outer loop
  vertex -7.17749977 2.47356892 0.125000164
  vertex -7.17749977 0.0985689163 0.250000119
  vertex -7.17749977 0.0985689163 0.125000164
  endloop
 endfacet

 facet normal 1 0 0
  outer loop
  vertex -7.1775012 7.22356892 0.125000164
  vertex -7.17749977 4.84856892 0.250000119
  vertex -7.17749977 4.84856892 0.125000164
  endloop
 endfacet

 facet normal -6.73400677e-08 0 -1
  outer loop
  vertex -7.30124903 2.47356892 -0.249999896
  vertex -7.17749977 0.0985689163 -0.249999911
  vertex -7.30124903 0.0985689163 -0.249999896
  endloop
 endfacet

 facet normal -6.73400677e-08 -1 0
  outer loop
  vertex -7.30124903 0.0985689163 -0.249999896
  vertex -7.17749977 0.0985689163 -0.124999888
  vertex -7.30124903 0.0985689163 -0.124999881
  endloop
 endfacet

 facet normal 6.73400677e-08 0 1
  outer loop
  vertex -7.30125093 4.84856892 0.250000119
  vertex -7.1775012 7.22356892 0.250000119
  vertex -7.30125093 7.22356892 0.250000119
  endloop
 endfacet

 facet normal 6.73400677e-08 1 0
  outer loop
  vertex -7.30125093 9.59856987 0.250000119
  vertex -7.1775012 9.59856987 0.125000164
  vertex -7.30125093 9.59856987 0.125000164
  endloop
 endfacet

 facet normal 6.73400677e-08 0 1
  outer loop
  vertex -7.30125093 2.47356892 0.250000119
  vertex -7.17749977 4.84856892 0.250000119
  vertex -7.30125093 4.84856892 0.250000119
  endloop
 endfacet

 facet normal 6.73400677e-08 0 1
  outer loop
  vertex -7.30124903 0.0985689163 -0.124999881
  vertex -7.17749977 2.47356892 -0.124999888
  vertex -7.30125093 2.47356892 -0.124999881
  endloop
 endfacet

 facet normal 5.3072398e-08 0 -1
  outer loop
  vertex -7.30125093 7.22356892 0.125000164
  vertex -7.17749977 4.84856892 0.125000164
  vertex -7.30125093 4.84856892 0.125000164
  endloop
 endfacet

 facet normal 6.73400677e-08 0 1
  outer loop
  vertex -7.30124903 0.0985689163 0.250000119
  vertex -7.17749977 2.47356892 0.250000119
  vertex -7.30125093 2.47356892 0.250000119
  endloop
 endfacet

 facet normal -6.73400677e-08 0 -1
  outer loop
  vertex -7.30125093 9.59856987 -0.249999896
  vertex -7.1775012 7.22356892 -0.249999911
  vertex -7.30125093 7.22356892 -0.249999896
  endloop
 endfacet

 facet normal 6.73400677e-08 0 1
  outer loop
  vertex -7.30125093 2.47356892 -0.124999881
  vertex -7.17749977 4.84856892 -0.124999888
  vertex -7.30125093 4.84856892 -0.124999881
  endloop
 endfacet

 facet normal 5.3072398e-08 0 -1
  outer loop
  vertex -7.30125093 9.59856987 0.125000164
  vertex -7.1775012 7.22356892 0.125000164
  vertex -7.30125093 7.22356892 0.125000164
  endloop
 endfacet

 facet normal -6.73400677e-08 -1 0
  outer loop
  vertex -7.30124903 0.0985689163 0.250000119
  vertex -7.17749977 0.0985689163 0.125000164
  vertex -7.17749977 0.0985689163 0.250000119
  endloop
 endfacet

 facet normal -5.3072398e-08 0 1
  outer loop
  vertex -7.54874992 9.59856987 0.250000149
  vertex -7.67250061 7.22356892 0.250000149
  vertex -7.54874992 7.22356892 0.250000149
  endloop
 endfacet

 facet normal -1 0 0
  outer loop
  vertex -7.54874992 4.84856892 0.125000179
  vertex -7.54874992 2.47356892 1.75034558e-07
  vertex -7.54874992 2.47356892 0.125000179
  endloop
 endfacet

 facet normal -1 0 0
  outer loop
  vertex -7.54874992 9.59856987 0.125000179
  vertex -7.54874992 7.22356892 1.75034558e-07
  vertex -7.54874992 7.22356892 0.125000179
  endloop
 endfacet

 facet normal -1 0 0
  outer loop
  vertex -7.54874992 7.22356892 0.125000179
  vertex -7.54874992 4.84856892 1.75034558e-07
  vertex -7.54874992 4.84856892 0.125000179
  endloop
 endfacet

 facet normal -5.3072398e-08 0 1
  outer loop
  vertex -7.54874992 2.47356892 0.250000149
  vertex -7.67250061 0.0985689163 0.250000149
  vertex -7.54874992 0.0985689163 0.250000149
  endloop
 endfacet

 facet normal -5.3072398e-08 0 1
  outer loop
  vertex -7.54874992 9.59856987 -0.124999866
  vertex -7.67250061 7.22356892 -0.124999858
  vertex -7.54874992 7.22356892 -0.124999866
  endloop
 endfacet

 facet normal -1 0 0
  outer loop
  vertex -7.54874992 2.47356892 0.125000179
  vertex -7.54874992 0.0985689163 1.75034558e-07
  vertex -7.54874992 0.0985689163 0.125000179
  endloop
 endfacet

 facet normal -6.73400677e-08 -1 0
  outer loop
  vertex -7.54874992 0.0985689163 0.125000179
  vertex -7.67250061 0.0985689163 0.250000149
  vertex -7.67250061 0.0985689163 0.125000179
  endloop
 endfacet

 facet normal -6.73400677e-08 0 -1
  outer loop
  vertex -7.54874992 2.47356892 0.125000179
  vertex -7.67250061 4.84856892 0.125000179
  vertex -7.54874992 4.84856892 0.125000179
  endloop
 endfacet

 facet normal -6.73400677e-08 -1 0
  outer loop
  vertex -7.54874992 0.0985689163 -0.249999881
  vertex -7.67250061 0.0985689163 -0.124999858
  vertex -7.67250061 0.0985689163 -0.249999866
  endloop
 endfacet

 facet normal -1 0 0
  outer loop
  vertex -7.54874992 2.47356892 1.75034558e-07
  vertex -7.54874992 0.0985689163 -0.124999866
  vertex -7.54874992 0.0985689163 1.75034558e-07
  endloop
 endfacet

 facet normal -1 0 0
  outer loop
  vertex -7.54874992 4.84856892 1.75034558e-07
  vertex -7.54874992 2.47356892 -0.124999866
  vertex -7.54874992 2.47356892 1.75034558e-07
  endloop
 endfacet

 facet normal -5.3072398e-08 0 1
  outer loop
  vertex -7.54874992 7.22356892 -0.124999866
  vertex -7.67250061 4.84856892 -0.124999858
  vertex -7.54874992 4.84856892 -0.124999866
  endloop
 endfacet

 facet normal -1 0 0
  outer loop
  vertex -7.54874992 7.22356892 1.75034558e-07
  vertex -7.54874992 4.84856892 -0.124999866
  vertex -7.54874992 4.84856892 1.75034558e-07
  endloop
 endfacet

 facet normal -1 0 0
  outer loop
  vertex -7.54874992 9.59856987 1.75034558e-07
  vertex -7.54874992 7.22356892 -0.124999866
  vertex -7.54874992 7.22356892 1.75034558e-07
  endloop
 endfacet

 facet normal -1 0 0
  outer loop
  vertex -7.67250061 9.59856987 -0.124999858
  vertex -7.67250061 7.22356892 -0.249999866
  vertex -7.67250061 7.22356892 -0.124999858
  endloop
 endfacet

 facet normal -1 0 0
  outer loop
  vertex -7.67250061 4.84856892 -0.124999858
  vertex -7.67250061 2.47356892 -0.249999866
  vertex -7.67250061 2.47356892 -0.124999858
  endloop
 endfacet

 facet normal -1 0 0
  outer loop
  vertex -7.67250061 7.22356892 0.250000149
  vertex -7.67250061 4.84856892 0.125000179
  vertex -7.67250061 4.84856892 0.250000149
  endloop
 endfacet

 facet normal -1 0 0
  outer loop
  vertex -7.67250061 9.59856987 0.250000149
  vertex -7.67250061 7.22356892 0.125000179
  vertex -7.67250061 7.22356892 0.250000149
  endloop
 endfacet

 facet normal -1 0 0
  outer loop
  vertex -7.67250061 2.47356892 0.250000149
  vertex -7.67250061 0.0985689163 0.125000179
  vertex -7.67250061 0.0985689163 0.250000149
  endloop
 endfacet

 facet normal -1 0 0
  outer loop
  vertex -7.67250061 4.84856892 0.250000149
  vertex -7.67250061 2.47356892 0.125000179
  vertex -7.67250061 2.47356892 0.250000149
  endloop
 endfacet

 facet normal -1 0 0
  outer loop
  vertex -7.67250061 2.47356892 -0.124999858
  vertex -7.67250061 0.0985689163 -0.249999866
  vertex -7.67250061 0.0985689163 -0.124999858
  endloop
 endfacet

 facet normal -1 0 0
  outer loop
  vertex -7.67250061 7.22356892 -0.124999858
  vertex -7.67250061 4.84856892 -0.249999866
  vertex -7.67250061 4.84856892 -0.124999858
  endloop
 endfacet

 facet normal -6.73400677e-08 0 -1
  outer loop
  vertex -7.54874992 4.84856892 0.125000179
  vertex -7.67250061 7.22356892 0.125000179
  vertex -7.54874992 7.22356892 0.125000179
  endloop
 endfacet

 facet normal 6.73400677e-08 1 0
  outer loop
  vertex -7.54874992 9.59856987 -0.249999881
  vertex -7.67250061 9.59856987 -0.124999858
  vertex -7.54874992 9.59856987 -0.124999866
  endloop
 endfacet

 facet normal -6.73400677e-08 0 -1
  outer loop
  vertex -7.54874992 7.22356892 -0.249999881
  vertex -7.67250061 9.59856987 -0.249999866
  vertex -7.54874992 9.59856987 -0.249999881
  endloop
 endfacet

 facet normal -5.3072398e-08 0 1
  outer loop
  vertex -7.54874992 2.47356892 -0.124999866
  vertex -7.67250061 0.0985689163 -0.124999858
  vertex -7.54874992 0.0985689163 -0.124999866
  endloop
 endfacet

 facet normal -6.73400677e-08 0 -1
  outer loop
  vertex -7.54874992 7.22356892 0.125000179
  vertex -7.67250061 9.59856987 0.125000179
  vertex -7.54874992 9.59856987 0.125000179
  endloop
 endfacet

 facet normal -6.73400677e-08 0 -1
  outer loop
  vertex -7.54874992 0.0985689163 -0.249999881
  vertex -7.67250061 2.47356892 -0.249999866
  vertex -7.54874992 2.47356892 -0.249999881
  endloop
 endfacet

 facet normal -5.3072398e-08 0 1
  outer loop
  vertex -7.54874992 4.84856892 0.250000149
  vertex -7.67250061 2.47356892 0.250000149
  vertex -7.54874992 2.47356892 0.250000149
  endloop
 endfacet

 facet normal -5.3072398e-08 0 1
  outer loop
  vertex -7.54874992 4.84856892 -0.124999866
  vertex -7.67250061 2.47356892 -0.124999858
  vertex -7.54874992 2.47356892 -0.124999866
  endloop
 endfacet

 facet normal -5.3072398e-08 0 1
  outer loop
  vertex -7.54874992 7.22356892 0.250000149
  vertex -7.67250061 4.84856892 0.250000149
  vertex -7.54874992 4.84856892 0.250000149
  endloop
 endfacet

 facet normal -6.73400677e-08 0 -1
  outer loop
  vertex -7.54874992 4.84856892 -0.249999881
  vertex -7.67250061 7.22356892 -0.249999866
  vertex -7.54874992 7.22356892 -0.249999881
  endloop
 endfacet

 facet normal -6.73400677e-08 0 -1
  outer loop
  vertex -7.54874992 2.47356892 -0.249999881
  vertex -7.67250061 4.84856892 -0.249999866
  vertex -7.54874992 4.84856892 -0.249999881
  endloop
 endfacet

 facet normal -6.73400677e-08 0 -1
  outer loop
  vertex -7.54874992 0.0985689163 0.125000179
  vertex -7.67250061 2.47356892 0.125000179
  vertex -7.54874992 2.47356892 0.125000179
  endloop
 endfacet

 facet normal 6.73400677e-08 1 0
  outer loop
  vertex 7.30124903 9.59856987 -7.37500048
  vertex 7.17749977 9.59856987 -7.25000048
  vertex 7.30124903 9.59856987 -7.25000048
  endloop
 endfacet

 facet normal -6.73401175e-08 -7.52905066e-07 -1
  outer loop
  vertex 7.30125093 7.22357035 -7.75000048
  vertex 7.30124903 9.59856987 -7.75000048
  vertex 7.54874992 9.59856987 -7.75000048
  endloop
 endfacet

 facet normal -6.73400677e-08 0 -1
  outer loop
  vertex 7.54874992 4.84857035 -7.37500048
  vertex 7.67250061 2.47357035 -7.37500048
  vertex 7.54874992 2.47357035 -7.37500048
  endloop
 endfacet

 facet normal 6.73400677e-08 0 1
  outer loop
  vertex 7.54874992 9.59856987 -7.25000048
  vertex 7.30124903 9.59856987 -7.25000048
  vertex 7.30124903 7.22357035 -7.25000048
  endloop
 endfacet

 facet normal -6.73400677e-08 -1 0
  outer loop
  vertex 7.54874992 0.09856987 -7.37500048
  vertex 7.54874992 0.09856987 -7.25000048
  vertex 7.30125093 0.09856987 -7.25000048
  endloop
 endfacet

 facet normal 6.73400677e-08 1 0
  outer loop
  vertex 7.30124903 9.59856987 -7.37500048
  vertex 7.30124903 9.59856987 -7.25000048
  vertex 7.54874992 9.59856987 -7.25000048
  endloop
 endfacet

 facet normal 6.73400677e-08 0 1
  outer loop
  vertex 7.54874992 7.22357035 -7.62500048
  vertex 7.67250061 9.59856987 -7.62500048
  vertex 7.54874992 9.59856987 -7.62500048
  endloop
 endfacet

 facet normal 1 0 0
  outer loop
  vertex 7.54874992 4.84857035 -7.62500048
  vertex 7.54874992 2.47357035 -7.50000048
  vertex 7.54874992 2.47357035 -7.62500048
  endloop
 endfacet

 facet normal 1 0 0
  outer loop
  vertex 7.54874992 9.59856987 -7.62500048
  vertex 7.54874992 7.22357035 -7.50000048
  vertex 7.54874992 7.22357035 -7.62500048
  endloop
 endfacet

 facet normal 1 0 0
  outer loop
  vertex 7.54874992 7.22357035 -7.62500048
  vertex 7.54874992 4.84857035 -7.50000048
  vertex 7.54874992 4.84857035 -7.62500048
  endloop
 endfacet

 facet normal -6.73400677e-08 0 -1
  outer loop
  vertex 7.54874992 4.84857035 -7.75000048
  vertex 7.67250061 2.47357035 -7.75000048
  vertex 7.54874992 2.47357035 -7.75000048
  endloop
 endfacet

 facet normal -6.73400677e-08 0 -1
  outer loop
  vertex 7.54874992 2.47357035 -7.37500048
  vertex 7.67250061 0.09856987 -7.37500048
  vertex 7.54874992 0.09856987 -7.37500048
  endloop
 endfacet

 facet normal 1 0 0
  outer loop
  vertex 7.54874992 2.47357035 -7.62500048
  vertex 7.54874992 0.09856987 -7.50000048
  vertex 7.54874992 0.09856987 -7.62500048
  endloop
 endfacet

 facet normal 6.73400677e-08 0 1
  outer loop
  vertex 7.54874992 7.22357035 -7.25000048
  vertex 7.67250061 9.59856987 -7.25000048
  vertex 7.54874992 9.59856987 -7.25000048
  endloop
 endfacet

 facet normal -6.73400677e-08 0 -1
  outer loop
  vertex 7.54874992 7.22357035 -7.75000048
  vertex 7.67250061 4.84857035 -7.75000048
  vertex 7.54874992 4.84857035 -7.75000048
  endloop
 endfacet

 facet normal 6.73400677e-08 0 1
  outer loop
  vertex 7.54874992 4.84857035 -7.62500048
  vertex 7.67250061 7.22357035 -7.62500048
  vertex 7.54874992 7.22357035 -7.62500048
  endloop
 endfacet

 facet normal 1 0 0
  outer loop
  vertex 7.54874992 2.47357035 -7.50000048
  vertex 7.54874992 0.09856987 -7.37500048
  vertex 7.54874992 0.09856987 -7.50000048
  endloop
 endfacet

 facet normal 1 0 0
  outer loop
  vertex 7.54874992 4.84857035 -7.50000048
  vertex 7.54874992 2.47357035 -7.37500048
  vertex 7.54874992 2.47357035 -7.50000048
  endloop
 endfacet

 facet normal 6.73400677e-08 1 0
  outer loop
  vertex 7.54874992 9.59856987 -7.62500048
  vertex 7.67250061 9.59856987 -7.75000048
  vertex 7.54874992 9.59856987 -7.75000048
  endloop
 endfacet

 facet normal 1 0 0
  outer loop
  vertex 7.54874992 7.22357035 -7.50000048
  vertex 7.54874992 4.84857035 -7.37500048
  vertex 7.54874992 4.84857035 -7.50000048
  endloop
 endfacet

 facet normal 1 0 0
  outer loop
  vertex 7.54874992 9.59856987 -7.50000048
  vertex 7.54874992 7.22357035 -7.37500048
  vertex 7.54874992 7.22357035 -7.50000048
  endloop
 endfacet

 facet normal 1 0 0
  outer loop
  vertex 7.67250061 9.59856987 -7.37500048
  vertex 7.67250061 7.22357035 -7.25000048
  vertex 7.67250061 7.22357035 -7.37500048
  endloop
 endfacet

 facet normal 1 0 0
  outer loop
  vertex 7.67250061 4.84857035 -7.37500048
  vertex 7.67250061 2.47357035 -7.25000048
  vertex 7.67250061 2.47357035 -7.37500048
  endloop
 endfacet

 facet normal 1 0 0
  outer loop
  vertex 7.67250061 7.22357035 -7.75000048
  vertex 7.67250061 4.84857035 -7.62500048
  vertex 7.67250061 4.84857035 -7.75000048
  endloop
 endfacet

 facet normal 1 0 0
  outer loop
  vertex 7.67250061 9.59856987 -7.75000048
  vertex 7.67250061 7.22357035 -7.62500048
  vertex 7.67250061 7.22357035 -7.75000048
  endloop
 endfacet

 facet normal 1 0 0
  outer loop
  vertex 7.67250061 2.47357035 -7.75000048
  vertex 7.67250061 0.09856987 -7.62500048
  vertex 7.67250061 0.09856987 -7.75000048
  endloop
 endfacet

 facet normal 1 0 0
  outer loop
  vertex 7.67250061 4.84857035 -7.75000048
  vertex 7.67250061 2.47357035 -7.62500048
  vertex 7.67250061 2.47357035 -7.75000048
  endloop
 endfacet

 facet normal 1 0 0
  outer loop
  vertex 7.67250061 2.47357035 -7.37500048
  vertex 7.67250061 0.09856987 -7.25000048
  vertex 7.67250061 0.09856987 -7.37500048
  endloop
 endfacet

 facet normal 1 0 0
  outer loop
  vertex 7.67250061 7.22357035 -7.37500048
  vertex 7.67250061 4.84857035 -7.25000048
  vertex 7.67250061 4.84857035 -7.37500048
  endloop
 endfacet

 facet normal -6.73400677e-08 0 -1
  outer loop
  vertex 7.54874992 2.47357035 -7.75000048
  vertex 7.67250061 0.09856987 -7.75000048
  vertex 7.54874992 0.09856987 -7.75000048
  endloop
 endfacet

 facet normal -6.73400677e-08 -1 0
  outer loop
  vertex 7.54874992 0.09856987 -7.75000048
  vertex 7.67250061 0.09856987 -7.62500048
  vertex 7.54874992 0.09856987 -7.62500048
  endloop
 endfacet

 facet normal 6.73400677e-08 0 1
  outer loop
  vertex 7.54874992 4.84857035 -7.25000048
  vertex 7.67250061 7.22357035 -7.25000048
  vertex 7.54874992 7.22357035 -7.25000048
  endloop
 endfacet

 facet normal 6.73400677e-08 1 0
  outer loop
  vertex 7.54874992 9.59856987 -7.25000048
  vertex 7.67250061 9.59856987 -7.37500048
  vertex 7.54874992 9.59856987 -7.37500048
  endloop
 endfacet

 facet normal 6.73400677e-08 0 1
  outer loop
  vertex 7.54874992 2.47357035 -7.25000048
  vertex 7.67250061 4.84857035 -7.25000048
  vertex 7.54874992 4.84857035 -7.25000048
  endloop
 endfacet

 facet normal 6.73400677e-08 0 1
  outer loop
  vertex 7.54874992 0.09856987 -7.62500048
  vertex 7.67250061 2.47357035 -7.62500048
  vertex 7.54874992 2.47357035 -7.62500048
  endloop
 endfacet

 facet normal -6.73400677e-08 0 -1
  outer loop
  vertex 7.54874992 7.22357035 -7.37500048
  vertex 7.67250061 4.84857035 -7.37500048
  vertex 7.54874992 4.84857035 -7.37500048
  endloop
 endfacet

 facet normal 6.73400677e-08 0 1
  outer loop
  vertex 7.54874992 0.09856987 -7.25000048
  vertex 7.67250061 2.47357035 -7.25000048
  vertex 7.54874992 2.47357035 -7.25000048
  endloop
 endfacet

 facet normal -6.73400677e-08 0 -1
  outer loop
  vertex 7.54874992 9.59856987 -7.75000048
  vertex 7.67250061 7.22357035 -7.75000048
  vertex 7.54874992 7.22357035 -7.75000048
  endloop
 endfacet

 facet normal 6.73400677e-08 0 1
  outer loop
  vertex 7.54874992 2.47357035 -7.62500048
  vertex 7.67250061 4.84857035 -7.62500048
  vertex 7.54874992 4.84857035 -7.62500048
  endloop
 endfacet

 facet normal -6.73400677e-08 0 -1
  outer loop
  vertex 7.54874992 9.59856987 -7.37500048
  vertex 7.67250061 7.22357035 -7.37500048
  vertex 7.54874992 7.22357035 -7.37500048
  endloop
 endfacet

 facet normal -6.73400677e-08 -1 0
  outer loop
  vertex 7.54874992 0.09856987 -7.37500048
  vertex 7.67250061 0.09856987 -7.25000048
  vertex 7.54874992 0.09856987 -7.25000048
  endloop
 endfacet

 facet normal 6.73400677e-08 0 1
  outer loop
  vertex 7.30124903 9.59856987 -7.25000048
  vertex 7.17749977 7.22357035 -7.25000048
  vertex 7.30124903 7.22357035 -7.25000048
  endloop
 endfacet

 facet normal -1 0 0
  outer loop
  vertex 7.30125093 4.84857035 -7.37500048
  vertex 7.30125093 2.47357035 -7.50000048
  vertex 7.30125093 2.47357035 -7.37500048
  endloop
 endfacet

 facet normal -1 0 0
  outer loop
  vertex 7.30124903 9.59856987 -7.37500048
  vertex 7.30125093 7.22357035 -7.50000048
  vertex 7.30125093 7.22357035 -7.37500048
  endloop
 endfacet

 facet normal -1 0 0
  outer loop
  vertex 7.30125093 7.22357035 -7.37500048
  vertex 7.30125093 4.84857035 -7.50000048
  vertex 7.30125093 4.84857035 -7.37500048
  endloop
 endfacet

 facet normal 6.73400677e-08 0 1
  outer loop
  vertex 7.30125093 2.47357035 -7.25000048
  vertex 7.1775012 0.09856987 -7.25000048
  vertex 7.30125093 0.09856987 -7.25000048
  endloop
 endfacet

 facet normal 6.73400251e-08 -7.52895062e-07 1
  outer loop
  vertex 7.30124903 9.59856987 -7.62500048
  vertex 7.17749977 7.22357035 -7.62500048
  vertex 7.30125093 7.22357035 -7.62500048
  endloop
 endfacet

 facet normal -1 0 0
  outer loop
  vertex 7.30125093 2.47357035 -7.37500048
  vertex 7.30125093 0.09856987 -7.50000048
  vertex 7.30125093 0.09856987 -7.37500048
  endloop
 endfacet

 facet normal -6.73400677e-08 -1 0
  outer loop
  vertex 7.30125093 0.09856987 -7.25000048
  vertex 7.1775012 0.09856987 -7.37500048
  vertex 7.30125093 0.09856987 -7.37500048
  endloop
 endfacet

 facet normal -6.73400677e-08 0 -1
  outer loop
  vertex 7.30125093 2.47357035 -7.37500048
  vertex 7.17749977 4.84857035 -7.37500048
  vertex 7.30125093 4.84857035 -7.37500048
  endloop
 endfacet

 facet normal -6.73400677e-08 -1 0
  outer loop
  vertex 7.30125093 0.09856987 -7.62500048
  vertex 7.1775012 0.09856987 -7.75000048
  vertex 7.30125093 0.09856987 -7.75000048
  endloop
 endfacet

 facet normal -1 0 0
  outer loop
  vertex 7.30125093 2.47357035 -7.50000048
  vertex 7.30125093 0.09856987 -7.62500048
  vertex 7.30125093 0.09856987 -7.50000048
  endloop
 endfacet

 facet normal -1 0 0
  outer loop
  vertex 7.30125093 4.84857035 -7.50000048
  vertex 7.30125093 2.47357035 -7.62500048
  vertex 7.30125093 2.47357035 -7.50000048
  endloop
 endfacet

 facet normal 6.73400677e-08 0 1
  outer loop
  vertex 7.30125093 7.22357035 -7.62500048
  vertex 7.17749977 4.84857035 -7.62500048
  vertex 7.30125093 4.84857035 -7.62500048
  endloop
 endfacet

 facet normal -1 0 0
  outer loop
  vertex 7.30125093 7.22357035 -7.50000048
  vertex 7.30125093 4.84857035 -7.62500048
  vertex 7.30125093 4.84857035 -7.50000048
  endloop
 endfacet

 facet normal -1 0 0
  outer loop
  vertex 7.30124903 9.59856987 -7.50000048
  vertex 7.30125093 7.22357035 -7.62500048
  vertex 7.30125093 7.22357035 -7.50000048
  endloop
 endfacet

 facet normal -1 0 0
  outer loop
  vertex 7.17749977 9.59856987 -7.62500048
  vertex 7.17749977 7.22357035 -7.75000048
  vertex 7.17749977 7.22357035 -7.62500048
  endloop
 endfacet

 facet normal -1 0 0
  outer loop
  vertex 7.17749977 4.84857035 -7.62500048
  vertex 7.1775012 2.47357035 -7.75000048
  vertex 7.1775012 2.47357035 -7.62500048
  endloop
 endfacet

 facet normal -1 0 0
  outer loop
  vertex 7.17749977 7.22357035 -7.25000048
  vertex 7.17749977 4.84857035 -7.37500048
  vertex 7.17749977 4.84857035 -7.25000048
  endloop
 endfacet

 facet normal -1 0 0
  outer loop
  vertex 7.17749977 9.59856987 -7.25000048
  vertex 7.17749977 7.22357035 -7.37500048
  vertex 7.17749977 7.22357035 -7.25000048
  endloop
 endfacet

 facet normal -1 0 0
  outer loop
  vertex 7.1775012 2.47357035 -7.25000048
  vertex 7.1775012 0.09856987 -7.37500048
  vertex 7.1775012 0.09856987 -7.25000048
  endloop
 endfacet

 facet normal -1 0 0
  outer loop
  vertex 7.17749977 4.84857035 -7.25000048
  vertex 7.1775012 2.47357035 -7.37500048
  vertex 7.1775012 2.47357035 -7.25000048
  endloop
 endfacet

 facet normal -1 0 0
  outer loop
  vertex 7.1775012 2.47357035 -7.62500048
  vertex 7.1775012 0.09856987 -7.75000048
  vertex 7.1775012 0.09856987 -7.62500048
  endloop
 endfacet

 facet normal -1 0 0
  outer loop
  vertex 7.17749977 7.22357035 -7.62500048
  vertex 7.17749977 4.84857035 -7.75000048
  vertex 7.17749977 4.84857035 -7.62500048
  endloop
 endfacet

 facet normal -6.73400677e-08 0 -1
  outer loop
  vertex 7.30125093 4.84857035 -7.37500048
  vertex 7.17749977 7.22357035 -7.37500048
  vertex 7.30125093 7.22357035 -7.37500048
  endloop
 endfacet

 facet normal 6.73400677e-08 1 0
  outer loop
  vertex 7.30124903 9.59856987 -7.75000048
  vertex 7.17749977 9.59856987 -7.62500048
  vertex 7.30124903 9.59856987 -7.62500048
  endloop
 endfacet

 facet normal -6.73400677e-08 0 -1
  outer loop
  vertex 7.30125093 7.22357035 -7.75000048
  vertex 7.17749977 9.59856987 -7.75000048
  vertex 7.30124903 9.59856987 -7.75000048
  endloop
 endfacet

 facet normal 6.73400677e-08 0 1
  outer loop
  vertex 7.30125093 2.47357035 -7.62500048
  vertex 7.1775012 0.09856987 -7.62500048
  vertex 7.30125093 0.09856987 -7.62500048
  endloop
 endfacet

 facet normal -6.73400677e-08 0 -1
  outer loop
  vertex 7.30125093 7.22357035 -7.37500048
  vertex 7.17749977 9.59856987 -7.37500048
  vertex 7.30124903 9.59856987 -7.37500048
  endloop
 endfacet

 facet normal -6.73400677e-08 0 -1
  outer loop
  vertex 7.30125093 0.09856987 -7.75000048
  vertex 7.1775012 2.47357035 -7.75000048
  vertex 7.30125093 2.47357035 -7.75000048
  endloop
 endfacet

 facet normal 6.73400677e-08 0 1
  outer loop
  vertex 7.30125093 4.84857035 -7.25000048
  vertex 7.1775012 2.47357035 -7.25000048
  vertex 7.30125093 2.47357035 -7.25000048
  endloop
 endfacet

 facet normal 6.73400677e-08 0 1
  outer loop
  vertex 7.30125093 4.84857035 -7.62500048
  vertex 7.1775012 2.47357035 -7.62500048
  vertex 7.30125093 2.47357035 -7.62500048
  endloop
 endfacet

 facet normal 6.73400677e-08 0 1
  outer loop
  vertex 7.30124903 7.22357035 -7.25000048
  vertex 7.17749977 4.84857035 -7.25000048
  vertex 7.30125093 4.84857035 -7.25000048
  endloop
 endfacet

 facet normal -6.73400677e-08 0 -1
  outer loop
  vertex 7.30125093 4.84857035 -7.75000048
  vertex 7.17749977 7.22357035 -7.75000048
  vertex 7.30125093 7.22357035 -7.75000048
  endloop
 endfacet

 facet normal -6.73400677e-08 0 -1
  outer loop
  vertex 7.30125093 2.47357035 -7.75000048
  vertex 7.17749977 4.84857035 -7.75000048
  vertex 7.30125093 4.84857035 -7.75000048
  endloop
 endfacet

 facet normal -6.73400677e-08 0 -1
  outer loop
  vertex 7.30125093 0.09856987 -7.37500048
  vertex 7.1775012 2.47357035 -7.37500048
  vertex 7.30125093 2.47357035 -7.37500048
  endloop
 endfacet

 facet normal 1 0 0
  outer loop
  vertex 14.8500004 9.72356892 -7.37500095
  vertex 14.8500004 9.59856892 -7.25000095
  vertex 14.8500004 9.59856892 -7.37500095
  endloop
 endfacet

 facet normal 6.73400677e-08 1 0
  outer loop
  vertex 7.42500019 10.0985689 -7.37500048
  vertex 14.8500004 10.0985689 -7.62500095
  vertex 7.42500019 10.0985689 -7.62500048
  endloop
 endfacet

 facet normal 6.73400677e-08 1 0
  outer loop
  vertex 0 9.72356987 -7.625
  vertex -7.42500019 9.72357082 -7.74999952
  vertex -7.42500019 9.72357082 -7.62499952
  endloop
 endfacet

 facet normal -6.73400677e-08 -1 0
  outer loop
  vertex 7.42500019 9.59856892 -7.62500048
  vertex 14.8500004 9.59856892 -7.37500095
  vertex 7.42500019 9.59856892 -7.37500048
  endloop
 endfacet

 facet normal -1 0 0
  outer loop
  vertex -14.8500004 9.72357082 -7.62499905
  vertex -14.8500004 9.59857082 -7.62499905
  vertex -14.8500004 9.59857082 -7.37499905
  endloop
 endfacet

 facet normal 1 0 0
  outer loop
  vertex 14.8500004 9.72356892 -7.37500095
  vertex 14.8500004 9.59856892 -7.37500095
  vertex 14.8500004 9.59856892 -7.62500095
  endloop
 endfacet

 facet normal -6.73400677e-08 -1 0
  outer loop
  vertex 7.42500019 9.97356892 -7.62500048
  vertex 14.8500004 9.97356892 -7.75000095
  vertex 14.8500004 9.97356892 -7.62500095
  endloop
 endfacet

 facet normal -6.73400677e-08 0 -1
  outer loop
  vertex 0 9.97356987 -7.625
  vertex -7.42500019 9.84857082 -7.62499952
  vertex -7.42500019 9.97357082 -7.62499952
  endloop
 endfacet

 facet normal -6.73400677e-08 0 -1
  outer loop
  vertex 14.8500004 9.97356892 -7.62500095
  vertex 7.42500019 9.84856892 -7.62500048
  vertex 7.42500019 9.97356892 -7.62500048
  endloop
 endfacet

 facet normal -6.73400677e-08 0 -1
  outer loop
  vertex 7.42500019 9.97356892 -7.62500048
  vertex 0 9.84856987 -7.625
  vertex 0 9.97356987 -7.625
  endloop
 endfacet

 facet normal 6.73400677e-08 1 0
  outer loop
  vertex 0 10.0985699 -7.625
  vertex -7.42500019 10.0985708 -7.74999952
  vertex -7.42500019 10.0985708 -7.62499952
  endloop
 endfacet

 facet normal 6.73400677e-08 1 0
  outer loop
  vertex -7.42500019 9.72357082 -7.62499952
  vertex -14.8500004 9.72357082 -7.74999905
  vertex -14.8500004 9.72357082 -7.62499905
  endloop
 endfacet

 facet normal -6.73400677e-08 0 -1
  outer loop
  vertex -7.42500019 9.97357082 -7.62499952
  vertex -14.8500004 9.84857082 -7.62499905
  vertex -14.8500004 9.97357082 -7.62499905
  endloop
 endfacet

 facet normal -6.73400677e-08 -1 0
  outer loop
  vertex 7.42500019 9.59856892 -7.62500048
  vertex 14.8500004 9.59856892 -7.75000095
  vertex 14.8500004 9.59856892 -7.62500095
  endloop
 endfacet

 facet normal 6.73400677e-08 1 0
  outer loop
  vertex 7.42500019 10.0985689 -7.62500048
  vertex 0 10.0985699 -7.75
  vertex 0 10.0985699 -7.625
  endloop
 endfacet

 facet normal -6.73400677e-08 -1 0
  outer loop
  vertex 0 9.97356987 -7.625
  vertex 7.42500019 9.97356892 -7.75000048
  vertex 7.42500019 9.97356892 -7.62500048
  endloop
 endfacet

 facet normal -6.73400677e-08 0 -1
  outer loop
  vertex -7.42500019 9.84857082 -7.62499952
  vertex -14.8500004 9.72357082 -7.62499905
  vertex -14.8500004 9.84857082 -7.62499905
  endloop
 endfacet

 facet normal -6.73400677e-08 0 -1
  outer loop
  vertex 0 9.84856987 -7.625
  vertex -7.42500019 9.72357082 -7.62499952
  vertex -7.42500019 9.84857082 -7.62499952
  endloop
 endfacet

 facet normal 1 0 0
  outer loop
  vertex 14.8500004 9.97356892 -7.62500095
  vertex 14.8500004 10.0985689 -7.75000095
  vertex 14.8500004 10.0985689 -7.62500095
  endloop
 endfacet

 facet normal -6.73400677e-08 0 -1
  outer loop
  vertex 7.42500019 9.84856892 -7.62500048
  vertex 0 9.72356987 -7.625
  vertex 0 9.84856987 -7.625
  endloop
 endfacet

 facet normal -6.73400677e-08 0 -1
  outer loop
  vertex 14.8500004 9.84856892 -7.62500095
  vertex 7.42500019 9.72356892 -7.62500048
  vertex 7.42500019 9.84856892 -7.62500048
  endloop
 endfacet

 facet normal -6.73400677e-08 0 -1
  outer loop
  vertex 14.8500004 9.72356892 -7.75000095
  vertex 7.42500019 9.59856892 -7.75000048
  vertex 7.42500019 9.72356892 -7.75000048
  endloop
 endfacet

 facet normal -6.73400677e-08 0 -1
  outer loop
  vertex 0 9.72356987 -7.75
  vertex -7.42500019 9.59856987 -7.74999952
  vertex -7.42500019 9.72357082 -7.74999952
  endloop
 endfacet

 facet normal -6.73400677e-08 0 -1
  outer loop
  vertex 7.42500019 10.0985689 -7.75000048
  vertex 0 9.97356987 -7.75
  vertex 0 10.0985699 -7.75
  endloop
 endfacet

 facet normal -6.73400677e-08 0 -1
  outer loop
  vertex 14.8500004 10.0985689 -7.75000095
  vertex 7.42500019 9.97356892 -7.75000048
  vertex 7.42500019 10.0985689 -7.75000048
  endloop
 endfacet

 facet normal -6.73400677e-08 0 -1
  outer loop
  vertex -7.42500019 10.0985708 -7.74999952
  vertex -14.8500004 9.97357082 -7.74999905
  vertex -14.8500004 10.0985708 -7.74999905
  endloop
 endfacet

 facet normal -6.73400677e-08 0 -1
  outer loop
  vertex 0 10.0985699 -7.75
  vertex -7.42500019 9.97357082 -7.74999952
  vertex -7.42500019 10.0985708 -7.74999952
  endloop
 endfacet

 facet normal -6.73400677e-08 0 -1
  outer loop
  vertex -7.42500019 9.72357082 -7.74999952
  vertex -14.8500004 9.59857082 -7.74999905
  vertex -14.8500004 9.72357082 -7.74999905
  endloop
 endfacet

 facet normal -6.73400677e-08 0 -1
  outer loop
  vertex 7.42500019 9.72356892 -7.75000048
  vertex 0 9.59856987 -7.75
  vertex 0 9.72356987 -7.75
  endloop
 endfacet

 facet normal 6.73400677e-08 1 0
  outer loop
  vertex -7.42500019 10.0985708 -7.62499952
  vertex -14.8500004 10.0985708 -7.74999905
  vertex -14.8500004 10.0985708 -7.62499905
  endloop
 endfacet

 facet normal -1 0 0
  outer loop
  vertex -14.8500004 10.0985708 -7.62499905
  vertex -14.8500004 9.97357082 -7.74999905
  vertex -14.8500004 9.97357082 -7.62499905
  endloop
 endfacet

 facet normal -6.73400677e-08 -1 0
  outer loop
  vertex 0 9.59856987 -7.625
  vertex 7.42500019 9.59856892 -7.75000048
  vertex 7.42500019 9.59856892 -7.62500048
  endloop
 endfacet

 facet normal 1 0 0
  outer loop
  vertex 14.8500004 9.59856892 -7.62500095
  vertex 14.8500004 9.72356892 -7.75000095
  vertex 14.8500004 9.72356892 -7.62500095
  endloop
 endfacet

 facet normal -6.73400677e-08 -1 0
  outer loop
  vertex -7.42500019 9.59856987 -7.62499952
  vertex 0 9.59856987 -7.75
  vertex 0 9.59856987 -7.625
  endloop
 endfacet

 facet normal -6.73400677e-08 -1 0
  outer loop
  vertex -14.8500004 9.97357082 -7.62499905
  vertex -7.42500019 9.97357082 -7.74999952
  vertex -7.42500019 9.97357082 -7.62499952
  endloop
 endfacet

 facet normal 6.73400677e-08 1 0
  outer loop
  vertex 7.42500019 9.72356892 -7.62500048
  vertex 0 9.72356987 -7.75
  vertex 0 9.72356987 -7.625
  endloop
 endfacet

 facet normal -6.73400677e-08 -1 0
  outer loop
  vertex -14.8500004 9.59857082 -7.62499905
  vertex -7.42500019 9.59856987 -7.74999952
  vertex -7.42500019 9.59856987 -7.62499952
  endloop
 endfacet

 facet normal 6.73400677e-08 1 0
  outer loop
  vertex 14.8500004 10.0985689 -7.62500095
  vertex 7.42500019 10.0985689 -7.75000048
  vertex 7.42500019 10.0985689 -7.62500048
  endloop
 endfacet

 facet normal -6.73400677e-08 -1 0
  outer loop
  vertex -7.42500019 9.97357082 -7.62499952
  vertex 0 9.97356987 -7.75
  vertex 0 9.97356987 -7.625
  endloop
 endfacet

 facet normal 6.73400677e-08 1 0
  outer loop
  vertex 14.8500004 9.72356892 -7.62500095
  vertex 7.42500019 9.72356892 -7.75000048
  vertex 7.42500019 9.72356892 -7.62500048
  endloop
 endfacet

 facet normal -1 0 0
  outer loop
  vertex -14.8500004 9.72357082 -7.62499905
  vertex -14.8500004 9.59857082 -7.74999905
  vertex -14.8500004 9.59857082 -7.62499905
  endloop
 endfacet

 facet normal -6.73400677e-08 -1 0
  outer loop
  vertex 14.8500004 9.59856892 -7.37500095
  vertex 7.42500019 9.59856892 -7.25000048
  vertex 7.42500019 9.59856892 -7.37500048
  endloop
 endfacet

 facet normal 6.73400677e-08 0 1
  outer loop
  vertex 0 9.72356987 -7.375
  vertex -7.42500019 9.84857082 -7.37499952
  vertex -7.42500019 9.72357082 -7.37499952
  endloop
 endfacet

 facet normal 6.73400677e-08 0 1
  outer loop
  vertex 14.8500004 9.72356892 -7.37500095
  vertex 7.42500019 9.84856892 -7.37500048
  vertex 7.42500019 9.72356892 -7.37500048
  endloop
 endfacet

 facet normal 6.73400677e-08 0 1
  outer loop
  vertex 7.42500019 9.72356892 -7.37500048
  vertex 0 9.84856987 -7.375
  vertex 0 9.72356987 -7.375
  endloop
 endfacet

 facet normal -6.73400677e-08 -1 0
  outer loop
  vertex -7.42500019 9.59856987 -7.37499952
  vertex -14.8500004 9.59857082 -7.24999905
  vertex -14.8500004 9.59857082 -7.37499905
  endloop
 endfacet

 facet normal -6.73400677e-08 -1 0
  outer loop
  vertex 14.8500004 9.97356892 -7.37500095
  vertex 7.42500019 9.97356892 -7.25000048
  vertex 7.42500019 9.97356892 -7.37500048
  endloop
 endfacet

 facet normal 6.73400677e-08 0 1
  outer loop
  vertex -7.42500019 9.72357082 -7.37499952
  vertex -14.8500004 9.84857082 -7.37499905
  vertex -14.8500004 9.72357082 -7.37499905
  endloop
 endfacet

 facet normal -1 0 0
  outer loop
  vertex -14.8500004 9.59857082 -7.37499905
  vertex -14.8500004 9.72357082 -7.24999905
  vertex -14.8500004 9.72357082 -7.37499905
  endloop
 endfacet

 facet normal 6.73400677e-08 1 0
  outer loop
  vertex -7.42500019 9.72357082 -7.37499952
  vertex 0 9.72356987 -7.25
  vertex 0 9.72356987 -7.375
  endloop
 endfacet

 facet normal -1 0 0
  outer loop
  vertex -14.8500004 9.97357082 -7.37499905
  vertex -14.8500004 10.0985708 -7.24999905
  vertex -14.8500004 10.0985708 -7.37499905
  endloop
 endfacet

 facet normal 6.73400677e-08 0 1
  outer loop
  vertex -7.42500019 9.84857082 -7.37499952
  vertex -14.8500004 9.97357082 -7.37499905
  vertex -14.8500004 9.84857082 -7.37499905
  endloop
 endfacet

 facet normal 6.73400677e-08 0 1
  outer loop
  vertex 0 9.84856987 -7.375
  vertex -7.42500019 9.97357082 -7.37499952
  vertex -7.42500019 9.84857082 -7.37499952
  endloop
 endfacet

 facet normal -6.73400677e-08 -1 0
  outer loop
  vertex 7.42500019 9.97356892 -7.37500048
  vertex 0 9.97356987 -7.25
  vertex 0 9.97356987 -7.375
  endloop
 endfacet

 facet normal 6.73400677e-08 0 1
  outer loop
  vertex 7.42500019 9.84856892 -7.37500048
  vertex 0 9.97356987 -7.375
  vertex 0 9.84856987 -7.375
  endloop
 endfacet

 facet normal 6.73400677e-08 0 1
  outer loop
  vertex 14.8500004 9.84856892 -7.37500095
  vertex 7.42500019 9.97356892 -7.37500048
  vertex 7.42500019 9.84856892 -7.37500048
  endloop
 endfacet

 facet normal 6.73400677e-08 0 1
  outer loop
  vertex 14.8500004 9.97356892 -7.25000095
  vertex 7.42500019 10.0985689 -7.25000048
  vertex 7.42500019 9.97356892 -7.25000048
  endloop
 endfacet

 facet normal 6.73400677e-08 0 1
  outer loop
  vertex 0 9.97356987 -7.25
  vertex -7.42500019 10.0985708 -7.24999952
  vertex -7.42500019 9.97357082 -7.24999952
  endloop
 endfacet

 facet normal 6.73400677e-08 0 1
  outer loop
  vertex 7.42500019 9.59856892 -7.25000048
  vertex 0 9.72356987 -7.25
  vertex 0 9.59856987 -7.25
  endloop
 endfacet

 facet normal 6.73400677e-08 0 1
  outer loop
  vertex 14.8500004 9.59856892 -7.25000095
  vertex 7.42500019 9.72356892 -7.25000048
  vertex 7.42500019 9.59856892 -7.25000048
  endloop
 endfacet

 facet normal 6.73400677e-08 0 1
  outer loop
  vertex -7.42500019 9.59856987 -7.24999952
  vertex -14.8500004 9.72357082 -7.24999905
  vertex -14.8500004 9.59857082 -7.24999905
  endloop
 endfacet

 facet normal 6.73400677e-08 0 1
  outer loop
  vertex 0 9.59856987 -7.25
  vertex -7.42500019 9.72357082 -7.24999952
  vertex -7.42500019 9.59856987 -7.24999952
  endloop
 endfacet

 facet normal 6.73400677e-08 0 1
  outer loop
  vertex -7.42500019 9.97357082 -7.24999952
  vertex -14.8500004 10.0985708 -7.24999905
  vertex -14.8500004 9.97357082 -7.24999905
  endloop
 endfacet

 facet normal 6.73400677e-08 0 1
  outer loop
  vertex 7.42500019 9.97356892 -7.25000048
  vertex 0 10.0985699 -7.25
  vertex 0 9.97356987 -7.25
  endloop
 endfacet

 facet normal 6.73400677e-08 1 0
  outer loop
  vertex 0 9.72356987 -7.375
  vertex 7.42500019 9.72356892 -7.25000048
  vertex 7.42500019 9.72356892 -7.37500048
  endloop
 endfacet

 facet normal 1 0 0
  outer loop
  vertex 14.8500004 10.0985689 -7.37500095
  vertex 14.8500004 9.97356892 -7.25000095
  vertex 14.8500004 9.97356892 -7.37500095
  endloop
 endfacet

 facet normal 6.73400677e-08 1 0
  outer loop
  vertex 7.42500019 10.0985689 -7.37500048
  vertex 14.8500004 10.0985689 -7.25000095
  vertex 14.8500004 10.0985689 -7.37500095
  endloop
 endfacet

 facet normal -6.73400677e-08 -1 0
  outer loop
  vertex -7.42500019 9.97357082 -7.37499952
  vertex -14.8500004 9.97357082 -7.24999905
  vertex -14.8500004 9.97357082 -7.37499905
  endloop
 endfacet

 facet normal 6.73400677e-08 1 0
  outer loop
  vertex 7.42500019 9.72356892 -7.37500048
  vertex 14.8500004 9.72356892 -7.25000095
  vertex 14.8500004 9.72356892 -7.37500095
  endloop
 endfacet

 facet normal 6.73400677e-08 1 0
  outer loop
  vertex -14.8500004 10.0985708 -7.37499905
  vertex -7.42500019 10.0985708 -7.24999952
  vertex -7.42500019 10.0985708 -7.37499952
  endloop
 endfacet

 facet normal -6.73400677e-08 -1 0
  outer loop
  vertex 0 9.59856987 -7.375
  vertex -7.42500019 9.59856987 -7.24999952
  vertex -7.42500019 9.59856987 -7.37499952
  endloop
 endfacet

 facet normal -6.73400677e-08 -1 0
  outer loop
  vertex 0 9.97356987 -7.375
  vertex -7.42500019 9.97357082 -7.24999952
  vertex -7.42500019 9.97357082 -7.37499952
  endloop
 endfacet

 facet normal -6.73400677e-08 -1 0
  outer loop
  vertex 7.42500019 9.59856892 -7.37500048
  vertex 0 9.59856987 -7.25
  vertex 0 9.59856987 -7.375
  endloop
 endfacet

 facet normal 6.73400677e-08 1 0
  outer loop
  vertex 0 10.0985699 -7.375
  vertex 7.42500019 10.0985689 -7.25000048
  vertex 7.42500019 10.0985689 -7.37500048
  endloop
 endfacet

 facet normal 6.73400677e-08 1 0
  outer loop
  vertex -7.42500019 10.0985708 -7.37499952
  vertex 0 10.0985699 -7.25
  vertex 0 10.0985699 -7.375
  endloop
 endfacet

 facet normal 6.73400677e-08 1 0
  outer loop
  vertex -14.8500004 9.72357082 -7.37499905
  vertex -7.42500019 9.72357082 -7.24999952
  vertex -7.42500019 9.72357082 -7.37499952
  endloop
 endfacet

 facet normal 6.73400677e-08 1 0
  outer loop
  vertex -7.54874992 9.59856987 -7.37499952
  vertex -7.67250061 9.59856987 -7.24999952
  vertex -7.54874992 9.59856987 -7.24999952
  endloop
 endfacet

 facet normal -6.73400677e-08 0 -1
  outer loop
  vertex -7.54874992 9.59856987 -7.74999952
  vertex -7.30124903 9.59856987 -7.74999952
  vertex -7.30124903 7.22356892 -7.74999952
  endloop
 endfacet

 facet normal -6.73400677e-08 0 -1
  outer loop
  vertex -7.30124903 4.84856892 -7.37499952
  vertex -7.17749977 2.47356892 -7.37499952
  vertex -7.30124903 2.47356892 -7.37499952
  endloop
 endfacet

 facet normal 6.73400677e-08 0 1
  outer loop
  vertex -7.54874992 7.22356892 -7.24999952
  vertex -7.54874992 4.84856892 -7.24999952
  vertex -7.30124903 7.22356892 -7.24999952
  endloop
 endfacet

 facet normal -6.73400677e-08 -1 0
  outer loop
  vertex -7.30124903 0.0985689163 -7.37499952
  vertex -7.30124903 0.0985689163 -7.24999952
  vertex -7.54874992 0.0985689163 -7.24999952
  endloop
 endfacet

 facet normal 6.73400677e-08 1 0
  outer loop
  vertex -7.54874992 9.59856987 -7.37499952
  vertex -7.54874992 9.59856987 -7.24999952
  vertex -7.30124903 9.59856987 -7.24999952
  endloop
 endfacet

 facet normal 6.73400677e-08 0 1
  outer loop
  vertex -7.30124903 7.22356892 -7.62499952
  vertex -7.17749977 9.59856987 -7.62499952
  vertex -7.30124903 9.59856987 -7.62499952
  endloop
 endfacet

 facet normal 1 0 0
  outer loop
  vertex -7.30124903 4.84856892 -7.62499952
  vertex -7.30124903 2.47356892 -7.49999952
  vertex -7.30124903 2.47356892 -7.62499952
  endloop
 endfacet

 facet normal 1 0 0
  outer loop
  vertex -7.30124903 9.59856987 -7.62499952
  vertex -7.30124903 7.22356892 -7.49999952
  vertex -7.30124903 7.22356892 -7.62499952
  endloop
 endfacet

 facet normal 1 0 0
  outer loop
  vertex -7.30124903 7.22356892 -7.62499952
  vertex -7.30124903 4.84856892 -7.49999952
  vertex -7.30124903 4.84856892 -7.62499952
  endloop
 endfacet

 facet normal -6.73400677e-08 0 -1
  outer loop
  vertex -7.30124903 4.84856892 -7.74999952
  vertex -7.17749977 2.47356892 -7.74999952
  vertex -7.30124903 2.47356892 -7.74999952
  endloop
 endfacet

 facet normal -6.73400677e-08 0 -1
  outer loop
  vertex -7.30124903 2.47356892 -7.37499952
  vertex -7.17749977 0.0985689163 -7.37499952
  vertex -7.30124903 0.0985689163 -7.37499952
  endloop
 endfacet

 facet normal 1 0 0
  outer loop
  vertex -7.30124903 2.47356892 -7.62499952
  vertex -7.30124903 0.0985689163 -7.49999952
  vertex -7.30124903 0.0985689163 -7.62499952
  endloop
 endfacet

 facet normal 6.73400677e-08 0 1
  outer loop
  vertex -7.30124903 7.22356892 -7.24999952
  vertex -7.17749977 9.59856987 -7.24999952
  vertex -7.30124903 9.59856987 -7.24999952
  endloop
 endfacet

 facet normal -6.73400677e-08 0 -1
  outer loop
  vertex -7.30124903 7.22356892 -7.74999952
  vertex -7.17749977 4.84856892 -7.74999952
  vertex -7.30124903 4.84856892 -7.74999952
  endloop
 endfacet

 facet normal 6.73400677e-08 0 1
  outer loop
  vertex -7.30124903 4.84856892 -7.62499952
  vertex -7.17749977 7.22356892 -7.62499952
  vertex -7.30124903 7.22356892 -7.62499952
  endloop
 endfacet

 facet normal 1 0 0
  outer loop
  vertex -7.30124903 2.47356892 -7.49999952
  vertex -7.30124903 0.0985689163 -7.37499952
  vertex -7.30124903 0.0985689163 -7.49999952
  endloop
 endfacet

 facet normal 1 0 0
  outer loop
  vertex -7.30124903 4.84856892 -7.49999952
  vertex -7.30124903 2.47356892 -7.37499952
  vertex -7.30124903 2.47356892 -7.49999952
  endloop
 endfacet

 facet normal 6.73400677e-08 1 0
  outer loop
  vertex -7.30124903 9.59856987 -7.62499952
  vertex -7.17749977 9.59856987 -7.74999952
  vertex -7.30124903 9.59856987 -7.74999952
  endloop
 endfacet

 facet normal 1 0 0
  outer loop
  vertex -7.30124903 7.22356892 -7.49999952
  vertex -7.30124903 4.84856892 -7.37499952
  vertex -7.30124903 4.84856892 -7.49999952
  endloop
 endfacet

 facet normal 1 0 0
  outer loop
  vertex -7.30124903 9.59856987 -7.49999952
  vertex -7.30124903 7.22356892 -7.37499952
  vertex -7.30124903 7.22356892 -7.49999952
  endloop
 endfacet

 facet normal 1 0 0
  outer loop
  vertex -7.17749977 9.59856987 -7.37499952
  vertex -7.17749977 7.22356892 -7.24999952
  vertex -7.17749977 7.22356892 -7.37499952
  endloop
 endfacet

 facet normal 1 0 0
  outer loop
  vertex -7.17749977 4.84856892 -7.37499952
  vertex -7.17749977 2.47356892 -7.24999952
  vertex -7.17749977 2.47356892 -7.37499952
  endloop
 endfacet

 facet normal 1 0 0
  outer loop
  vertex -7.17749977 7.22356892 -7.74999952
  vertex -7.17749977 4.84856892 -7.62499952
  vertex -7.17749977 4.84856892 -7.74999952
  endloop
 endfacet

 facet normal 1 0 0
  outer loop
  vertex -7.17749977 9.59856987 -7.74999952
  vertex -7.17749977 7.22356892 -7.62499952
  vertex -7.17749977 7.22356892 -7.74999952
  endloop
 endfacet

 facet normal 1 0 0
  outer loop
  vertex -7.17749977 2.47356892 -7.74999952
  vertex -7.17749977 0.0985689163 -7.62499952
  vertex -7.17749977 0.0985689163 -7.74999952
  endloop
 endfacet

 facet normal 1 0 0
  outer loop
  vertex -7.17749977 4.84856892 -7.74999952
  vertex -7.17749977 2.47356892 -7.62499952
  vertex -7.17749977 2.47356892 -7.74999952
  endloop
 endfacet

 facet normal 1 0 0
  outer loop
  vertex -7.17749977 2.47356892 -7.37499952
  vertex -7.17749977 0.0985689163 -7.24999952
  vertex -7.17749977 0.0985689163 -7.37499952
  endloop
 endfacet

 facet normal 1 0 0
  outer loop
  vertex -7.17749977 7.22356892 -7.37499952
  vertex -7.17749977 4.84856892 -7.24999952
  vertex -7.17749977 4.84856892 -7.37499952
  endloop
 endfacet

 facet normal -6.73400677e-08 0 -1
  outer loop
  vertex -7.30124903 2.47356892 -7.74999952
  vertex -7.17749977 0.0985689163 -7.74999952
  vertex -7.30124903 0.0985689163 -7.74999952
  endloop
 endfacet

 facet normal -6.73400677e-08 -1 0
  outer loop
  vertex -7.30124903 0.0985689163 -7.74999952
  vertex -7.17749977 0.0985689163 -7.62499952
  vertex -7.30124903 0.0985689163 -7.62499952
  endloop
 endfacet

 facet normal 6.73400677e-08 0 1
  outer loop
  vertex -7.30124903 4.84856892 -7.24999952
  vertex -7.17749977 7.22356892 -7.24999952
  vertex -7.30124903 7.22356892 -7.24999952
  endloop
 endfacet

 facet normal 6.73400677e-08 1 0
  outer loop
  vertex -7.30124903 9.59856987 -7.24999952
  vertex -7.17749977 9.59856987 -7.37499952
  vertex -7.30124903 9.59856987 -7.37499952
  endloop
 endfacet

 facet normal 6.73400677e-08 0 1
  outer loop
  vertex -7.30124903 2.47356892 -7.24999952
  vertex -7.17749977 4.84856892 -7.24999952
  vertex -7.30124903 4.84856892 -7.24999952
  endloop
 endfacet

 facet normal 6.73400677e-08 0 1
  outer loop
  vertex -7.30124903 0.0985689163 -7.62499952
  vertex -7.17749977 2.47356892 -7.62499952
  vertex -7.30124903 2.47356892 -7.62499952
  endloop
 endfacet

 facet normal -6.73400677e-08 0 -1
  outer loop
  vertex -7.30124903 7.22356892 -7.37499952
  vertex -7.17749977 4.84856892 -7.37499952
  vertex -7.30124903 4.84856892 -7.37499952
  endloop
 endfacet

 facet normal 6.73400677e-08 0 1
  outer loop
  vertex -7.30124903 0.0985689163 -7.24999952
  vertex -7.17749977 2.47356892 -7.24999952
  vertex -7.30124903 2.47356892 -7.24999952
  endloop
 endfacet

 facet normal -6.73400677e-08 0 -1
  outer loop
  vertex -7.30124903 9.59856987 -7.74999952
  vertex -7.17749977 7.22356892 -7.74999952
  vertex -7.30124903 7.22356892 -7.74999952
  endloop
 endfacet

 facet normal 6.73400251e-08 -7.52905066e-07 1
  outer loop
  vertex -7.30124903 2.47356892 -7.62499952
  vertex -7.17749977 4.84856892 -7.62499952
  vertex -7.30124903 4.84856892 -7.62499952
  endloop
 endfacet

 facet normal -6.73400677e-08 0 -1
  outer loop
  vertex -7.30124903 9.59856987 -7.37499952
  vertex -7.17749977 7.22356892 -7.37499952
  vertex -7.30124903 7.22356892 -7.37499952
  endloop
 endfacet

 facet normal -6.73400677e-08 -1 0
  outer loop
  vertex -7.30124903 0.0985689163 -7.37499952
  vertex -7.17749977 0.0985689163 -7.24999952
  vertex -7.30124903 0.0985689163 -7.24999952
  endloop
 endfacet

 facet normal 6.73400677e-08 0 1
  outer loop
  vertex -7.54874992 9.59856987 -7.24999952
  vertex -7.67250061 7.22356892 -7.24999952
  vertex -7.54874992 7.22356892 -7.24999952
  endloop
 endfacet

 facet normal -1 0 0
  outer loop
  vertex -7.54874992 4.84856892 -7.37499952
  vertex -7.54874992 2.47356892 -7.49999952
  vertex -7.54874992 2.47356892 -7.37499952
  endloop
 endfacet

 facet normal -1 0 0
  outer loop
  vertex -7.54874992 9.59856987 -7.37499952
  vertex -7.54874992 7.22356892 -7.49999952
  vertex -7.54874992 7.22356892 -7.37499952
  endloop
 endfacet

 facet normal -1 0 0
  outer loop
  vertex -7.54874992 7.22356892 -7.37499952
  vertex -7.54874992 4.84856892 -7.49999952
  vertex -7.54874992 4.84856892 -7.37499952
  endloop
 endfacet

 facet normal 6.73400677e-08 0 1
  outer loop
  vertex -7.54874992 2.47356892 -7.24999952
  vertex -7.67250061 0.0985689163 -7.24999952
  vertex -7.54874992 0.0985689163 -7.24999952
  endloop
 endfacet

 facet normal 6.73400677e-08 0 1
  outer loop
  vertex -7.54874992 9.59856987 -7.62499952
  vertex -7.67250061 7.22356892 -7.62499952
  vertex -7.54874992 7.22356892 -7.62499952
  endloop
 endfacet

 facet normal -1 0 0
  outer loop
  vertex -7.54874992 2.47356892 -7.37499952
  vertex -7.54874992 0.0985689163 -7.49999952
  vertex -7.54874992 0.0985689163 -7.37499952
  endloop
 endfacet

 facet normal -6.73400677e-08 -1 0
  outer loop
  vertex -7.54874992 0.0985689163 -7.24999952
  vertex -7.67250061 0.0985689163 -7.37499952
  vertex -7.54874992 0.0985689163 -7.37499952
  endloop
 endfacet

 facet normal -6.73400677e-08 0 -1
  outer loop
  vertex -7.54874992 2.47356892 -7.37499952
  vertex -7.67250061 4.84856892 -7.37499952
  vertex -7.54874992 4.84856892 -7.37499952
  endloop
 endfacet

 facet normal -6.73400677e-08 -1 0
  outer loop
  vertex -7.54874992 0.0985689163 -7.62499952
  vertex -7.67250061 0.0985689163 -7.74999952
  vertex -7.54874992 0.0985689163 -7.74999952
  endloop
 endfacet

 facet normal -1 0 0
  outer loop
  vertex -7.54874992 2.47356892 -7.49999952
  vertex -7.54874992 0.0985689163 -7.62499952
  vertex -7.54874992 0.0985689163 -7.49999952
  endloop
 endfacet

 facet normal -1 0 0
  outer loop
  vertex -7.54874992 4.84856892 -7.49999952
  vertex -7.54874992 2.47356892 -7.62499952
  vertex -7.54874992 2.47356892 -7.49999952
  endloop
 endfacet

 facet normal 6.73400677e-08 0 1
  outer loop
  vertex -7.54874992 7.22356892 -7.62499952
  vertex -7.67250061 4.84856892 -7.62499952
  vertex -7.54874992 4.84856892 -7.62499952
  endloop
 endfacet

 facet normal -1 0 0
  outer loop
  vertex -7.54874992 7.22356892 -7.49999952
  vertex -7.54874992 4.84856892 -7.62499952
  vertex -7.54874992 4.84856892 -7.49999952
  endloop
 endfacet

 facet normal -1 0 0
  outer loop
  vertex -7.54874992 9.59856987 -7.49999952
  vertex -7.54874992 7.22356892 -7.62499952
  vertex -7.54874992 7.22356892 -7.49999952
  endloop
 endfacet

 facet normal -1 0 0
  outer loop
  vertex -7.67250061 9.59856987 -7.62499952
  vertex -7.67250061 7.22356892 -7.74999952
  vertex -7.67250061 7.22356892 -7.62499952
  endloop
 endfacet

 facet normal -1 0 0
  outer loop
  vertex -7.67250061 4.84856892 -7.62499952
  vertex -7.67250061 2.47356892 -7.74999952
  vertex -7.67250061 2.47356892 -7.62499952
  endloop
 endfacet

 facet normal -1 0 0
  outer loop
  vertex -7.67250061 7.22356892 -7.24999952
  vertex -7.67250061 4.84856892 -7.37499952
  vertex -7.67250061 4.84856892 -7.24999952
  endloop
 endfacet

 facet normal -1 0 0
  outer loop
  vertex -7.67250061 9.59856987 -7.24999952
  vertex -7.67250061 7.22356892 -7.37499952
  vertex -7.67250061 7.22356892 -7.24999952
  endloop
 endfacet

 facet normal -1 0 0
  outer loop
  vertex -7.67250061 2.47356892 -7.24999952
  vertex -7.67250061 0.0985689163 -7.37499952
  vertex -7.67250061 0.0985689163 -7.24999952
  endloop
 endfacet

 facet normal -1 0 0
  outer loop
  vertex -7.67250061 4.84856892 -7.24999952
  vertex -7.67250061 2.47356892 -7.37499952
  vertex -7.67250061 2.47356892 -7.24999952
  endloop
 endfacet

 facet normal -1 0 0
  outer loop
  vertex -7.67250061 2.47356892 -7.62499952
  vertex -7.67250061 0.0985689163 -7.74999952
  vertex -7.67250061 0.0985689163 -7.62499952
  endloop
 endfacet

 facet normal -1 0 0
  outer loop
  vertex -7.67250061 7.22356892 -7.62499952
  vertex -7.67250061 4.84856892 -7.74999952
  vertex -7.67250061 4.84856892 -7.62499952
  endloop
 endfacet

 facet normal -6.73400677e-08 0 -1
  outer loop
  vertex -7.54874992 4.84856892 -7.37499952
  vertex -7.67250061 7.22356892 -7.37499952
  vertex -7.54874992 7.22356892 -7.37499952
  endloop
 endfacet

 facet normal 6.73400677e-08 1 0
  outer loop
  vertex -7.54874992 9.59856987 -7.74999952
  vertex -7.67250061 9.59856987 -7.62499952
  vertex -7.54874992 9.59856987 -7.62499952
  endloop
 endfacet

 facet normal -6.73400677e-08 0 -1
  outer loop
  vertex -7.54874992 7.22356892 -7.74999952
  vertex -7.67250061 9.59856987 -7.74999952
  vertex -7.54874992 9.59856987 -7.74999952
  endloop
 endfacet

 facet normal 6.73400677e-08 0 1
  outer loop
  vertex -7.54874992 2.47356892 -7.62499952
  vertex -7.67250061 0.0985689163 -7.62499952
  vertex -7.54874992 0.0985689163 -7.62499952
  endloop
 endfacet

 facet normal -6.73400677e-08 0 -1
  outer loop
  vertex -7.54874992 7.22356892 -7.37499952
  vertex -7.67250061 9.59856987 -7.37499952
  vertex -7.54874992 9.59856987 -7.37499952
  endloop
 endfacet

 facet normal -6.73400677e-08 0 -1
  outer loop
  vertex -7.54874992 0.0985689163 -7.74999952
  vertex -7.67250061 2.47356892 -7.74999952
  vertex -7.54874992 2.47356892 -7.74999952
  endloop
 endfacet

 facet normal 6.73400677e-08 0 1
  outer loop
  vertex -7.54874992 4.84856892 -7.24999952
  vertex -7.67250061 2.47356892 -7.24999952
  vertex -7.54874992 2.47356892 -7.24999952
  endloop
 endfacet

 facet normal 6.73400677e-08 0 1
  outer loop
  vertex -7.54874992 4.84856892 -7.62499952
  vertex -7.67250061 2.47356892 -7.62499952
  vertex -7.54874992 2.47356892 -7.62499952
  endloop
 endfacet

 facet normal 6.73400677e-08 0 1
  outer loop
  vertex -7.54874992 7.22356892 -7.24999952
  vertex -7.67250061 4.84856892 -7.24999952
  vertex -7.54874992 4.84856892 -7.24999952
  endloop
 endfacet

 facet normal -6.73400677e-08 0 -1
  outer loop
  vertex -7.54874992 4.84856892 -7.74999952
  vertex -7.67250061 7.22356892 -7.74999952
  vertex -7.54874992 7.22356892 -7.74999952
  endloop
 endfacet

 facet normal -6.73400677e-08 0 -1
  outer loop
  vertex -7.54874992 2.47356892 -7.74999952
  vertex -7.67250061 4.84856892 -7.74999952
  vertex -7.54874992 4.84856892 -7.74999952
  endloop
 endfacet

 facet normal -6.73400677e-08 0 -1
  outer loop
  vertex -7.54874992 0.0985689163 -7.37499952
  vertex -7.67250061 2.47356892 -7.37499952
  vertex -7.54874992 2.47356892 -7.37499952
  endloop
 endfacet

 facet normal 6.73400677e-08 1 0
  outer loop
  vertex 7.30125093 9.59856987 -14.875001
  vertex 7.1775012 9.59856987 -14.750001
  vertex 7.30125093 9.59856987 -14.750001
  endloop
 endfacet

 facet normal -6.73400677e-08 0 -1
  outer loop
  vertex 7.30125093 7.22357035 -15.250001
  vertex 7.30125093 9.59856987 -15.250001
  vertex 7.54875088 9.59856987 -15.250001
  endloop
 endfacet

 facet normal -6.73400677e-08 0 -1
  outer loop
  vertex 7.54875088 4.84857035 -14.875001
  vertex 7.67250061 2.47357035 -14.875001
  vertex 7.54875088 2.47357035 -14.875001
  endloop
 endfacet

 facet normal 6.73400677e-08 0 1
  outer loop
  vertex 7.54875088 9.59856987 -14.750001
  vertex 7.30125093 9.59856987 -14.750001
  vertex 7.30125093 7.22357035 -14.750001
  endloop
 endfacet

 facet normal -6.73400677e-08 -1 0
  outer loop
  vertex 7.54875088 0.09856987 -14.875001
  vertex 7.54875088 0.09856987 -14.750001
  vertex 7.30125093 0.09856987 -14.750001
  endloop
 endfacet

 facet normal 6.73400677e-08 1 0
  outer loop
  vertex 7.30125093 9.59856987 -14.875001
  vertex 7.30125093 9.59856987 -14.750001
  vertex 7.54875088 9.59856987 -14.750001
  endloop
 endfacet

 facet normal 6.73400677e-08 0 1
  outer loop
  vertex 7.54875088 7.22357035 -15.125001
  vertex 7.67250061 9.59856987 -15.125001
  vertex 7.54875088 9.59856987 -15.125001
  endloop
 endfacet

 facet normal 1 0 0
  outer loop
  vertex 7.54875088 4.84857035 -15.125001
  vertex 7.54875088 2.47357035 -15.000001
  vertex 7.54875088 2.47357035 -15.125001
  endloop
 endfacet

 facet normal 1 0 0
  outer loop
  vertex 7.54875088 9.59856987 -15.125001
  vertex 7.54875088 7.22357035 -15.000001
  vertex 7.54875088 7.22357035 -15.125001
  endloop
 endfacet

 facet normal 1 0 0
  outer loop
  vertex 7.54875088 7.22357035 -15.125001
  vertex 7.54875088 4.84857035 -15.000001
  vertex 7.54875088 4.84857035 -15.125001
  endloop
 endfacet

 facet normal -6.73400677e-08 0 -1
  outer loop
  vertex 7.54875088 4.84857035 -15.250001
  vertex 7.67250061 2.47357035 -15.250001
  vertex 7.54875088 2.47357035 -15.250001
  endloop
 endfacet

 facet normal -6.73400677e-08 0 -1
  outer loop
  vertex 7.54875088 2.47357035 -14.875001
  vertex 7.67250252 0.09856987 -14.875001
  vertex 7.54875088 0.09856987 -14.875001
  endloop
 endfacet

 facet normal 1 0 0
  outer loop
  vertex 7.54875088 2.47357035 -15.125001
  vertex 7.54875088 0.09856987 -15.000001
  vertex 7.54875088 0.09856987 -15.125001
  endloop
 endfacet

 facet normal 6.73400677e-08 0 1
  outer loop
  vertex 7.54875088 7.22357035 -14.750001
  vertex 7.67250061 9.59856987 -14.750001
  vertex 7.54875088 9.59856987 -14.750001
  endloop
 endfacet

 facet normal -6.73400677e-08 0 -1
  outer loop
  vertex 7.54875088 7.22357035 -15.250001
  vertex 7.67250061 4.84857035 -15.250001
  vertex 7.54875088 4.84857035 -15.250001
  endloop
 endfacet

 facet normal 6.73400677e-08 0 1
  outer loop
  vertex 7.54875088 4.84857035 -15.125001
  vertex 7.67250061 7.22357035 -15.125001
  vertex 7.54875088 7.22357035 -15.125001
  endloop
 endfacet

 facet normal 1 0 0
  outer loop
  vertex 7.54875088 2.47357035 -15.000001
  vertex 7.54875088 0.09856987 -14.875001
  vertex 7.54875088 0.09856987 -15.000001
  endloop
 endfacet

 facet normal 1 0 0
  outer loop
  vertex 7.54875088 4.84857035 -15.000001
  vertex 7.54875088 2.47357035 -14.875001
  vertex 7.54875088 2.47357035 -15.000001
  endloop
 endfacet

 facet normal 6.73400677e-08 1 0
  outer loop
  vertex 7.54875088 9.59856987 -15.125001
  vertex 7.67250061 9.59856987 -15.250001
  vertex 7.54875088 9.59856987 -15.250001
  endloop
 endfacet

 facet normal 1 0 0
  outer loop
  vertex 7.54875088 7.22357035 -15.000001
  vertex 7.54875088 4.84857035 -14.875001
  vertex 7.54875088 4.84857035 -15.000001
  endloop
 endfacet

 facet normal 1 0 0
  outer loop
  vertex 7.54875088 9.59856987 -15.000001
  vertex 7.54875088 7.22357035 -14.875001
  vertex 7.54875088 7.22357035 -15.000001
  endloop
 endfacet

 facet normal 1 0 0
  outer loop
  vertex 7.67250061 9.59856987 -14.875001
  vertex 7.67250061 7.22357035 -14.750001
  vertex 7.67250061 7.22357035 -14.875001
  endloop
 endfacet

 facet normal 1 0 0
  outer loop
  vertex 7.67250061 4.84857035 -14.875001
  vertex 7.67250061 2.47357035 -14.750001
  vertex 7.67250061 2.47357035 -14.875001
  endloop
 endfacet

 facet normal 1 0 0
  outer loop
  vertex 7.67250061 7.22357035 -15.250001
  vertex 7.67250061 4.84857035 -15.125001
  vertex 7.67250061 4.84857035 -15.250001
  endloop
 endfacet

 facet normal 1 0 0
  outer loop
  vertex 7.67250061 9.59856987 -15.250001
  vertex 7.67250061 7.22357035 -15.125001
  vertex 7.67250061 7.22357035 -15.250001
  endloop
 endfacet

 facet normal 1 0 0
  outer loop
  vertex 7.67250061 2.47357035 -15.250001
  vertex 7.67250252 0.09856987 -15.125001
  vertex 7.67250252 0.09856987 -15.250001
  endloop
 endfacet

 facet normal 1 0 0
  outer loop
  vertex 7.67250061 4.84857035 -15.250001
  vertex 7.67250061 2.47357035 -15.125001
  vertex 7.67250061 2.47357035 -15.250001
  endloop
 endfacet

 facet normal 1 0 0
  outer loop
  vertex 7.67250061 2.47357035 -14.875001
  vertex 7.67250252 0.09856987 -14.750001
  vertex 7.67250252 0.09856987 -14.875001
  endloop
 endfacet

 facet normal 1 0 0
  outer loop
  vertex 7.67250061 7.22357035 -14.875001
  vertex 7.67250061 4.84857035 -14.750001
  vertex 7.67250061 4.84857035 -14.875001
  endloop
 endfacet

 facet normal -6.73400677e-08 0 -1
  outer loop
  vertex 7.54875088 2.47357035 -15.250001
  vertex 7.67250252 0.09856987 -15.250001
  vertex 7.54875088 0.09856987 -15.250001
  endloop
 endfacet

 facet normal -6.73400677e-08 -1 0
  outer loop
  vertex 7.54875088 0.09856987 -15.250001
  vertex 7.67250252 0.09856987 -15.125001
  vertex 7.54875088 0.09856987 -15.125001
  endloop
 endfacet

 facet normal 6.73400677e-08 0 1
  outer loop
  vertex 7.54875088 4.84857035 -14.750001
  vertex 7.67250061 7.22357035 -14.750001
  vertex 7.54875088 7.22357035 -14.750001
  endloop
 endfacet

 facet normal 6.73400677e-08 1 0
  outer loop
  vertex 7.54875088 9.59856987 -14.750001
  vertex 7.67250061 9.59856987 -14.875001
  vertex 7.54875088 9.59856987 -14.875001
  endloop
 endfacet

 facet normal 6.73400677e-08 0 1
  outer loop
  vertex 7.54875088 2.47357035 -14.750001
  vertex 7.67250061 4.84857035 -14.750001
  vertex 7.54875088 4.84857035 -14.750001
  endloop
 endfacet

 facet normal 6.73400677e-08 0 1
  outer loop
  vertex 7.54875088 0.09856987 -15.125001
  vertex 7.67250061 2.47357035 -15.125001
  vertex 7.54875088 2.47357035 -15.125001
  endloop
 endfacet

 facet normal -6.73400677e-08 0 -1
  outer loop
  vertex 7.54875088 7.22357035 -14.875001
  vertex 7.67250061 4.84857035 -14.875001
  vertex 7.54875088 4.84857035 -14.875001
  endloop
 endfacet

 facet normal 6.73400677e-08 0 1
  outer loop
  vertex 7.54875088 0.09856987 -14.750001
  vertex 7.67250061 2.47357035 -14.750001
  vertex 7.54875088 2.47357035 -14.750001
  endloop
 endfacet

 facet normal -6.73400677e-08 0 -1
  outer loop
  vertex 7.54875088 9.59856987 -15.250001
  vertex 7.67250061 7.22357035 -15.250001
  vertex 7.54875088 7.22357035 -15.250001
  endloop
 endfacet

 facet normal 6.73400677e-08 0 1
  outer loop
  vertex 7.54875088 2.47357035 -15.125001
  vertex 7.67250061 4.84857035 -15.125001
  vertex 7.54875088 4.84857035 -15.125001
  endloop
 endfacet

 facet normal -6.73400677e-08 0 -1
  outer loop
  vertex 7.54875088 9.59856987 -14.875001
  vertex 7.67250061 7.22357035 -14.875001
  vertex 7.54875088 7.22357035 -14.875001
  endloop
 endfacet

 facet normal -6.73400677e-08 -1 0
  outer loop
  vertex 7.54875088 0.09856987 -14.875001
  vertex 7.67250252 0.09856987 -14.750001
  vertex 7.54875088 0.09856987 -14.750001
  endloop
 endfacet

 facet normal 6.73400677e-08 0 1
  outer loop
  vertex 7.30125093 9.59856987 -14.750001
  vertex 7.1775012 7.22357035 -14.750001
  vertex 7.30125093 7.22357035 -14.750001
  endloop
 endfacet

 facet normal -1 0 0
  outer loop
  vertex 7.30125093 4.84857035 -14.875001
  vertex 7.30125093 2.47357035 -15.000001
  vertex 7.30125093 2.47357035 -14.875001
  endloop
 endfacet

 facet normal -1 0 0
  outer loop
  vertex 7.30125093 9.59856987 -14.875001
  vertex 7.30125093 7.22357035 -15.000001
  vertex 7.30125093 7.22357035 -14.875001
  endloop
 endfacet

 facet normal -1 0 0
  outer loop
  vertex 7.30125093 7.22357035 -14.875001
  vertex 7.30125093 4.84857035 -15.000001
  vertex 7.30125093 4.84857035 -14.875001
  endloop
 endfacet

 facet normal 6.73400677e-08 0 1
  outer loop
  vertex 7.30125093 2.47357035 -14.750001
  vertex 7.1775012 0.09856987 -14.750001
  vertex 7.30125093 0.09856987 -14.750001
  endloop
 endfacet

 facet normal 6.73400677e-08 0 1
  outer loop
  vertex 7.30125093 9.59856987 -15.125001
  vertex 7.1775012 7.22357035 -15.125001
  vertex 7.30125093 7.22357035 -15.125001
  endloop
 endfacet

 facet normal -1 0 0
  outer loop
  vertex 7.30125093 2.47357035 -14.875001
  vertex 7.30125093 0.09856987 -15.000001
  vertex 7.30125093 0.09856987 -14.875001
  endloop
 endfacet

 facet normal -6.73400677e-08 -1 0
  outer loop
  vertex 7.30125093 0.09856987 -14.750001
  vertex 7.1775012 0.09856987 -14.875001
  vertex 7.30125093 0.09856987 -14.875001
  endloop
 endfacet

 facet normal -6.73400677e-08 0 -1
  outer loop
  vertex 7.30125093 2.47357035 -14.875001
  vertex 7.1775012 4.84857035 -14.875001
  vertex 7.30125093 4.84857035 -14.875001
  endloop
 endfacet

 facet normal -6.73400677e-08 -1 0
  outer loop
  vertex 7.30125093 0.09856987 -15.125001
  vertex 7.1775012 0.09856987 -15.250001
  vertex 7.30125093 0.09856987 -15.250001
  endloop
 endfacet

 facet normal -1 0 0
  outer loop
  vertex 7.30125093 2.47357035 -15.000001
  vertex 7.30125093 0.09856987 -15.125001
  vertex 7.30125093 0.09856987 -15.000001
  endloop
 endfacet

 facet normal -1 0 0
  outer loop
  vertex 7.30125093 4.84857035 -15.000001
  vertex 7.30125093 2.47357035 -15.125001
  vertex 7.30125093 2.47357035 -15.000001
  endloop
 endfacet

 facet normal 6.73400677e-08 0 1
  outer loop
  vertex 7.30125093 7.22357035 -15.125001
  vertex 7.1775012 4.84857035 -15.125001
  vertex 7.30125093 4.84857035 -15.125001
  endloop
 endfacet

 facet normal -1 0 0
  outer loop
  vertex 7.30125093 7.22357035 -15.000001
  vertex 7.30125093 4.84857035 -15.125001
  vertex 7.30125093 4.84857035 -15.000001
  endloop
 endfacet

 facet normal -1 0 0
  outer loop
  vertex 7.30125093 9.59856987 -15.000001
  vertex 7.30125093 7.22357035 -15.125001
  vertex 7.30125093 7.22357035 -15.000001
  endloop
 endfacet

 facet normal -1 0 0
  outer loop
  vertex 7.1775012 9.59856987 -15.125001
  vertex 7.1775012 7.22357035 -15.250001
  vertex 7.1775012 7.22357035 -15.125001
  endloop
 endfacet

 facet normal -1 0 0
  outer loop
  vertex 7.1775012 4.84857035 -15.125001
  vertex 7.1775012 2.47357035 -15.250001
  vertex 7.1775012 2.47357035 -15.125001
  endloop
 endfacet

 facet normal -1 0 0
  outer loop
  vertex 7.1775012 7.22357035 -14.750001
  vertex 7.1775012 4.84857035 -14.875001
  vertex 7.1775012 4.84857035 -14.750001
  endloop
 endfacet

 facet normal -1 0 0
  outer loop
  vertex 7.1775012 9.59856987 -14.750001
  vertex 7.1775012 7.22357035 -14.875001
  vertex 7.1775012 7.22357035 -14.750001
  endloop
 endfacet

 facet normal -1 0 0
  outer loop
  vertex 7.1775012 2.47357035 -14.750001
  vertex 7.1775012 0.09856987 -14.875001
  vertex 7.1775012 0.09856987 -14.750001
  endloop
 endfacet

 facet normal -1 0 0
  outer loop
  vertex 7.1775012 4.84857035 -14.750001
  vertex 7.1775012 2.47357035 -14.875001
  vertex 7.1775012 2.47357035 -14.750001
  endloop
 endfacet

 facet normal -1 0 0
  outer loop
  vertex 7.1775012 2.47357035 -15.125001
  vertex 7.1775012 0.09856987 -15.250001
  vertex 7.1775012 0.09856987 -15.125001
  endloop
 endfacet

 facet normal -1 0 0
  outer loop
  vertex 7.1775012 7.22357035 -15.125001
  vertex 7.1775012 4.84857035 -15.250001
  vertex 7.1775012 4.84857035 -15.125001
  endloop
 endfacet

 facet normal -6.73400677e-08 0 -1
  outer loop
  vertex 7.30125093 4.84857035 -14.875001
  vertex 7.1775012 7.22357035 -14.875001
  vertex 7.30125093 7.22357035 -14.875001
  endloop
 endfacet

 facet normal 6.73400677e-08 1 0
  outer loop
  vertex 7.30125093 9.59856987 -15.250001
  vertex 7.1775012 9.59856987 -15.125001
  vertex 7.30125093 9.59856987 -15.125001
  endloop
 endfacet

 facet normal -6.73400677e-08 0 -1
  outer loop
  vertex 7.30125093 7.22357035 -15.250001
  vertex 7.1775012 9.59856987 -15.250001
  vertex 7.30125093 9.59856987 -15.250001
  endloop
 endfacet

 facet normal 6.73400677e-08 0 1
  outer loop
  vertex 7.30125093 2.47357035 -15.125001
  vertex 7.1775012 0.09856987 -15.125001
  vertex 7.30125093 0.09856987 -15.125001
  endloop
 endfacet

 facet normal -6.73400677e-08 0 -1
  outer loop
  vertex 7.30125093 7.22357035 -14.875001
  vertex 7.1775012 9.59856987 -14.875001
  vertex 7.30125093 9.59856987 -14.875001
  endloop
 endfacet

 facet normal -6.73400677e-08 0 -1
  outer loop
  vertex 7.30125093 0.09856987 -15.250001
  vertex 7.1775012 2.47357035 -15.250001
  vertex 7.30125093 2.47357035 -15.250001
  endloop
 endfacet

 facet normal 6.73400677e-08 0 1
  outer loop
  vertex 7.30125093 4.84857035 -14.750001
  vertex 7.1775012 2.47357035 -14.750001
  vertex 7.30125093 2.47357035 -14.750001
  endloop
 endfacet

 facet normal 6.73400677e-08 0 1
  outer loop
  vertex 7.30125093 4.84857035 -15.125001
  vertex 7.1775012 2.47357035 -15.125001
  vertex 7.30125093 2.47357035 -15.125001
  endloop
 endfacet

 facet normal 6.73400677e-08 0 1
  outer loop
  vertex 7.30125093 7.22357035 -14.750001
  vertex 7.1775012 4.84857035 -14.750001
  vertex 7.30125093 4.84857035 -14.750001
  endloop
 endfacet

 facet normal -6.73400677e-08 0 -1
  outer loop
  vertex 7.30125093 4.84857035 -15.250001
  vertex 7.1775012 7.22357035 -15.250001
  vertex 7.30125093 7.22357035 -15.250001
  endloop
 endfacet

 facet normal -6.73400677e-08 0 -1
  outer loop
  vertex 7.30125093 2.47357035 -15.250001
  vertex 7.1775012 4.84857035 -15.250001
  vertex 7.30125093 4.84857035 -15.250001
  endloop
 endfacet

 facet normal -6.73400677e-08 0 -1
  outer loop
  vertex 7.30125093 0.09856987 -14.875001
  vertex 7.1775012 2.47357035 -14.875001
  vertex 7.30125093 2.47357035 -14.875001
  endloop
 endfacet

 facet normal 1 0 0
  outer loop
  vertex 14.8500004 9.72356892 -14.875001
  vertex 14.8500004 9.59856892 -14.750001
  vertex 14.8500004 9.59856892 -14.875001
  endloop
 endfacet

 facet normal 6.73400677e-08 1 0
  outer loop
  vertex 7.4250021 10.0985689 -14.875001
  vertex 14.8500004 10.0985689 -15.125001
  vertex 7.4250021 10.0985689 -15.125001
  endloop
 endfacet

 facet normal 6.73400677e-08 1 0
  outer loop
  vertex 0 9.72356987 -15.125
  vertex -7.42500019 9.72357082 -15.249999
  vertex -7.42500019 9.72357082 -15.124999
  endloop
 endfacet

 facet normal -6.73400677e-08 -1 0
  outer loop
  vertex 7.4250021 9.59856892 -15.125001
  vertex 14.8500004 9.59856892 -14.875001
  vertex 7.4250021 9.59856892 -14.875001
  endloop
 endfacet

 facet normal -1 0 0
  outer loop
  vertex -14.8500004 9.72357082 -15.124999
  vertex -14.8500004 9.59857082 -15.124999
  vertex -14.8500004 9.59857082 -14.874999
  endloop
 endfacet

 facet normal 1 0 0
  outer loop
  vertex 14.8500004 9.72356892 -14.875001
  vertex 14.8500004 9.59856892 -14.875001
  vertex 14.8500004 9.59856892 -15.125001
  endloop
 endfacet

 facet normal -6.73400677e-08 -1 0
  outer loop
  vertex 7.4250021 9.97356892 -15.125001
  vertex 14.8500004 9.97356892 -15.250001
  vertex 14.8500004 9.97356892 -15.125001
  endloop
 endfacet

 facet normal -6.73400677e-08 0 -1
  outer loop
  vertex 0 9.97356987 -15.125
  vertex -7.42500019 9.84857082 -15.124999
  vertex -7.42500019 9.97357082 -15.124999
  endloop
 endfacet

 facet normal -6.73400677e-08 0 -1
  outer loop
  vertex 14.8500004 9.97356892 -15.125001
  vertex 7.4250021 9.84856892 -15.125001
  vertex 7.4250021 9.97356892 -15.125001
  endloop
 endfacet

 facet normal -6.73400677e-08 0 -1
  outer loop
  vertex 7.4250021 9.97356892 -15.125001
  vertex 0 9.84856987 -15.125
  vertex 0 9.97356987 -15.125
  endloop
 endfacet

 facet normal 6.73400677e-08 1 0
  outer loop
  vertex 0 10.0985699 -15.125
  vertex -7.42500019 10.0985708 -15.249999
  vertex -7.42500019 10.0985708 -15.124999
  endloop
 endfacet

 facet normal 6.73400677e-08 1 0
  outer loop
  vertex -7.42500019 9.72357082 -15.124999
  vertex -14.8500004 9.72357082 -15.249999
  vertex -14.8500004 9.72357082 -15.124999
  endloop
 endfacet

 facet normal -6.73400677e-08 0 -1
  outer loop
  vertex -7.42500019 9.97357082 -15.124999
  vertex -14.8500004 9.84857082 -15.124999
  vertex -14.8500004 9.97357082 -15.124999
  endloop
 endfacet

 facet normal -6.73400677e-08 -1 0
  outer loop
  vertex 7.4250021 9.59856892 -15.125001
  vertex 14.8500004 9.59856892 -15.250001
  vertex 14.8500004 9.59856892 -15.125001
  endloop
 endfacet

 facet normal 6.73400677e-08 1 0
  outer loop
  vertex 7.4250021 10.0985689 -15.125001
  vertex 0 10.0985699 -15.25
  vertex 0 10.0985699 -15.125
  endloop
 endfacet

 facet normal -6.73400677e-08 -1 0
  outer loop
  vertex 0 9.97356987 -15.125
  vertex 7.4250021 9.97356892 -15.250001
  vertex 7.4250021 9.97356892 -15.125001
  endloop
 endfacet

 facet normal -6.73400677e-08 0 -1
  outer loop
  vertex -7.42500019 9.84857082 -15.124999
  vertex -14.8500004 9.72357082 -15.124999
  vertex -14.8500004 9.84857082 -15.124999
  endloop
 endfacet

 facet normal -6.73400677e-08 0 -1
  outer loop
  vertex 0 9.84856987 -15.125
  vertex -7.42500019 9.72357082 -15.124999
  vertex -7.42500019 9.84857082 -15.124999
  endloop
 endfacet

 facet normal 1 0 0
  outer loop
  vertex 14.8500004 9.97356892 -15.125001
  vertex 14.8500004 10.0985689 -15.250001
  vertex 14.8500004 10.0985689 -15.125001
  endloop
 endfacet

 facet normal -6.73400677e-08 0 -1
  outer loop
  vertex 7.4250021 9.84856892 -15.125001
  vertex 0 9.72356987 -15.125
  vertex 0 9.84856987 -15.125
  endloop
 endfacet

 facet normal -6.73400677e-08 0 -1
  outer loop
  vertex 14.8500004 9.84856892 -15.125001
  vertex 7.4250021 9.72356892 -15.125001
  vertex 7.4250021 9.84856892 -15.125001
  endloop
 endfacet

 facet normal -6.73400677e-08 0 -1
  outer loop
  vertex 14.8500004 9.72356892 -15.250001
  vertex 7.4250021 9.59856892 -15.250001
  vertex 7.4250021 9.72356892 -15.250001
  endloop
 endfacet

 facet normal -6.73400677e-08 0 -1
  outer loop
  vertex 0 9.72356987 -15.25
  vertex -7.42500019 9.59856987 -15.249999
  vertex -7.42500019 9.72357082 -15.249999
  endloop
 endfacet

 facet normal -6.73400677e-08 0 -1
  outer loop
  vertex 7.4250021 10.0985689 -15.250001
  vertex 0 9.97356987 -15.25
  vertex 0 10.0985699 -15.25
  endloop
 endfacet

 facet normal -6.73400677e-08 0 -1
  outer loop
  vertex 14.8500004 10.0985689 -15.250001
  vertex 7.4250021 9.97356892 -15.250001
  vertex 7.4250021 10.0985689 -15.250001
  endloop
 endfacet

 facet normal -6.73400677e-08 0 -1
  outer loop
  vertex -7.42500019 10.0985708 -15.249999
  vertex -14.8500004 9.97357082 -15.249999
  vertex -14.8500004 10.0985708 -15.249999
  endloop
 endfacet

 facet normal -6.73400677e-08 0 -1
  outer loop
  vertex 0 10.0985699 -15.25
  vertex -7.42500019 9.97357082 -15.249999
  vertex -7.42500019 10.0985708 -15.249999
  endloop
 endfacet

 facet normal -6.73400677e-08 0 -1
  outer loop
  vertex -7.42500019 9.72357082 -15.249999
  vertex -14.8500004 9.59857082 -15.249999
  vertex -14.8500004 9.72357082 -15.249999
  endloop
 endfacet

 facet normal -6.73400677e-08 0 -1
  outer loop
  vertex 7.4250021 9.72356892 -15.250001
  vertex 0 9.59856987 -15.25
  vertex 0 9.72356987 -15.25
  endloop
 endfacet

 facet normal 6.73400677e-08 1 0
  outer loop
  vertex -7.42500019 10.0985708 -15.124999
  vertex -14.8500004 10.0985708 -15.249999
  vertex -14.8500004 10.0985708 -15.124999
  endloop
 endfacet

 facet normal -1 0 0
  outer loop
  vertex -14.8500004 10.0985708 -15.124999
  vertex -14.8500004 9.97357082 -15.249999
  vertex -14.8500004 9.97357082 -15.124999
  endloop
 endfacet

 facet normal -6.73400677e-08 -1 0
  outer loop
  vertex 0 9.59856987 -15.125
  vertex 7.4250021 9.59856892 -15.250001
  vertex 7.4250021 9.59856892 -15.125001
  endloop
 endfacet

 facet normal 1 0 0
  outer loop
  vertex 14.8500004 9.59856892 -15.125001
  vertex 14.8500004 9.72356892 -15.250001
  vertex 14.8500004 9.72356892 -15.125001
  endloop
 endfacet

 facet normal -6.73400677e-08 -1 0
  outer loop
  vertex -7.42500019 9.59856987 -15.124999
  vertex 0 9.59856987 -15.25
  vertex 0 9.59856987 -15.125
  endloop
 endfacet

 facet normal -6.73400677e-08 -1 0
  outer loop
  vertex -14.8500004 9.97357082 -15.124999
  vertex -7.42500019 9.97357082 -15.249999
  vertex -7.42500019 9.97357082 -15.124999
  endloop
 endfacet

 facet normal 6.73400677e-08 1 0
  outer loop
  vertex 7.4250021 9.72356892 -15.125001
  vertex 0 9.72356987 -15.25
  vertex 0 9.72356987 -15.125
  endloop
 endfacet

 facet normal -6.73400677e-08 -1 0
  outer loop
  vertex -14.8500004 9.59857082 -15.124999
  vertex -7.42500019 9.59856987 -15.249999
  vertex -7.42500019 9.59856987 -15.124999
  endloop
 endfacet

 facet normal 6.73400677e-08 1 0
  outer loop
  vertex 14.8500004 10.0985689 -15.125001
  vertex 7.4250021 10.0985689 -15.250001
  vertex 7.4250021 10.0985689 -15.125001
  endloop
 endfacet

 facet normal -6.73400677e-08 -1 0
  outer loop
  vertex -7.42500019 9.97357082 -15.124999
  vertex 0 9.97356987 -15.25
  vertex 0 9.97356987 -15.125
  endloop
 endfacet

 facet normal 6.73400677e-08 1 0
  outer loop
  vertex 14.8500004 9.72356892 -15.125001
  vertex 7.4250021 9.72356892 -15.250001
  vertex 7.4250021 9.72356892 -15.125001
  endloop
 endfacet

 facet normal -1 0 0
  outer loop
  vertex -14.8500004 9.72357082 -15.124999
  vertex -14.8500004 9.59857082 -15.249999
  vertex -14.8500004 9.59857082 -15.124999
  endloop
 endfacet

 facet normal -6.73400677e-08 -1 0
  outer loop
  vertex 14.8500004 9.59856892 -14.875001
  vertex 7.4250021 9.59856892 -14.750001
  vertex 7.4250021 9.59856892 -14.875001
  endloop
 endfacet

 facet normal 6.73400677e-08 0 1
  outer loop
  vertex 0 9.72356987 -14.875
  vertex -7.42500019 9.84857082 -14.874999
  vertex -7.42500019 9.72357082 -14.874999
  endloop
 endfacet

 facet normal 6.73400677e-08 0 1
  outer loop
  vertex 14.8500004 9.72356892 -14.875001
  vertex 7.4250021 9.84856892 -14.875001
  vertex 7.4250021 9.72356892 -14.875001
  endloop
 endfacet

 facet normal 6.73400677e-08 0 1
  outer loop
  vertex 7.4250021 9.72356892 -14.875001
  vertex 0 9.84856987 -14.875
  vertex 0 9.72356987 -14.875
  endloop
 endfacet

 facet normal -6.73400677e-08 -1 0
  outer loop
  vertex -7.42500019 9.59856987 -14.874999
  vertex -14.8500004 9.59857082 -14.749999
  vertex -14.8500004 9.59857082 -14.874999
  endloop
 endfacet

 facet normal -6.73400677e-08 -1 0
  outer loop
  vertex 14.8500004 9.97356892 -14.875001
  vertex 7.4250021 9.97356892 -14.750001
  vertex 7.4250021 9.97356892 -14.875001
  endloop
 endfacet

 facet normal 6.73400677e-08 0 1
  outer loop
  vertex -7.42500019 9.72357082 -14.874999
  vertex -14.8500004 9.84857082 -14.874999
  vertex -14.8500004 9.72357082 -14.874999
  endloop
 endfacet

 facet normal -1 0 0
  outer loop
  vertex -14.8500004 9.59857082 -14.874999
  vertex -14.8500004 9.72357082 -14.749999
  vertex -14.8500004 9.72357082 -14.874999
  endloop
 endfacet

 facet normal 6.73400677e-08 1 0
  outer loop
  vertex -7.42500019 9.72357082 -14.874999
  vertex 0 9.72356987 -14.75
  vertex 0 9.72356987 -14.875
  endloop
 endfacet

 facet normal -1 0 0
  outer loop
  vertex -14.8500004 9.97357082 -14.874999
  vertex -14.8500004 10.0985708 -14.749999
  vertex -14.8500004 10.0985708 -14.874999
  endloop
 endfacet

 facet normal 6.73400677e-08 0 1
  outer loop
  vertex -7.42500019 9.84857082 -14.874999
  vertex -14.8500004 9.97357082 -14.874999
  vertex -14.8500004 9.84857082 -14.874999
  endloop
 endfacet

 facet normal 6.73400677e-08 0 1
  outer loop
  vertex 0 9.84856987 -14.875
  vertex -7.42500019 9.97357082 -14.874999
  vertex -7.42500019 9.84857082 -14.874999
  endloop
 endfacet

 facet normal -6.73400677e-08 -1 0
  outer loop
  vertex 7.4250021 9.97356892 -14.875001
  vertex 0 9.97356987 -14.75
  vertex 0 9.97356987 -14.875
  endloop
 endfacet

 facet normal 6.73400677e-08 0 1
  outer loop
  vertex 7.4250021 9.84856892 -14.875001
  vertex 0 9.97356987 -14.875
  vertex 0 9.84856987 -14.875
  endloop
 endfacet

 facet normal 6.73400677e-08 0 1
  outer loop
  vertex 14.8500004 9.84856892 -14.875001
  vertex 7.4250021 9.97356892 -14.875001
  vertex 7.4250021 9.84856892 -14.875001
  endloop
 endfacet

 facet normal 6.73400677e-08 0 1
  outer loop
  vertex 14.8500004 9.97356892 -14.750001
  vertex 7.4250021 10.0985689 -14.750001
  vertex 7.4250021 9.97356892 -14.750001
  endloop
 endfacet

 facet normal 6.73400677e-08 0 1
  outer loop
  vertex 0 9.97356987 -14.75
  vertex -7.42500019 10.0985708 -14.749999
  vertex -7.42500019 9.97357082 -14.749999
  endloop
 endfacet

 facet normal 6.73400677e-08 0 1
  outer loop
  vertex 7.4250021 9.59856892 -14.750001
  vertex 0 9.72356987 -14.75
  vertex 0 9.59856987 -14.75
  endloop
 endfacet

 facet normal 6.73400677e-08 0 1
  outer loop
  vertex 14.8500004 9.59856892 -14.750001
  vertex 7.4250021 9.72356892 -14.750001
  vertex 7.4250021 9.59856892 -14.750001
  endloop
 endfacet

 facet normal 6.73400677e-08 0 1
  outer loop
  vertex -7.42500019 9.59856987 -14.749999
  vertex -14.8500004 9.72357082 -14.749999
  vertex -14.8500004 9.59857082 -14.749999
  endloop
 endfacet

 facet normal 6.73400677e-08 0 1
  outer loop
  vertex 0 9.59856987 -14.75
  vertex -7.42500019 9.72357082 -14.749999
  vertex -7.42500019 9.59856987 -14.749999
  endloop
 endfacet

 facet normal 6.73400677e-08 0 1
  outer loop
  vertex -7.42500019 9.97357082 -14.749999
  vertex -14.8500004 10.0985708 -14.749999
  vertex -14.8500004 9.97357082 -14.749999
  endloop
 endfacet

 facet normal 6.73400677e-08 0 1
  outer loop
  vertex 7.4250021 9.97356892 -14.750001
  vertex 0 10.0985699 -14.75
  vertex 0 9.97356987 -14.75
  endloop
 endfacet

 facet normal 6.73400677e-08 1 0
  outer loop
  vertex 0 9.72356987 -14.875
  vertex 7.4250021 9.72356892 -14.750001
  vertex 7.4250021 9.72356892 -14.875001
  endloop
 endfacet

 facet normal 1 0 0
  outer loop
  vertex 14.8500004 10.0985689 -14.875001
  vertex 14.8500004 9.97356892 -14.750001
  vertex 14.8500004 9.97356892 -14.875001
  endloop
 endfacet

 facet normal 6.73400677e-08 1 0
  outer loop
  vertex 7.4250021 10.0985689 -14.875001
  vertex 14.8500004 10.0985689 -14.750001
  vertex 14.8500004 10.0985689 -14.875001
  endloop
 endfacet

 facet normal -6.73400677e-08 -1 0
  outer loop
  vertex -7.42500019 9.97357082 -14.874999
  vertex -14.8500004 9.97357082 -14.749999
  vertex -14.8500004 9.97357082 -14.874999
  endloop
 endfacet

 facet normal 6.73400677e-08 1 0
  outer loop
  vertex 7.4250021 9.72356892 -14.875001
  vertex 14.8500004 9.72356892 -14.750001
  vertex 14.8500004 9.72356892 -14.875001
  endloop
 endfacet

 facet normal 6.73400677e-08 1 0
  outer loop
  vertex -14.8500004 10.0985708 -14.874999
  vertex -7.42500019 10.0985708 -14.749999
  vertex -7.42500019 10.0985708 -14.874999
  endloop
 endfacet

 facet normal -6.73400677e-08 -1 0
  outer loop
  vertex 0 9.59856987 -14.875
  vertex -7.42500019 9.59856987 -14.749999
  vertex -7.42500019 9.59856987 -14.874999
  endloop
 endfacet

 facet normal -6.73400677e-08 -1 0
  outer loop
  vertex 0 9.97356987 -14.875
  vertex -7.42500019 9.97357082 -14.749999
  vertex -7.42500019 9.97357082 -14.874999
  endloop
 endfacet

 facet normal -6.73400677e-08 -1 0
  outer loop
  vertex 7.4250021 9.59856892 -14.875001
  vertex 0 9.59856987 -14.75
  vertex 0 9.59856987 -14.875
  endloop
 endfacet

 facet normal 6.73400677e-08 1 0
  outer loop
  vertex 0 10.0985699 -14.875
  vertex 7.4250021 10.0985689 -14.750001
  vertex 7.4250021 10.0985689 -14.875001
  endloop
 endfacet

 facet normal 6.73400677e-08 1 0
  outer loop
  vertex -7.42500019 10.0985708 -14.874999
  vertex 0 10.0985699 -14.75
  vertex 0 10.0985699 -14.875
  endloop
 endfacet

 facet normal 6.73400677e-08 1 0
  outer loop
  vertex -14.8500004 9.72357082 -14.874999
  vertex -7.42500019 9.72357082 -14.749999
  vertex -7.42500019 9.72357082 -14.874999
  endloop
 endfacet

 facet normal 6.73400677e-08 1 0
  outer loop
  vertex -7.54874992 9.59856987 -14.874999
  vertex -7.67250061 9.59856987 -14.749999
  vertex -7.54874992 9.59856987 -14.749999
  endloop
 endfacet

 facet normal -6.73400677e-08 0 -1
  outer loop
  vertex -7.54874992 9.59856987 -15.249999
  vertex -7.30124903 9.59856987 -15.249999
  vertex -7.30124903 7.22356892 -15.249999
  endloop
 endfacet

 facet normal -6.73400677e-08 0 -1
  outer loop
  vertex -7.30124903 4.84856892 -14.874999
  vertex -7.17749977 2.47356892 -14.874999
  vertex -7.30124903 2.47356892 -14.874999
  endloop
 endfacet

 facet normal 6.73400677e-08 0 1
  outer loop
  vertex -7.30124903 9.59856987 -14.749999
  vertex -7.54874992 9.59856987 -14.749999
  vertex -7.54874992 7.22356892 -14.749999
  endloop
 endfacet

 facet normal -6.73400677e-08 -1 0
  outer loop
  vertex -7.30124903 0.0985689163 -14.874999
  vertex -7.30124903 0.0985689163 -14.749999
  vertex -7.54874992 0.0985689163 -14.749999
  endloop
 endfacet

 facet normal 6.73400677e-08 1 0
  outer loop
  vertex -7.54874992 9.59856987 -14.874999
  vertex -7.54874992 9.59856987 -14.749999
  vertex -7.30124903 9.59856987 -14.749999
  endloop
 endfacet

 facet normal 6.73400677e-08 0 1
  outer loop
  vertex -7.30124903 7.22356892 -15.124999
  vertex -7.17749977 9.59856987 -15.124999
  vertex -7.30124903 9.59856987 -15.124999
  endloop
 endfacet

 facet normal 1 0 0
  outer loop
  vertex -7.30124903 4.84856892 -15.124999
  vertex -7.30124903 2.47356892 -14.999999
  vertex -7.30124903 2.47356892 -15.124999
  endloop
 endfacet

 facet normal 1 0 0
  outer loop
  vertex -7.30124903 9.59856987 -15.124999
  vertex -7.30124903 7.22356892 -14.999999
  vertex -7.30124903 7.22356892 -15.124999
  endloop
 endfacet

 facet normal 1 0 0
  outer loop
  vertex -7.30124903 7.22356892 -15.124999
  vertex -7.30124903 4.84856892 -14.999999
  vertex -7.30124903 4.84856892 -15.124999
  endloop
 endfacet

 facet normal -6.73400677e-08 0 -1
  outer loop
  vertex -7.30124903 4.84856892 -15.249999
  vertex -7.17749977 2.47356892 -15.249999
  vertex -7.30124903 2.47356892 -15.249999
  endloop
 endfacet

 facet normal -6.73400677e-08 0 -1
  outer loop
  vertex -7.30124903 2.47356892 -14.874999
  vertex -7.17749977 0.0985689163 -14.874999
  vertex -7.30124903 0.0985689163 -14.874999
  endloop
 endfacet

 facet normal 1 0 0
  outer loop
  vertex -7.30124903 2.47356892 -15.124999
  vertex -7.30124903 0.0985689163 -14.999999
  vertex -7.30124903 0.0985689163 -15.124999
  endloop
 endfacet

 facet normal 6.73400677e-08 0 1
  outer loop
  vertex -7.30124903 7.22356892 -14.749999
  vertex -7.17749977 9.59856987 -14.749999
  vertex -7.30124903 9.59856987 -14.749999
  endloop
 endfacet

 facet normal -6.73400677e-08 0 -1
  outer loop
  vertex -7.30124903 7.22356892 -15.249999
  vertex -7.17749977 4.84856892 -15.249999
  vertex -7.30124903 4.84856892 -15.249999
  endloop
 endfacet

 facet normal 6.73400677e-08 0 1
  outer loop
  vertex -7.30124903 4.84856892 -15.124999
  vertex -7.17749977 7.22356892 -15.124999
  vertex -7.30124903 7.22356892 -15.124999
  endloop
 endfacet

 facet normal 1 0 0
  outer loop
  vertex -7.30124903 2.47356892 -14.999999
  vertex -7.30124903 0.0985689163 -14.874999
  vertex -7.30124903 0.0985689163 -14.999999
  endloop
 endfacet

 facet normal 1 0 0
  outer loop
  vertex -7.30124903 4.84856892 -14.999999
  vertex -7.30124903 2.47356892 -14.874999
  vertex -7.30124903 2.47356892 -14.999999
  endloop
 endfacet

 facet normal 6.73400677e-08 1 0
  outer loop
  vertex -7.30124903 9.59856987 -15.124999
  vertex -7.17749977 9.59856987 -15.249999
  vertex -7.30124903 9.59856987 -15.249999
  endloop
 endfacet

 facet normal 1 0 0
  outer loop
  vertex -7.30124903 7.22356892 -14.999999
  vertex -7.30124903 4.84856892 -14.874999
  vertex -7.30124903 4.84856892 -14.999999
  endloop
 endfacet

 facet normal 1 0 0
  outer loop
  vertex -7.30124903 9.59856987 -14.999999
  vertex -7.30124903 7.22356892 -14.874999
  vertex -7.30124903 7.22356892 -14.999999
  endloop
 endfacet

 facet normal 1 0 0
  outer loop
  vertex -7.17749977 9.59856987 -14.874999
  vertex -7.17749977 7.22356892 -14.749999
  vertex -7.17749977 7.22356892 -14.874999
  endloop
 endfacet

 facet normal 1 0 0
  outer loop
  vertex -7.17749977 4.84856892 -14.874999
  vertex -7.17749977 2.47356892 -14.749999
  vertex -7.17749977 2.47356892 -14.874999
  endloop
 endfacet

 facet normal 1 0 0
  outer loop
  vertex -7.17749977 7.22356892 -15.249999
  vertex -7.17749977 4.84856892 -15.124999
  vertex -7.17749977 4.84856892 -15.249999
  endloop
 endfacet

 facet normal 1 0 0
  outer loop
  vertex -7.17749977 9.59856987 -15.249999
  vertex -7.17749977 7.22356892 -15.124999
  vertex -7.17749977 7.22356892 -15.249999
  endloop
 endfacet

 facet normal 1 0 0
  outer loop
  vertex -7.17749977 2.47356892 -15.249999
  vertex -7.17749977 0.0985689163 -15.124999
  vertex -7.17749977 0.0985689163 -15.249999
  endloop
 endfacet

 facet normal 1 0 0
  outer loop
  vertex -7.17749977 4.84856892 -15.249999
  vertex -7.17749977 2.47356892 -15.124999
  vertex -7.17749977 2.47356892 -15.249999
  endloop
 endfacet

 facet normal 1 0 0
  outer loop
  vertex -7.17749977 2.47356892 -14.874999
  vertex -7.17749977 0.0985689163 -14.749999
  vertex -7.17749977 0.0985689163 -14.874999
  endloop
 endfacet

 facet normal 1 0 0
  outer loop
  vertex -7.17749977 7.22356892 -14.874999
  vertex -7.17749977 4.84856892 -14.749999
  vertex -7.17749977 4.84856892 -14.874999
  endloop
 endfacet

 facet normal -6.73400677e-08 0 -1
  outer loop
  vertex -7.30124903 2.47356892 -15.249999
  vertex -7.17749977 0.0985689163 -15.249999
  vertex -7.30124903 0.0985689163 -15.249999
  endloop
 endfacet

 facet normal -6.73400677e-08 -1 0
  outer loop
  vertex -7.30124903 0.0985689163 -15.249999
  vertex -7.17749977 0.0985689163 -15.124999
  vertex -7.30124903 0.0985689163 -15.124999
  endloop
 endfacet

 facet normal 6.73400677e-08 0 1
  outer loop
  vertex -7.30124903 4.84856892 -14.749999
  vertex -7.17749977 7.22356892 -14.749999
  vertex -7.30124903 7.22356892 -14.749999
  endloop
 endfacet

 facet normal 6.73400677e-08 1 0
  outer loop
  vertex -7.30124903 9.59856987 -14.749999
  vertex -7.17749977 9.59856987 -14.874999
  vertex -7.30124903 9.59856987 -14.874999
  endloop
 endfacet

 facet normal 6.73400677e-08 0 1
  outer loop
  vertex -7.30124903 2.47356892 -14.749999
  vertex -7.17749977 4.84856892 -14.749999
  vertex -7.30124903 4.84856892 -14.749999
  endloop
 endfacet

 facet normal 6.73400677e-08 0 1
  outer loop
  vertex -7.30124903 0.0985689163 -15.124999
  vertex -7.17749977 2.47356892 -15.124999
  vertex -7.30124903 2.47356892 -15.124999
  endloop
 endfacet

 facet normal -6.73400677e-08 0 -1
  outer loop
  vertex -7.30124903 7.22356892 -14.874999
  vertex -7.17749977 4.84856892 -14.874999
  vertex -7.30124903 4.84856892 -14.874999
  endloop
 endfacet

 facet normal 6.73400677e-08 0 1
  outer loop
  vertex -7.30124903 0.0985689163 -14.749999
  vertex -7.17749977 2.47356892 -14.749999
  vertex -7.30124903 2.47356892 -14.749999
  endloop
 endfacet

 facet normal -6.73400677e-08 0 -1
  outer loop
  vertex -7.30124903 9.59856987 -15.249999
  vertex -7.17749977 7.22356892 -15.249999
  vertex -7.30124903 7.22356892 -15.249999
  endloop
 endfacet

 facet normal 6.73400677e-08 0 1
  outer loop
  vertex -7.30124903 2.47356892 -15.124999
  vertex -7.17749977 4.84856892 -15.124999
  vertex -7.30124903 4.84856892 -15.124999
  endloop
 endfacet

 facet normal -6.73400677e-08 0 -1
  outer loop
  vertex -7.30124903 9.59856987 -14.874999
  vertex -7.17749977 7.22356892 -14.874999
  vertex -7.30124903 7.22356892 -14.874999
  endloop
 endfacet

 facet normal -6.73400677e-08 -1 0
  outer loop
  vertex -7.30124903 0.0985689163 -14.874999
  vertex -7.17749977 0.0985689163 -14.749999
  vertex -7.30124903 0.0985689163 -14.749999
  endloop
 endfacet

 facet normal 6.73400677e-08 0 1
  outer loop
  vertex -7.54874992 9.59856987 -14.749999
  vertex -7.67250061 7.22356892 -14.749999
  vertex -7.54874992 7.22356892 -14.749999
  endloop
 endfacet

 facet normal -1 0 0
  outer loop
  vertex -7.54874992 4.84856892 -14.874999
  vertex -7.54874992 2.47356892 -14.999999
  vertex -7.54874992 2.47356892 -14.874999
  endloop
 endfacet

 facet normal -1 0 0
  outer loop
  vertex -7.54874992 9.59856987 -14.874999
  vertex -7.54874992 7.22356892 -14.999999
  vertex -7.54874992 7.22356892 -14.874999
  endloop
 endfacet

 facet normal -1 0 0
  outer loop
  vertex -7.54874992 7.22356892 -14.874999
  vertex -7.54874992 4.84856892 -14.999999
  vertex -7.54874992 4.84856892 -14.874999
  endloop
 endfacet

 facet normal 6.73400677e-08 0 1
  outer loop
  vertex -7.54874992 2.47356892 -14.749999
  vertex -7.67250061 0.0985689163 -14.749999
  vertex -7.54874992 0.0985689163 -14.749999
  endloop
 endfacet

 facet normal 6.73400677e-08 0 1
  outer loop
  vertex -7.54874992 9.59856987 -15.124999
  vertex -7.67250061 7.22356892 -15.124999
  vertex -7.54874992 7.22356892 -15.124999
  endloop
 endfacet

 facet normal -1 0 0
  outer loop
  vertex -7.54874992 2.47356892 -14.874999
  vertex -7.54874992 0.0985689163 -14.999999
  vertex -7.54874992 0.0985689163 -14.874999
  endloop
 endfacet

 facet normal -6.73400677e-08 -1 0
  outer loop
  vertex -7.54874992 0.0985689163 -14.749999
  vertex -7.67250061 0.0985689163 -14.874999
  vertex -7.54874992 0.0985689163 -14.874999
  endloop
 endfacet

 facet normal -6.73400677e-08 0 -1
  outer loop
  vertex -7.54874992 2.47356892 -14.874999
  vertex -7.67250061 4.84856892 -14.874999
  vertex -7.54874992 4.84856892 -14.874999
  endloop
 endfacet

 facet normal -6.73400677e-08 -1 0
  outer loop
  vertex -7.54874992 0.0985689163 -15.124999
  vertex -7.67250061 0.0985689163 -15.249999
  vertex -7.54874992 0.0985689163 -15.249999
  endloop
 endfacet

 facet normal -1 0 0
  outer loop
  vertex -7.54874992 2.47356892 -14.999999
  vertex -7.54874992 0.0985689163 -15.124999
  vertex -7.54874992 0.0985689163 -14.999999
  endloop
 endfacet

 facet normal -1 0 0
  outer loop
  vertex -7.54874992 4.84856892 -14.999999
  vertex -7.54874992 2.47356892 -15.124999
  vertex -7.54874992 2.47356892 -14.999999
  endloop
 endfacet

 facet normal 6.73400677e-08 0 1
  outer loop
  vertex -7.54874992 7.22356892 -15.124999
  vertex -7.67250061 4.84856892 -15.124999
  vertex -7.54874992 4.84856892 -15.124999
  endloop
 endfacet

 facet normal -1 0 0
  outer loop
  vertex -7.54874992 7.22356892 -14.999999
  vertex -7.54874992 4.84856892 -15.124999
  vertex -7.54874992 4.84856892 -14.999999
  endloop
 endfacet

 facet normal -1 0 0
  outer loop
  vertex -7.54874992 9.59856987 -14.999999
  vertex -7.54874992 7.22356892 -15.124999
  vertex -7.54874992 7.22356892 -14.999999
  endloop
 endfacet

 facet normal -1 0 0
  outer loop
  vertex -7.67250061 9.59856987 -15.124999
  vertex -7.67250061 7.22356892 -15.249999
  vertex -7.67250061 7.22356892 -15.124999
  endloop
 endfacet

 facet normal -1 0 0
  outer loop
  vertex -7.67250061 4.84856892 -15.124999
  vertex -7.67250061 2.47356892 -15.249999
  vertex -7.67250061 2.47356892 -15.124999
  endloop
 endfacet

 facet normal -1 0 0
  outer loop
  vertex -7.67250061 7.22356892 -14.749999
  vertex -7.67250061 4.84856892 -14.874999
  vertex -7.67250061 4.84856892 -14.749999
  endloop
 endfacet

 facet normal -1 0 0
  outer loop
  vertex -7.67250061 9.59856987 -14.749999
  vertex -7.67250061 7.22356892 -14.874999
  vertex -7.67250061 7.22356892 -14.749999
  endloop
 endfacet

 facet normal -1 0 0
  outer loop
  vertex -7.67250061 2.47356892 -14.749999
  vertex -7.67250061 0.0985689163 -14.874999
  vertex -7.67250061 0.0985689163 -14.749999
  endloop
 endfacet

 facet normal -1 0 0
  outer loop
  vertex -7.67250061 4.84856892 -14.749999
  vertex -7.67250061 2.47356892 -14.874999
  vertex -7.67250061 2.47356892 -14.749999
  endloop
 endfacet

 facet normal -1 0 0
  outer loop
  vertex -7.67250061 2.47356892 -15.124999
  vertex -7.67250061 0.0985689163 -15.249999
  vertex -7.67250061 0.0985689163 -15.124999
  endloop
 endfacet

 facet normal -1 0 0
  outer loop
  vertex -7.67250061 7.22356892 -15.124999
  vertex -7.67250061 4.84856892 -15.249999
  vertex -7.67250061 4.84856892 -15.124999
  endloop
 endfacet

 facet normal -6.73400677e-08 0 -1
  outer loop
  vertex -7.54874992 4.84856892 -14.874999
  vertex -7.67250061 7.22356892 -14.874999
  vertex -7.54874992 7.22356892 -14.874999
  endloop
 endfacet

 facet normal 6.73400677e-08 1 0
  outer loop
  vertex -7.54874992 9.59856987 -15.249999
  vertex -7.67250061 9.59856987 -15.124999
  vertex -7.54874992 9.59856987 -15.124999
  endloop
 endfacet

 facet normal -6.73400677e-08 0 -1
  outer loop
  vertex -7.54874992 7.22356892 -15.249999
  vertex -7.67250061 9.59856987 -15.249999
  vertex -7.54874992 9.59856987 -15.249999
  endloop
 endfacet

 facet normal 6.73400677e-08 0 1
  outer loop
  vertex -7.54874992 2.47356892 -15.124999
  vertex -7.67250061 0.0985689163 -15.124999
  vertex -7.54874992 0.0985689163 -15.124999
  endloop
 endfacet

 facet normal -6.73400677e-08 0 -1
  outer loop
  vertex -7.54874992 7.22356892 -14.874999
  vertex -7.67250061 9.59856987 -14.874999
  vertex -7.54874992 9.59856987 -14.874999
  endloop
 endfacet

 facet normal -6.73400677e-08 0 -1
  outer loop
  vertex -7.54874992 0.0985689163 -15.249999
  vertex -7.67250061 2.47356892 -15.249999
  vertex -7.54874992 2.47356892 -15.249999
  endloop
 endfacet

 facet normal 6.73400677e-08 0 1
  outer loop
  vertex -7.54874992 4.84856892 -14.749999
  vertex -7.67250061 2.47356892 -14.749999
  vertex -7.54874992 2.47356892 -14.749999
  endloop
 endfacet

 facet normal 6.73400677e-08 0 1
  outer loop
  vertex -7.54874992 4.84856892 -15.124999
  vertex -7.67250061 2.47356892 -15.124999
  vertex -7.54874992 2.47356892 -15.124999
  endloop
 endfacet

 facet normal 6.73400677e-08 0 1
  outer loop
  vertex -7.54874992 7.22356892 -14.749999
  vertex -7.67250061 4.84856892 -14.749999
  vertex -7.54874992 4.84856892 -14.749999
  endloop
 endfacet

 facet normal -6.73400677e-08 0 -1
  outer loop
  vertex -7.54874992 4.84856892 -15.249999
  vertex -7.67250061 7.22356892 -15.249999
  vertex -7.54874992 7.22356892 -15.249999
  endloop
 endfacet

 facet normal -6.73400677e-08 0 -1
  outer loop
  vertex -7.54874992 2.47356892 -15.249999
  vertex -7.67250061 4.84856892 -15.249999
  vertex -7.54874992 4.84856892 -15.249999
  endloop
 endfacet

 facet normal -6.73400677e-08 0 -1
  outer loop
  vertex -7.54874992 0.0985689163 -14.874999
  vertex -7.67250061 2.47356892 -14.874999
  vertex -7.54874992 2.47356892 -14.874999
  endloop
 endfacet

 facet normal 6.73400677e-08 1 0
  outer loop
  vertex 7.30124903 9.59856987 7.62499952
  vertex 7.17749977 9.59856987 7.74999952
  vertex 7.30124903 9.59856987 7.74999952
  endloop
 endfacet

 facet normal -6.73400677e-08 0 -1
  outer loop
  vertex 7.30124903 7.22357035 7.24999952
  vertex 7.30124903 9.59856987 7.24999952
  vertex 7.54874992 9.59856987 7.24999952
  endloop
 endfacet

 facet normal -6.73400677e-08 0 -1
  outer loop
  vertex 7.54874992 4.84857035 7.62499952
  vertex 7.67250061 2.47357035 7.62499952
  vertex 7.54874992 2.47357035 7.62499952
  endloop
 endfacet

 facet normal 6.73400677e-08 0 1
  outer loop
  vertex 7.54874992 9.59856987 7.74999952
  vertex 7.30124903 9.59856987 7.74999952
  vertex 7.30124903 7.22357035 7.74999952
  endloop
 endfacet

 facet normal -6.73400677e-08 -1 0
  outer loop
  vertex 7.54874992 0.09856987 7.62499952
  vertex 7.54874992 0.09856987 7.74999952
  vertex 7.30124903 0.09856987 7.74999952
  endloop
 endfacet

 facet normal 6.73400677e-08 1 0
  outer loop
  vertex 7.30124903 9.59856987 7.62499952
  vertex 7.30124903 9.59856987 7.74999952
  vertex 7.54874992 9.59856987 7.74999952
  endloop
 endfacet

 facet normal 6.73400677e-08 0 1
  outer loop
  vertex 7.54874992 7.22357035 7.37499952
  vertex 7.67250061 9.59856987 7.37499952
  vertex 7.54874992 9.59856987 7.37499952
  endloop
 endfacet

 facet normal 1 0 0
  outer loop
  vertex 7.54874992 4.84857035 7.37499952
  vertex 7.54874992 2.47357035 7.49999952
  vertex 7.54874992 2.47357035 7.37499952
  endloop
 endfacet

 facet normal 1 0 0
  outer loop
  vertex 7.54874992 9.59856987 7.37499952
  vertex 7.54874992 7.22357035 7.49999952
  vertex 7.54874992 7.22357035 7.37499952
  endloop
 endfacet

 facet normal 1 0 0
  outer loop
  vertex 7.54874992 7.22357035 7.37499952
  vertex 7.54874992 4.84857035 7.49999952
  vertex 7.54874992 4.84857035 7.37499952
  endloop
 endfacet

 facet normal -6.73400677e-08 0 -1
  outer loop
  vertex 7.54874992 4.84857035 7.24999952
  vertex 7.67250061 2.47357035 7.24999952
  vertex 7.54874992 2.47357035 7.24999952
  endloop
 endfacet

 facet normal -6.73400677e-08 0 -1
  outer loop
  vertex 7.54874992 2.47357035 7.62499952
  vertex 7.67250061 0.09856987 7.62499952
  vertex 7.54874992 0.09856987 7.62499952
  endloop
 endfacet

 facet normal 1 0 0
  outer loop
  vertex 7.54874992 2.47357035 7.37499952
  vertex 7.54874992 0.09856987 7.49999952
  vertex 7.54874992 0.09856987 7.37499952
  endloop
 endfacet

 facet normal 6.73400677e-08 0 1
  outer loop
  vertex 7.54874992 7.22357035 7.74999952
  vertex 7.67250061 9.59856987 7.74999952
  vertex 7.54874992 9.59856987 7.74999952
  endloop
 endfacet

 facet normal -6.73400677e-08 0 -1
  outer loop
  vertex 7.54874992 7.22357035 7.24999952
  vertex 7.67250061 4.84857035 7.24999952
  vertex 7.54874992 4.84857035 7.24999952
  endloop
 endfacet

 facet normal 6.73400677e-08 0 1
  outer loop
  vertex 7.54874992 4.84857035 7.37499952
  vertex 7.67250061 7.22357035 7.37499952
  vertex 7.54874992 7.22357035 7.37499952
  endloop
 endfacet

 facet normal 1 0 0
  outer loop
  vertex 7.54874992 2.47357035 7.49999952
  vertex 7.54874992 0.09856987 7.62499952
  vertex 7.54874992 0.09856987 7.49999952
  endloop
 endfacet

 facet normal 1 0 0
  outer loop
  vertex 7.54874992 4.84857035 7.49999952
  vertex 7.54874992 2.47357035 7.62499952
  vertex 7.54874992 2.47357035 7.49999952
  endloop
 endfacet

 facet normal 6.73400677e-08 1 0
  outer loop
  vertex 7.54874992 9.59856987 7.37499952
  vertex 7.67250061 9.59856987 7.24999952
  vertex 7.54874992 9.59856987 7.24999952
  endloop
 endfacet

 facet normal 1 0 0
  outer loop
  vertex 7.54874992 7.22357035 7.49999952
  vertex 7.54874992 4.84857035 7.62499952
  vertex 7.54874992 4.84857035 7.49999952
  endloop
 endfacet

 facet normal 1 0 0
  outer loop
  vertex 7.54874992 9.59856987 7.49999952
  vertex 7.54874992 7.22357035 7.62499952
  vertex 7.54874992 7.22357035 7.49999952
  endloop
 endfacet

 facet normal 1 0 0
  outer loop
  vertex 7.67250061 9.59856987 7.62499952
  vertex 7.67250061 7.22357035 7.74999952
  vertex 7.67250061 7.22357035 7.62499952
  endloop
 endfacet

 facet normal 1 0 0
  outer loop
  vertex 7.67250061 4.84857035 7.62499952
  vertex 7.67250061 2.47357035 7.74999952
  vertex 7.67250061 2.47357035 7.62499952
  endloop
 endfacet

 facet normal 1 0 0
  outer loop
  vertex 7.67250061 7.22357035 7.24999952
  vertex 7.67250061 4.84857035 7.37499952
  vertex 7.67250061 4.84857035 7.24999952
  endloop
 endfacet

 facet normal 1 0 0
  outer loop
  vertex 7.67250061 9.59856987 7.24999952
  vertex 7.67250061 7.22357035 7.37499952
  vertex 7.67250061 7.22357035 7.24999952
  endloop
 endfacet

 facet normal 1 0 0
  outer loop
  vertex 7.67250061 2.47357035 7.24999952
  vertex 7.67250061 0.09856987 7.37499952
  vertex 7.67250061 0.09856987 7.24999952
  endloop
 endfacet

 facet normal 1 0 0
  outer loop
  vertex 7.67250061 4.84857035 7.24999952
  vertex 7.67250061 2.47357035 7.37499952
  vertex 7.67250061 2.47357035 7.24999952
  endloop
 endfacet

 facet normal 1 0 0
  outer loop
  vertex 7.67250061 2.47357035 7.62499952
  vertex 7.67250061 0.09856987 7.74999952
  vertex 7.67250061 0.09856987 7.62499952
  endloop
 endfacet

 facet normal 1 0 0
  outer loop
  vertex 7.67250061 7.22357035 7.62499952
  vertex 7.67250061 4.84857035 7.74999952
  vertex 7.67250061 4.84857035 7.62499952
  endloop
 endfacet

 facet normal -6.73400677e-08 0 -1
  outer loop
  vertex 7.54874992 2.47357035 7.24999952
  vertex 7.67250061 0.09856987 7.24999952
  vertex 7.54874992 0.09856987 7.24999952
  endloop
 endfacet

 facet normal -6.73400677e-08 -1 0
  outer loop
  vertex 7.54874992 0.09856987 7.24999952
  vertex 7.67250061 0.09856987 7.37499952
  vertex 7.54874992 0.09856987 7.37499952
  endloop
 endfacet

 facet normal 6.73400677e-08 0 1
  outer loop
  vertex 7.54874992 4.84857035 7.74999952
  vertex 7.67250061 7.22357035 7.74999952
  vertex 7.54874992 7.22357035 7.74999952
  endloop
 endfacet

 facet normal 6.73400677e-08 1 0
  outer loop
  vertex 7.54874992 9.59856987 7.74999952
  vertex 7.67250061 9.59856987 7.62499952
  vertex 7.54874992 9.59856987 7.62499952
  endloop
 endfacet

 facet normal 6.73400677e-08 0 1
  outer loop
  vertex 7.54874992 2.47357035 7.74999952
  vertex 7.67250061 4.84857035 7.74999952
  vertex 7.54874992 4.84857035 7.74999952
  endloop
 endfacet

 facet normal 6.73400677e-08 0 1
  outer loop
  vertex 7.54874992 0.09856987 7.37499952
  vertex 7.67250061 2.47357035 7.37499952
  vertex 7.54874992 2.47357035 7.37499952
  endloop
 endfacet

 facet normal -6.73400677e-08 0 -1
  outer loop
  vertex 7.54874992 7.22357035 7.62499952
  vertex 7.67250061 4.84857035 7.62499952
  vertex 7.54874992 4.84857035 7.62499952
  endloop
 endfacet

 facet normal 6.73400677e-08 0 1
  outer loop
  vertex 7.54874992 0.09856987 7.74999952
  vertex 7.67250061 2.47357035 7.74999952
  vertex 7.54874992 2.47357035 7.74999952
  endloop
 endfacet

 facet normal -6.73400677e-08 0 -1
  outer loop
  vertex 7.54874992 9.59856987 7.24999952
  vertex 7.67250061 7.22357035 7.24999952
  vertex 7.54874992 7.22357035 7.24999952
  endloop
 endfacet

 facet normal 6.73400677e-08 0 1
  outer loop
  vertex 7.54874992 2.47357035 7.37499952
  vertex 7.67250061 4.84857035 7.37499952
  vertex 7.54874992 4.84857035 7.37499952
  endloop
 endfacet

 facet normal -6.73400677e-08 0 -1
  outer loop
  vertex 7.54874992 9.59856987 7.62499952
  vertex 7.67250061 7.22357035 7.62499952
  vertex 7.54874992 7.22357035 7.62499952
  endloop
 endfacet

 facet normal -6.73400677e-08 -1 0
  outer loop
  vertex 7.54874992 0.09856987 7.62499952
  vertex 7.67250061 0.09856987 7.74999952
  vertex 7.54874992 0.09856987 7.74999952
  endloop
 endfacet

 facet normal 6.73400677e-08 0 1
  outer loop
  vertex 7.30124903 9.59856987 7.74999952
  vertex 7.17749977 7.22357035 7.74999952
  vertex 7.30124903 7.22357035 7.74999952
  endloop
 endfacet

 facet normal -1 0 0
  outer loop
  vertex 7.30124903 4.84857035 7.62499952
  vertex 7.30124903 2.47357035 7.49999952
  vertex 7.30124903 2.47357035 7.62499952
  endloop
 endfacet

 facet normal -1 0 0
  outer loop
  vertex 7.30124903 9.59856987 7.62499952
  vertex 7.30124903 7.22357035 7.49999952
  vertex 7.30124903 7.22357035 7.62499952
  endloop
 endfacet

 facet normal -1 0 0
  outer loop
  vertex 7.30124903 7.22357035 7.62499952
  vertex 7.30124903 4.84857035 7.49999952
  vertex 7.30124903 4.84857035 7.62499952
  endloop
 endfacet

 facet normal 6.73400677e-08 0 1
  outer loop
  vertex 7.30124903 2.47357035 7.74999952
  vertex 7.17749977 0.09856987 7.74999952
  vertex 7.30124903 0.09856987 7.74999952
  endloop
 endfacet

 facet normal 6.73400677e-08 0 1
  outer loop
  vertex 7.30124903 9.59856987 7.37499952
  vertex 7.17749977 7.22357035 7.37499952
  vertex 7.30124903 7.22357035 7.37499952
  endloop
 endfacet

 facet normal -1 0 0
  outer loop
  vertex 7.30124903 2.47357035 7.62499952
  vertex 7.30124903 0.09856987 7.49999952
  vertex 7.30124903 0.09856987 7.62499952
  endloop
 endfacet

 facet normal -6.73400677e-08 -1 0
  outer loop
  vertex 7.30124903 0.09856987 7.74999952
  vertex 7.17749977 0.09856987 7.62499952
  vertex 7.30124903 0.09856987 7.62499952
  endloop
 endfacet

 facet normal -6.73400677e-08 0 -1
  outer loop
  vertex 7.30124903 2.47357035 7.62499952
  vertex 7.17749977 4.84857035 7.62499952
  vertex 7.30124903 4.84857035 7.62499952
  endloop
 endfacet

 facet normal -6.73400677e-08 -1 0
  outer loop
  vertex 7.30124903 0.09856987 7.37499952
  vertex 7.17749977 0.09856987 7.24999952
  vertex 7.30124903 0.09856987 7.24999952
  endloop
 endfacet

 facet normal -1 0 0
  outer loop
  vertex 7.30124903 2.47357035 7.49999952
  vertex 7.30124903 0.09856987 7.37499952
  vertex 7.30124903 0.09856987 7.49999952
  endloop
 endfacet

 facet normal -1 0 0
  outer loop
  vertex 7.30124903 4.84857035 7.49999952
  vertex 7.30124903 2.47357035 7.37499952
  vertex 7.30124903 2.47357035 7.49999952
  endloop
 endfacet

 facet normal 6.73400677e-08 0 1
  outer loop
  vertex 7.30124903 7.22357035 7.37499952
  vertex 7.17749977 4.84857035 7.37499952
  vertex 7.30124903 4.84857035 7.37499952
  endloop
 endfacet

 facet normal -1 0 0
  outer loop
  vertex 7.30124903 7.22357035 7.49999952
  vertex 7.30124903 4.84857035 7.37499952
  vertex 7.30124903 4.84857035 7.49999952
  endloop
 endfacet

 facet normal -1 0 0
  outer loop
  vertex 7.30124903 9.59856987 7.49999952
  vertex 7.30124903 7.22357035 7.37499952
  vertex 7.30124903 7.22357035 7.49999952
  endloop
 endfacet

 facet normal -1 0 0
  outer loop
  vertex 7.17749977 9.59856987 7.37499952
  vertex 7.17749977 7.22357035 7.24999952
  vertex 7.17749977 7.22357035 7.37499952
  endloop
 endfacet

 facet normal -1 0 0
  outer loop
  vertex 7.17749977 4.84857035 7.37499952
  vertex 7.17749977 2.47357035 7.24999952
  vertex 7.17749977 2.47357035 7.37499952
  endloop
 endfacet

 facet normal -1 0 0
  outer loop
  vertex 7.17749977 7.22357035 7.74999952
  vertex 7.17749977 4.84857035 7.62499952
  vertex 7.17749977 4.84857035 7.74999952
  endloop
 endfacet

 facet normal -1 0 0
  outer loop
  vertex 7.17749977 9.59856987 7.74999952
  vertex 7.17749977 7.22357035 7.62499952
  vertex 7.17749977 7.22357035 7.74999952
  endloop
 endfacet

 facet normal -1 0 0
  outer loop
  vertex 7.17749977 2.47357035 7.74999952
  vertex 7.17749977 0.09856987 7.62499952
  vertex 7.17749977 0.09856987 7.74999952
  endloop
 endfacet

 facet normal -1 0 0
  outer loop
  vertex 7.17749977 4.84857035 7.74999952
  vertex 7.17749977 2.47357035 7.62499952
  vertex 7.17749977 2.47357035 7.74999952
  endloop
 endfacet

 facet normal -1 0 0
  outer loop
  vertex 7.17749977 2.47357035 7.37499952
  vertex 7.17749977 0.09856987 7.24999952
  vertex 7.17749977 0.09856987 7.37499952
  endloop
 endfacet

 facet normal -1 0 0
  outer loop
  vertex 7.17749977 7.22357035 7.37499952
  vertex 7.17749977 4.84857035 7.24999952
  vertex 7.17749977 4.84857035 7.37499952
  endloop
 endfacet

 facet normal -6.73400251e-08 7.52905066e-07 -1
  outer loop
  vertex 7.30124903 4.84857035 7.62499952
  vertex 7.17749977 7.22357035 7.62499952
  vertex 7.30124903 7.22357035 7.62499952
  endloop
 endfacet

 facet normal 6.73400677e-08 1 0
  outer loop
  vertex 7.30124903 9.59856987 7.24999952
  vertex 7.17749977 9.59856987 7.37499952
  vertex 7.30124903 9.59856987 7.37499952
  endloop
 endfacet

 facet normal -6.73400677e-08 0 -1
  outer loop
  vertex 7.30124903 7.22357035 7.24999952
  vertex 7.17749977 9.59856987 7.24999952
  vertex 7.30124903 9.59856987 7.24999952
  endloop
 endfacet

 facet normal 6.73400677e-08 0 1
  outer loop
  vertex 7.30124903 2.47357035 7.37499952
  vertex 7.17749977 0.09856987 7.37499952
  vertex 7.30124903 0.09856987 7.37499952
  endloop
 endfacet

 facet normal -6.73400677e-08 0 -1
  outer loop
  vertex 7.30124903 7.22357035 7.62499952
  vertex 7.17749977 9.59856987 7.62499952
  vertex 7.30124903 9.59856987 7.62499952
  endloop
 endfacet

 facet normal -6.73400677e-08 0 -1
  outer loop
  vertex 7.30124903 0.09856987 7.24999952
  vertex 7.17749977 2.47357035 7.24999952
  vertex 7.30124903 2.47357035 7.24999952
  endloop
 endfacet

 facet normal 6.73400677e-08 0 1
  outer loop
  vertex 7.30124903 4.84857035 7.74999952
  vertex 7.17749977 2.47357035 7.74999952
  vertex 7.30124903 2.47357035 7.74999952
  endloop
 endfacet

 facet normal 6.73400677e-08 0 1
  outer loop
  vertex 7.30124903 4.84857035 7.37499952
  vertex 7.17749977 2.47357035 7.37499952
  vertex 7.30124903 2.47357035 7.37499952
  endloop
 endfacet

 facet normal 6.73400677e-08 0 1
  outer loop
  vertex 7.30124903 7.22357035 7.74999952
  vertex 7.17749977 4.84857035 7.74999952
  vertex 7.30124903 4.84857035 7.74999952
  endloop
 endfacet

 facet normal -6.73400677e-08 0 -1
  outer loop
  vertex 7.30124903 4.84857035 7.24999952
  vertex 7.17749977 7.22357035 7.24999952
  vertex 7.30124903 7.22357035 7.24999952
  endloop
 endfacet

 facet normal -6.73400677e-08 0 -1
  outer loop
  vertex 7.30124903 2.47357035 7.24999952
  vertex 7.17749977 4.84857035 7.24999952
  vertex 7.30124903 4.84857035 7.24999952
  endloop
 endfacet

 facet normal -6.73400677e-08 0 -1
  outer loop
  vertex 7.30124903 0.09856987 7.62499952
  vertex 7.17749977 2.47357035 7.62499952
  vertex 7.30124903 2.47357035 7.62499952
  endloop
 endfacet

 facet normal 1 0 0
  outer loop
  vertex 14.8500004 9.72356892 7.62499905
  vertex 14.8500004 9.59856892 7.74999905
  vertex 14.8500004 9.59856892 7.62499905
  endloop
 endfacet

 facet normal 6.73400677e-08 1 0
  outer loop
  vertex 7.42500019 10.0985689 7.62499952
  vertex 14.8500004 10.0985689 7.37499905
  vertex 7.42500019 10.0985689 7.37499952
  endloop
 endfacet

 facet normal 6.73400677e-08 1 0
  outer loop
  vertex 0 9.72356987 7.375
  vertex -7.42500019 9.72357082 7.25000048
  vertex -7.42500019 9.72357082 7.37500048
  endloop
 endfacet

 facet normal -6.73400677e-08 -1 0
  outer loop
  vertex 7.42500019 9.59856892 7.37499952
  vertex 14.8500004 9.59856892 7.62499905
  vertex 7.42500019 9.59856892 7.62499952
  endloop
 endfacet

 facet normal -1 0 0
  outer loop
  vertex -14.8500004 9.72357082 7.37500095
  vertex -14.8500004 9.59857082 7.37500095
  vertex -14.8500004 9.59857082 7.62500095
  endloop
 endfacet

 facet normal 1 0 0
  outer loop
  vertex 14.8500004 9.72356892 7.62499905
  vertex 14.8500004 9.59856892 7.62499905
  vertex 14.8500004 9.59856892 7.37499905
  endloop
 endfacet

 facet normal -6.73400677e-08 -1 0
  outer loop
  vertex 7.42500019 9.97356892 7.37499952
  vertex 14.8500004 9.97356892 7.24999905
  vertex 14.8500004 9.97356892 7.37499905
  endloop
 endfacet

 facet normal -6.73400677e-08 0 -1
  outer loop
  vertex 0 9.97356987 7.375
  vertex -7.42500019 9.84857082 7.37500048
  vertex -7.42500019 9.97357082 7.37500048
  endloop
 endfacet

 facet normal -6.73400677e-08 0 -1
  outer loop
  vertex 14.8500004 9.97356892 7.37499905
  vertex 7.42500019 9.84856892 7.37499952
  vertex 7.42500019 9.97356892 7.37499952
  endloop
 endfacet

 facet normal -6.73400677e-08 0 -1
  outer loop
  vertex 7.42500019 9.97356892 7.37499952
  vertex 0 9.84856987 7.375
  vertex 0 9.97356987 7.375
  endloop
 endfacet

 facet normal 6.73400677e-08 1 0
  outer loop
  vertex 0 10.0985699 7.375
  vertex -7.42500019 10.0985708 7.25000048
  vertex -7.42500019 10.0985708 7.37500048
  endloop
 endfacet

 facet normal 6.73400677e-08 1 0
  outer loop
  vertex -7.42500019 9.72357082 7.37500048
  vertex -14.8500004 9.72357082 7.25000095
  vertex -14.8500004 9.72357082 7.37500095
  endloop
 endfacet

 facet normal -6.73400677e-08 0 -1
  outer loop
  vertex -7.42500019 9.97357082 7.37500048
  vertex -14.8500004 9.84857082 7.37500095
  vertex -14.8500004 9.97357082 7.37500095
  endloop
 endfacet

 facet normal -6.73400677e-08 -1 0
  outer loop
  vertex 7.42500019 9.59856892 7.37499952
  vertex 14.8500004 9.59856892 7.24999905
  vertex 14.8500004 9.59856892 7.37499905
  endloop
 endfacet

 facet normal 6.73400677e-08 1 0
  outer loop
  vertex 7.42500019 10.0985689 7.37499952
  vertex 0 10.0985699 7.25
  vertex 0 10.0985699 7.375
  endloop
 endfacet

 facet normal -6.73400677e-08 -1 0
  outer loop
  vertex 0 9.97356987 7.375
  vertex 7.42500019 9.97356892 7.24999952
  vertex 7.42500019 9.97356892 7.37499952
  endloop
 endfacet

 facet normal -6.73400677e-08 0 -1
  outer loop
  vertex -7.42500019 9.84857082 7.37500048
  vertex -14.8500004 9.72357082 7.37500095
  vertex -14.8500004 9.84857082 7.37500095
  endloop
 endfacet

 facet normal -6.73400677e-08 0 -1
  outer loop
  vertex 0 9.84856987 7.375
  vertex -7.42500019 9.72357082 7.37500048
  vertex -7.42500019 9.84857082 7.37500048
  endloop
 endfacet

 facet normal 1 0 0
  outer loop
  vertex 14.8500004 9.97356892 7.37499905
  vertex 14.8500004 10.0985689 7.24999905
  vertex 14.8500004 10.0985689 7.37499905
  endloop
 endfacet

 facet normal -6.73400677e-08 0 -1
  outer loop
  vertex 7.42500019 9.84856892 7.37499952
  vertex 0 9.72356987 7.375
  vertex 0 9.84856987 7.375
  endloop
 endfacet

 facet normal -6.73400677e-08 0 -1
  outer loop
  vertex 14.8500004 9.84856892 7.37499905
  vertex 7.42500019 9.72356892 7.37499952
  vertex 7.42500019 9.84856892 7.37499952
  endloop
 endfacet

 facet normal -6.73400677e-08 0 -1
  outer loop
  vertex 14.8500004 9.72356892 7.24999905
  vertex 7.42500019 9.59856892 7.24999952
  vertex 7.42500019 9.72356892 7.24999952
  endloop
 endfacet

 facet normal -6.73400677e-08 0 -1
  outer loop
  vertex 0 9.72356987 7.25
  vertex -7.42500019 9.59856987 7.25000048
  vertex -7.42500019 9.72357082 7.25000048
  endloop
 endfacet

 facet normal -6.73400677e-08 0 -1
  outer loop
  vertex 7.42500019 10.0985689 7.24999952
  vertex 0 9.97356987 7.25
  vertex 0 10.0985699 7.25
  endloop
 endfacet

 facet normal -6.73400677e-08 0 -1
  outer loop
  vertex 14.8500004 10.0985689 7.24999905
  vertex 7.42500019 9.97356892 7.24999952
  vertex 7.42500019 10.0985689 7.24999952
  endloop
 endfacet

 facet normal -6.73400677e-08 0 -1
  outer loop
  vertex -7.42500019 10.0985708 7.25000048
  vertex -14.8500004 9.97357082 7.25000095
  vertex -14.8500004 10.0985708 7.25000095
  endloop
 endfacet

 facet normal -6.73400677e-08 0 -1
  outer loop
  vertex 0 10.0985699 7.25
  vertex -7.42500019 9.97357082 7.25000048
  vertex -7.42500019 10.0985708 7.25000048
  endloop
 endfacet

 facet normal -6.73400677e-08 0 -1
  outer loop
  vertex -7.42500019 9.72357082 7.25000048
  vertex -14.8500004 9.59857082 7.25000095
  vertex -14.8500004 9.72357082 7.25000095
  endloop
 endfacet

 facet normal -6.73400677e-08 0 -1
  outer loop
  vertex 7.42500019 9.72356892 7.24999952
  vertex 0 9.59856987 7.25
  vertex 0 9.72356987 7.25
  endloop
 endfacet

 facet normal 6.73400677e-08 1 0
  outer loop
  vertex -7.42500019 10.0985708 7.37500048
  vertex -14.8500004 10.0985708 7.25000095
  vertex -14.8500004 10.0985708 7.37500095
  endloop
 endfacet

 facet normal -1 0 0
  outer loop
  vertex -14.8500004 10.0985708 7.37500095
  vertex -14.8500004 9.97357082 7.25000095
  vertex -14.8500004 9.97357082 7.37500095
  endloop
 endfacet

 facet normal -6.73400677e-08 -1 0
  outer loop
  vertex 0 9.59856987 7.375
  vertex 7.42500019 9.59856892 7.24999952
  vertex 7.42500019 9.59856892 7.37499952
  endloop
 endfacet

 facet normal 1 0 0
  outer loop
  vertex 14.8500004 9.59856892 7.37499905
  vertex 14.8500004 9.72356892 7.24999905
  vertex 14.8500004 9.72356892 7.37499905
  endloop
 endfacet

 facet normal -6.73400677e-08 -1 0
  outer loop
  vertex -7.42500019 9.59856987 7.37500048
  vertex 0 9.59856987 7.25
  vertex 0 9.59856987 7.375
  endloop
 endfacet

 facet normal -6.73400677e-08 -1 0
  outer loop
  vertex -14.8500004 9.97357082 7.37500095
  vertex -7.42500019 9.97357082 7.25000048
  vertex -7.42500019 9.97357082 7.37500048
  endloop
 endfacet

 facet normal 6.73400677e-08 1 0
  outer loop
  vertex 7.42500019 9.72356892 7.37499952
  vertex 0 9.72356987 7.25
  vertex 0 9.72356987 7.375
  endloop
 endfacet

 facet normal -6.73400677e-08 -1 0
  outer loop
  vertex -14.8500004 9.59857082 7.37500095
  vertex -7.42500019 9.59856987 7.25000048
  vertex -7.42500019 9.59856987 7.37500048
  endloop
 endfacet

 facet normal 6.73400677e-08 1 0
  outer loop
  vertex 14.8500004 10.0985689 7.37499905
  vertex 7.42500019 10.0985689 7.24999952
  vertex 7.42500019 10.0985689 7.37499952
  endloop
 endfacet

 facet normal -6.73400677e-08 -1 0
  outer loop
  vertex -7.42500019 9.97357082 7.37500048
  vertex 0 9.97356987 7.25
  vertex 0 9.97356987 7.375
  endloop
 endfacet

 facet normal 6.73400677e-08 1 0
  outer loop
  vertex 14.8500004 9.72356892 7.37499905
  vertex 7.42500019 9.72356892 7.24999952
  vertex 7.42500019 9.72356892 7.37499952
  endloop
 endfacet

 facet normal -1 0 0
  outer loop
  vertex -14.8500004 9.72357082 7.37500095
  vertex -14.8500004 9.59857082 7.25000095
  vertex -14.8500004 9.59857082 7.37500095
  endloop
 endfacet

 facet normal -6.73400677e-08 -1 0
  outer loop
  vertex 14.8500004 9.59856892 7.62499905
  vertex 7.42500019 9.59856892 7.74999952
  vertex 7.42500019 9.59856892 7.62499952
  endloop
 endfacet

 facet normal 6.73400677e-08 0 1
  outer loop
  vertex 0 9.72356987 7.625
  vertex -7.42500019 9.84857082 7.62500048
  vertex -7.42500019 9.72357082 7.62500048
  endloop
 endfacet

 facet normal 6.73400677e-08 0 1
  outer loop
  vertex 14.8500004 9.72356892 7.62499905
  vertex 7.42500019 9.84856892 7.62499952
  vertex 7.42500019 9.72356892 7.62499952
  endloop
 endfacet

 facet normal 6.73400677e-08 0 1
  outer loop
  vertex 7.42500019 9.72356892 7.62499952
  vertex 0 9.84856987 7.625
  vertex 0 9.72356987 7.625
  endloop
 endfacet

 facet normal -6.73400677e-08 -1 0
  outer loop
  vertex -7.42500019 9.59856987 7.62500048
  vertex -14.8500004 9.59857082 7.75000095
  vertex -14.8500004 9.59857082 7.62500095
  endloop
 endfacet

 facet normal -6.73400677e-08 -1 0
  outer loop
  vertex 14.8500004 9.97356892 7.62499905
  vertex 7.42500019 9.97356892 7.74999952
  vertex 7.42500019 9.97356892 7.62499952
  endloop
 endfacet

 facet normal 6.73400677e-08 0 1
  outer loop
  vertex -7.42500019 9.72357082 7.62500048
  vertex -14.8500004 9.84857082 7.62500095
  vertex -14.8500004 9.72357082 7.62500095
  endloop
 endfacet

 facet normal -1 0 0
  outer loop
  vertex -14.8500004 9.59857082 7.62500095
  vertex -14.8500004 9.72357082 7.75000095
  vertex -14.8500004 9.72357082 7.62500095
  endloop
 endfacet

 facet normal 6.73400677e-08 1 0
  outer loop
  vertex -7.42500019 9.72357082 7.62500048
  vertex 0 9.72356987 7.75
  vertex 0 9.72356987 7.625
  endloop
 endfacet

 facet normal -1 0 0
  outer loop
  vertex -14.8500004 9.97357082 7.62500095
  vertex -14.8500004 10.0985708 7.75000095
  vertex -14.8500004 10.0985708 7.62500095
  endloop
 endfacet

 facet normal 6.73400677e-08 0 1
  outer loop
  vertex -7.42500019 9.84857082 7.62500048
  vertex -14.8500004 9.97357082 7.62500095
  vertex -14.8500004 9.84857082 7.62500095
  endloop
 endfacet

 facet normal 6.73400677e-08 0 1
  outer loop
  vertex 0 9.84856987 7.625
  vertex -7.42500019 9.97357082 7.62500048
  vertex -7.42500019 9.84857082 7.62500048
  endloop
 endfacet

 facet normal -6.73400677e-08 -1 0
  outer loop
  vertex 7.42500019 9.97356892 7.62499952
  vertex 0 9.97356987 7.75
  vertex 0 9.97356987 7.625
  endloop
 endfacet

 facet normal 6.73400677e-08 0 1
  outer loop
  vertex 7.42500019 9.84856892 7.62499952
  vertex 0 9.97356987 7.625
  vertex 0 9.84856987 7.625
  endloop
 endfacet

 facet normal 6.73400677e-08 0 1
  outer loop
  vertex 14.8500004 9.84856892 7.62499905
  vertex 7.42500019 9.97356892 7.62499952
  vertex 7.42500019 9.84856892 7.62499952
  endloop
 endfacet

 facet normal 6.73400677e-08 0 1
  outer loop
  vertex 14.8500004 9.97356892 7.74999905
  vertex 7.42500019 10.0985689 7.74999952
  vertex 7.42500019 9.97356892 7.74999952
  endloop
 endfacet

 facet normal 6.73400677e-08 0 1
  outer loop
  vertex 0 9.97356987 7.75
  vertex -7.42500019 10.0985708 7.75000048
  vertex -7.42500019 9.97357082 7.75000048
  endloop
 endfacet

 facet normal 6.73400677e-08 0 1
  outer loop
  vertex 7.42500019 9.59856892 7.74999952
  vertex 0 9.72356987 7.75
  vertex 0 9.59856987 7.75
  endloop
 endfacet

 facet normal 6.73400677e-08 0 1
  outer loop
  vertex 14.8500004 9.59856892 7.74999905
  vertex 7.42500019 9.72356892 7.74999952
  vertex 7.42500019 9.59856892 7.74999952
  endloop
 endfacet

 facet normal 6.73400677e-08 0 1
  outer loop
  vertex -7.42500019 9.59856987 7.75000048
  vertex -14.8500004 9.72357082 7.75000095
  vertex -14.8500004 9.59857082 7.75000095
  endloop
 endfacet

 facet normal 6.73400677e-08 0 1
  outer loop
  vertex 0 9.59856987 7.75
  vertex -7.42500019 9.72357082 7.75000048
  vertex -7.42500019 9.59856987 7.75000048
  endloop
 endfacet

 facet normal 6.73400677e-08 0 1
  outer loop
  vertex -7.42500019 9.97357082 7.75000048
  vertex -14.8500004 10.0985708 7.75000095
  vertex -14.8500004 9.97357082 7.75000095
  endloop
 endfacet

 facet normal 6.73400677e-08 0 1
  outer loop
  vertex 7.42500019 9.97356892 7.74999952
  vertex 0 10.0985699 7.75
  vertex 0 9.97356987 7.75
  endloop
 endfacet

 facet normal 6.73400677e-08 1 0
  outer loop
  vertex 0 9.72356987 7.625
  vertex 7.42500019 9.72356892 7.74999952
  vertex 7.42500019 9.72356892 7.62499952
  endloop
 endfacet

 facet normal 1 0 0
  outer loop
  vertex 14.8500004 10.0985689 7.62499905
  vertex 14.8500004 9.97356892 7.74999905
  vertex 14.8500004 9.97356892 7.62499905
  endloop
 endfacet

 facet normal 6.73400677e-08 1 0
  outer loop
  vertex 7.42500019 10.0985689 7.62499952
  vertex 14.8500004 10.0985689 7.74999905
  vertex 14.8500004 10.0985689 7.62499905
  endloop
 endfacet

 facet normal -6.73400677e-08 -1 0
  outer loop
  vertex -7.42500019 9.97357082 7.62500048
  vertex -14.8500004 9.97357082 7.75000095
  vertex -14.8500004 9.97357082 7.62500095
  endloop
 endfacet

 facet normal 6.73400677e-08 1 0
  outer loop
  vertex 7.42500019 9.72356892 7.62499952
  vertex 14.8500004 9.72356892 7.74999905
  vertex 14.8500004 9.72356892 7.62499905
  endloop
 endfacet

 facet normal 6.73400677e-08 1 0
  outer loop
  vertex -14.8500004 10.0985708 7.62500095
  vertex -7.42500019 10.0985708 7.75000048
  vertex -7.42500019 10.0985708 7.62500048
  endloop
 endfacet

 facet normal -6.73400677e-08 -1 0
  outer loop
  vertex 0 9.59856987 7.625
  vertex -7.42500019 9.59856987 7.75000048
  vertex -7.42500019 9.59856987 7.62500048
  endloop
 endfacet

 facet normal -6.73400677e-08 -1 0
  outer loop
  vertex 0 9.97356987 7.625
  vertex -7.42500019 9.97357082 7.75000048
  vertex -7.42500019 9.97357082 7.62500048
  endloop
 endfacet

 facet normal -6.73400677e-08 -1 0
  outer loop
  vertex 7.42500019 9.59856892 7.62499952
  vertex 0 9.59856987 7.75
  vertex 0 9.59856987 7.625
  endloop
 endfacet

 facet normal 6.73400677e-08 1 0
  outer loop
  vertex 0 10.0985699 7.625
  vertex 7.42500019 10.0985689 7.74999952
  vertex 7.42500019 10.0985689 7.62499952
  endloop
 endfacet

 facet normal 6.73400677e-08 1 0
  outer loop
  vertex -7.42500019 10.0985708 7.62500048
  vertex 0 10.0985699 7.75
  vertex 0 10.0985699 7.625
  endloop
 endfacet

 facet normal 6.73400677e-08 1 0
  outer loop
  vertex -14.8500004 9.72357082 7.62500095
  vertex -7.42500019 9.72357082 7.75000048
  vertex -7.42500019 9.72357082 7.62500048
  endloop
 endfacet

 facet normal 6.73400677e-08 1 0
  outer loop
  vertex -7.54874992 9.59856987 7.62500048
  vertex -7.67250061 9.59856987 7.75000048
  vertex -7.54874992 9.59856987 7.75000048
  endloop
 endfacet

 facet normal -6.73400677e-08 0 -1
  outer loop
  vertex -7.54874992 9.59856987 7.25000048
  vertex -7.30125093 9.59856987 7.25000048
  vertex -7.30125093 7.22356892 7.25000048
  endloop
 endfacet

 facet normal -6.73400677e-08 0 -1
  outer loop
  vertex -7.30125093 4.84856892 7.62500048
  vertex -7.17749977 2.47356892 7.62500048
  vertex -7.30125093 2.47356892 7.62500048
  endloop
 endfacet

 facet normal 6.73400677e-08 0 1
  outer loop
  vertex -7.30125093 7.22356892 7.75000048
  vertex -7.54874992 9.59856987 7.75000048
  vertex -7.54874992 7.22356892 7.75000048
  endloop
 endfacet

 facet normal -6.73400677e-08 -1 0
  outer loop
  vertex -7.30124903 0.0985689163 7.62500048
  vertex -7.30124903 0.0985689163 7.75000048
  vertex -7.54874992 0.0985689163 7.75000048
  endloop
 endfacet

 facet normal 6.73400677e-08 1 0
  outer loop
  vertex -7.54874992 9.59856987 7.62500048
  vertex -7.54874992 9.59856987 7.75000048
  vertex -7.30125093 9.59856987 7.75000048
  endloop
 endfacet

 facet normal 6.73400677e-08 0 1
  outer loop
  vertex -7.30125093 7.22356892 7.37500048
  vertex -7.1775012 9.59856987 7.37500048
  vertex -7.30125093 9.59856987 7.37500048
  endloop
 endfacet

 facet normal 1 0 0
  outer loop
  vertex -7.30125093 4.84856892 7.37500048
  vertex -7.30125093 2.47356892 7.50000048
  vertex -7.30125093 2.47356892 7.37500048
  endloop
 endfacet

 facet normal 1 0 0
  outer loop
  vertex -7.30125093 9.59856987 7.37500048
  vertex -7.30125093 7.22356892 7.50000048
  vertex -7.30125093 7.22356892 7.37500048
  endloop
 endfacet

 facet normal 1 0 0
  outer loop
  vertex -7.30125093 7.22356892 7.37500048
  vertex -7.30125093 4.84856892 7.50000048
  vertex -7.30125093 4.84856892 7.37500048
  endloop
 endfacet

 facet normal -6.73400677e-08 0 -1
  outer loop
  vertex -7.30125093 4.84856892 7.25000048
  vertex -7.17749977 2.47356892 7.25000048
  vertex -7.30124903 2.47356892 7.25000048
  endloop
 endfacet

 facet normal -6.73400251e-08 7.52895062e-07 -1
  outer loop
  vertex -7.30125093 2.47356892 7.62500048
  vertex -7.17749977 0.0985689163 7.62500048
  vertex -7.30124903 0.0985689163 7.62500048
  endloop
 endfacet

 facet normal 1 0 0
  outer loop
  vertex -7.30125093 2.47356892 7.37500048
  vertex -7.30124903 0.0985689163 7.50000048
  vertex -7.30124903 0.0985689163 7.37500048
  endloop
 endfacet

 facet normal 6.73400677e-08 0 1
  outer loop
  vertex -7.30125093 7.22356892 7.75000048
  vertex -7.1775012 9.59856987 7.75000048
  vertex -7.30125093 9.59856987 7.75000048
  endloop
 endfacet

 facet normal -6.73400677e-08 0 -1
  outer loop
  vertex -7.30125093 7.22356892 7.25000048
  vertex -7.17749977 4.84856892 7.25000048
  vertex -7.30125093 4.84856892 7.25000048
  endloop
 endfacet

 facet normal 6.73400677e-08 0 1
  outer loop
  vertex -7.30125093 4.84856892 7.37500048
  vertex -7.1775012 7.22356892 7.37500048
  vertex -7.30125093 7.22356892 7.37500048
  endloop
 endfacet

 facet normal 1 0 0
  outer loop
  vertex -7.30125093 2.47356892 7.50000048
  vertex -7.30124903 0.0985689163 7.62500048
  vertex -7.30124903 0.0985689163 7.50000048
  endloop
 endfacet

 facet normal 1 0 0
  outer loop
  vertex -7.30125093 4.84856892 7.50000048
  vertex -7.30125093 2.47356892 7.62500048
  vertex -7.30125093 2.47356892 7.50000048
  endloop
 endfacet

 facet normal 6.73400677e-08 1 0
  outer loop
  vertex -7.30125093 9.59856987 7.37500048
  vertex -7.1775012 9.59856987 7.25000048
  vertex -7.30125093 9.59856987 7.25000048
  endloop
 endfacet

 facet normal 1 0 0
  outer loop
  vertex -7.30125093 7.22356892 7.50000048
  vertex -7.30125093 4.84856892 7.62500048
  vertex -7.30125093 4.84856892 7.50000048
  endloop
 endfacet

 facet normal 1 0 0
  outer loop
  vertex -7.30125093 9.59856987 7.50000048
  vertex -7.30125093 7.22356892 7.62500048
  vertex -7.30125093 7.22356892 7.50000048
  endloop
 endfacet

 facet normal 1 0 0
  outer loop
  vertex -7.1775012 9.59856987 7.62500048
  vertex -7.1775012 7.22356892 7.75000048
  vertex -7.1775012 7.22356892 7.62500048
  endloop
 endfacet

 facet normal 1 0 0
  outer loop
  vertex -7.17749977 4.84856892 7.62500048
  vertex -7.17749977 2.47356892 7.75000048
  vertex -7.17749977 2.47356892 7.62500048
  endloop
 endfacet

 facet normal 1 0 0
  outer loop
  vertex -7.1775012 7.22356892 7.25000048
  vertex -7.17749977 4.84856892 7.37500048
  vertex -7.17749977 4.84856892 7.25000048
  endloop
 endfacet

 facet normal 1 0 0
  outer loop
  vertex -7.1775012 9.59856987 7.25000048
  vertex -7.1775012 7.22356892 7.37500048
  vertex -7.1775012 7.22356892 7.25000048
  endloop
 endfacet

 facet normal 1 0 0
  outer loop
  vertex -7.17749977 2.47356892 7.25000048
  vertex -7.17749977 0.0985689163 7.37500048
  vertex -7.17749977 0.0985689163 7.25000048
  endloop
 endfacet

 facet normal 1 0 0
  outer loop
  vertex -7.17749977 4.84856892 7.25000048
  vertex -7.17749977 2.47356892 7.37500048
  vertex -7.17749977 2.47356892 7.25000048
  endloop
 endfacet

 facet normal 1 0 0
  outer loop
  vertex -7.17749977 2.47356892 7.62500048
  vertex -7.17749977 0.0985689163 7.75000048
  vertex -7.17749977 0.0985689163 7.62500048
  endloop
 endfacet

 facet normal 1 0 0
  outer loop
  vertex -7.1775012 7.22356892 7.62500048
  vertex -7.17749977 4.84856892 7.75000048
  vertex -7.17749977 4.84856892 7.62500048
  endloop
 endfacet

 facet normal -6.73400677e-08 0 -1
  outer loop
  vertex -7.30124903 2.47356892 7.25000048
  vertex -7.17749977 0.0985689163 7.25000048
  vertex -7.30124903 0.0985689163 7.25000048
  endloop
 endfacet

 facet normal -6.73400677e-08 -1 0
  outer loop
  vertex -7.30124903 0.0985689163 7.25000048
  vertex -7.17749977 0.0985689163 7.37500048
  vertex -7.30124903 0.0985689163 7.37500048
  endloop
 endfacet

 facet normal 6.73400677e-08 0 1
  outer loop
  vertex -7.30125093 4.84856892 7.75000048
  vertex -7.1775012 7.22356892 7.75000048
  vertex -7.30125093 7.22356892 7.75000048
  endloop
 endfacet

 facet normal 6.73400677e-08 1 0
  outer loop
  vertex -7.30125093 9.59856987 7.75000048
  vertex -7.1775012 9.59856987 7.62500048
  vertex -7.30125093 9.59856987 7.62500048
  endloop
 endfacet

 facet normal 6.73400677e-08 0 1
  outer loop
  vertex -7.30125093 2.47356892 7.75000048
  vertex -7.17749977 4.84856892 7.75000048
  vertex -7.30125093 4.84856892 7.75000048
  endloop
 endfacet

 facet normal 6.73400677e-08 0 1
  outer loop
  vertex -7.30124903 0.0985689163 7.37500048
  vertex -7.17749977 2.47356892 7.37500048
  vertex -7.30125093 2.47356892 7.37500048
  endloop
 endfacet

 facet normal -6.73400677e-08 0 -1
  outer loop
  vertex -7.30125093 7.22356892 7.62500048
  vertex -7.17749977 4.84856892 7.62500048
  vertex -7.30125093 4.84856892 7.62500048
  endloop
 endfacet

 facet normal 6.73400677e-08 0 1
  outer loop
  vertex -7.30124903 0.0985689163 7.75000048
  vertex -7.17749977 2.47356892 7.75000048
  vertex -7.30125093 2.47356892 7.75000048
  endloop
 endfacet

 facet normal -6.73400677e-08 0 -1
  outer loop
  vertex -7.30125093 9.59856987 7.25000048
  vertex -7.1775012 7.22356892 7.25000048
  vertex -7.30125093 7.22356892 7.25000048
  endloop
 endfacet

 facet normal 6.73400677e-08 0 1
  outer loop
  vertex -7.30125093 2.47356892 7.37500048
  vertex -7.17749977 4.84856892 7.37500048
  vertex -7.30125093 4.84856892 7.37500048
  endloop
 endfacet

 facet normal -6.73400677e-08 0 -1
  outer loop
  vertex -7.30125093 9.59856987 7.62500048
  vertex -7.1775012 7.22356892 7.62500048
  vertex -7.30125093 7.22356892 7.62500048
  endloop
 endfacet

 facet normal -6.73400677e-08 -1 0
  outer loop
  vertex -7.30124903 0.0985689163 7.62500048
  vertex -7.17749977 0.0985689163 7.75000048
  vertex -7.30124903 0.0985689163 7.75000048
  endloop
 endfacet

 facet normal 6.73400677e-08 0 1
  outer loop
  vertex -7.54874992 9.59856987 7.75000048
  vertex -7.67250061 7.22356892 7.75000048
  vertex -7.54874992 7.22356892 7.75000048
  endloop
 endfacet

 facet normal -1 0 0
  outer loop
  vertex -7.54874992 4.84856892 7.62500048
  vertex -7.54874992 2.47356892 7.50000048
  vertex -7.54874992 2.47356892 7.62500048
  endloop
 endfacet

 facet normal -1 0 0
  outer loop
  vertex -7.54874992 9.59856987 7.62500048
  vertex -7.54874992 7.22356892 7.50000048
  vertex -7.54874992 7.22356892 7.62500048
  endloop
 endfacet

 facet normal -1 0 0
  outer loop
  vertex -7.54874992 7.22356892 7.62500048
  vertex -7.54874992 4.84856892 7.50000048
  vertex -7.54874992 4.84856892 7.62500048
  endloop
 endfacet

 facet normal 6.73400677e-08 0 1
  outer loop
  vertex -7.54874992 2.47356892 7.75000048
  vertex -7.67250061 0.0985689163 7.75000048
  vertex -7.54874992 0.0985689163 7.75000048
  endloop
 endfacet

 facet normal 6.73400677e-08 0 1
  outer loop
  vertex -7.54874992 9.59856987 7.37500048
  vertex -7.67250061 7.22356892 7.37500048
  vertex -7.54874992 7.22356892 7.37500048
  endloop
 endfacet

 facet normal -1 0 0
  outer loop
  vertex -7.54874992 2.47356892 7.62500048
  vertex -7.54874992 0.0985689163 7.50000048
  vertex -7.54874992 0.0985689163 7.62500048
  endloop
 endfacet

 facet normal -6.73400677e-08 -1 0
  outer loop
  vertex -7.54874992 0.0985689163 7.75000048
  vertex -7.67250061 0.0985689163 7.62500048
  vertex -7.54874992 0.0985689163 7.62500048
  endloop
 endfacet

 facet normal -6.73400677e-08 0 -1
  outer loop
  vertex -7.54874992 2.47356892 7.62500048
  vertex -7.67250061 4.84856892 7.62500048
  vertex -7.54874992 4.84856892 7.62500048
  endloop
 endfacet

 facet normal -6.73400677e-08 -1 0
  outer loop
  vertex -7.54874992 0.0985689163 7.37500048
  vertex -7.67250061 0.0985689163 7.25000048
  vertex -7.54874992 0.0985689163 7.25000048
  endloop
 endfacet

 facet normal -1 0 0
  outer loop
  vertex -7.54874992 2.47356892 7.50000048
  vertex -7.54874992 0.0985689163 7.37500048
  vertex -7.54874992 0.0985689163 7.50000048
  endloop
 endfacet

 facet normal -1 0 0
  outer loop
  vertex -7.54874992 4.84856892 7.50000048
  vertex -7.54874992 2.47356892 7.37500048
  vertex -7.54874992 2.47356892 7.50000048
  endloop
 endfacet

 facet normal 6.73400677e-08 0 1
  outer loop
  vertex -7.54874992 7.22356892 7.37500048
  vertex -7.67250061 4.84856892 7.37500048
  vertex -7.54874992 4.84856892 7.37500048
  endloop
 endfacet

 facet normal -1 0 0
  outer loop
  vertex -7.54874992 7.22356892 7.50000048
  vertex -7.54874992 4.84856892 7.37500048
  vertex -7.54874992 4.84856892 7.50000048
  endloop
 endfacet

 facet normal -1 0 0
  outer loop
  vertex -7.54874992 9.59856987 7.50000048
  vertex -7.54874992 7.22356892 7.37500048
  vertex -7.54874992 7.22356892 7.50000048
  endloop
 endfacet

 facet normal -1 0 0
  outer loop
  vertex -7.67250061 9.59856987 7.37500048
  vertex -7.67250061 7.22356892 7.25000048
  vertex -7.67250061 7.22356892 7.37500048
  endloop
 endfacet

 facet normal -1 0 0
  outer loop
  vertex -7.67250061 4.84856892 7.37500048
  vertex -7.67250061 2.47356892 7.25000048
  vertex -7.67250061 2.47356892 7.37500048
  endloop
 endfacet

 facet normal -1 0 0
  outer loop
  vertex -7.67250061 7.22356892 7.75000048
  vertex -7.67250061 4.84856892 7.62500048
  vertex -7.67250061 4.84856892 7.75000048
  endloop
 endfacet

 facet normal -1 0 0
  outer loop
  vertex -7.67250061 9.59856987 7.75000048
  vertex -7.67250061 7.22356892 7.62500048
  vertex -7.67250061 7.22356892 7.75000048
  endloop
 endfacet

 facet normal -1 0 0
  outer loop
  vertex -7.67250061 2.47356892 7.75000048
  vertex -7.67250061 0.0985689163 7.62500048
  vertex -7.67250061 0.0985689163 7.75000048
  endloop
 endfacet

 facet normal -1 0 0
  outer loop
  vertex -7.67250061 4.84856892 7.75000048
  vertex -7.67250061 2.47356892 7.62500048
  vertex -7.67250061 2.47356892 7.75000048
  endloop
 endfacet

 facet normal -1 0 0
  outer loop
  vertex -7.67250061 2.47356892 7.37500048
  vertex -7.67250061 0.0985689163 7.25000048
  vertex -7.67250061 0.0985689163 7.37500048
  endloop
 endfacet

 facet normal -1 0 0
  outer loop
  vertex -7.67250061 7.22356892 7.37500048
  vertex -7.67250061 4.84856892 7.25000048
  vertex -7.67250061 4.84856892 7.37500048
  endloop
 endfacet

 facet normal -6.73400677e-08 0 -1
  outer loop
  vertex -7.54874992 4.84856892 7.62500048
  vertex -7.67250061 7.22356892 7.62500048
  vertex -7.54874992 7.22356892 7.62500048
  endloop
 endfacet

 facet normal 6.73400677e-08 1 0
  outer loop
  vertex -7.54874992 9.59856987 7.25000048
  vertex -7.67250061 9.59856987 7.37500048
  vertex -7.54874992 9.59856987 7.37500048
  endloop
 endfacet

 facet normal -6.73400677e-08 0 -1
  outer loop
  vertex -7.54874992 7.22356892 7.25000048
  vertex -7.67250061 9.59856987 7.25000048
  vertex -7.54874992 9.59856987 7.25000048
  endloop
 endfacet

 facet normal 6.73400677e-08 0 1
  outer loop
  vertex -7.54874992 2.47356892 7.37500048
  vertex -7.67250061 0.0985689163 7.37500048
  vertex -7.54874992 0.0985689163 7.37500048
  endloop
 endfacet

 facet normal -6.73400677e-08 0 -1
  outer loop
  vertex -7.54874992 7.22356892 7.62500048
  vertex -7.67250061 9.59856987 7.62500048
  vertex -7.54874992 9.59856987 7.62500048
  endloop
 endfacet

 facet normal -6.73400677e-08 0 -1
  outer loop
  vertex -7.54874992 0.0985689163 7.25000048
  vertex -7.67250061 2.47356892 7.25000048
  vertex -7.54874992 2.47356892 7.25000048
  endloop
 endfacet

 facet normal 6.73400677e-08 0 1
  outer loop
  vertex -7.54874992 4.84856892 7.75000048
  vertex -7.67250061 2.47356892 7.75000048
  vertex -7.54874992 2.47356892 7.75000048
  endloop
 endfacet

 facet normal 6.73400677e-08 0 1
  outer loop
  vertex -7.54874992 4.84856892 7.37500048
  vertex -7.67250061 2.47356892 7.37500048
  vertex -7.54874992 2.47356892 7.37500048
  endloop
 endfacet

 facet normal 6.73400677e-08 0 1
  outer loop
  vertex -7.54874992 7.22356892 7.75000048
  vertex -7.67250061 4.84856892 7.75000048
  vertex -7.54874992 4.84856892 7.75000048
  endloop
 endfacet

 facet normal -6.73400677e-08 0 -1
  outer loop
  vertex -7.54874992 4.84856892 7.25000048
  vertex -7.67250061 7.22356892 7.25000048
  vertex -7.54874992 7.22356892 7.25000048
  endloop
 endfacet

 facet normal -6.73400677e-08 0 -1
  outer loop
  vertex -7.54874992 2.47356892 7.25000048
  vertex -7.67250061 4.84856892 7.25000048
  vertex -7.54874992 4.84856892 7.25000048
  endloop
 endfacet

 facet normal -6.73400677e-08 0 -1
  outer loop
  vertex -7.54874992 0.0985689163 7.62500048
  vertex -7.67250061 2.47356892 7.62500048
  vertex -7.54874992 2.47356892 7.62500048
  endloop
 endfacet

 facet normal 6.73400677e-08 1 0
  outer loop
  vertex 7.30124903 9.59856987 15.124999
  vertex 7.17749977 9.59856987 15.249999
  vertex 7.30124903 9.59856987 15.249999
  endloop
 endfacet

 facet normal -6.73400677e-08 0 -1
  outer loop
  vertex 7.30124903 7.22357035 14.749999
  vertex 7.30124903 9.59856987 14.749999
  vertex 7.54874992 9.59856987 14.749999
  endloop
 endfacet

 facet normal -6.73400677e-08 0 -1
  outer loop
  vertex 7.54874992 4.84857035 15.124999
  vertex 7.67250061 2.47357035 15.124999
  vertex 7.54874992 2.47357035 15.124999
  endloop
 endfacet

 facet normal 6.73400677e-08 0 1
  outer loop
  vertex 7.54874992 9.59856987 15.249999
  vertex 7.30124903 9.59856987 15.249999
  vertex 7.30124903 7.22357035 15.249999
  endloop
 endfacet

 facet normal -6.73400677e-08 -1 0
  outer loop
  vertex 7.54874992 0.09856987 15.124999
  vertex 7.54874992 0.09856987 15.249999
  vertex 7.30124903 0.09856987 15.249999
  endloop
 endfacet

 facet normal 6.73400677e-08 1 0
  outer loop
  vertex 7.30124903 9.59856987 15.124999
  vertex 7.30124903 9.59856987 15.249999
  vertex 7.54874992 9.59856987 15.249999
  endloop
 endfacet

 facet normal 6.73400677e-08 0 1
  outer loop
  vertex 7.54874992 7.22357035 14.874999
  vertex 7.67250061 9.59856987 14.874999
  vertex 7.54874992 9.59856987 14.874999
  endloop
 endfacet

 facet normal 1 0 0
  outer loop
  vertex 7.54874992 4.84857035 14.874999
  vertex 7.54874992 2.47357035 14.999999
  vertex 7.54874992 2.47357035 14.874999
  endloop
 endfacet

 facet normal 1 0 0
  outer loop
  vertex 7.54874992 9.59856987 14.874999
  vertex 7.54874992 7.22357035 14.999999
  vertex 7.54874992 7.22357035 14.874999
  endloop
 endfacet

 facet normal 1 0 0
  outer loop
  vertex 7.54874992 7.22357035 14.874999
  vertex 7.54874992 4.84857035 14.999999
  vertex 7.54874992 4.84857035 14.874999
  endloop
 endfacet

 facet normal -6.73400677e-08 0 -1
  outer loop
  vertex 7.54874992 4.84857035 14.749999
  vertex 7.67250061 2.47357035 14.749999
  vertex 7.54874992 2.47357035 14.749999
  endloop
 endfacet

 facet normal -6.73400677e-08 0 -1
  outer loop
  vertex 7.54874992 2.47357035 15.124999
  vertex 7.67250061 0.09856987 15.124999
  vertex 7.54874992 0.09856987 15.124999
  endloop
 endfacet

 facet normal 1 0 0
  outer loop
  vertex 7.54874992 2.47357035 14.874999
  vertex 7.54874992 0.09856987 14.999999
  vertex 7.54874992 0.09856987 14.874999
  endloop
 endfacet

 facet normal 6.73400677e-08 0 1
  outer loop
  vertex 7.54874992 7.22357035 15.249999
  vertex 7.67250061 9.59856987 15.249999
  vertex 7.54874992 9.59856987 15.249999
  endloop
 endfacet

 facet normal -6.73400677e-08 0 -1
  outer loop
  vertex 7.54874992 7.22357035 14.749999
  vertex 7.67250061 4.84857035 14.749999
  vertex 7.54874992 4.84857035 14.749999
  endloop
 endfacet

 facet normal 6.73400677e-08 0 1
  outer loop
  vertex 7.54874992 4.84857035 14.874999
  vertex 7.67250061 7.22357035 14.874999
  vertex 7.54874992 7.22357035 14.874999
  endloop
 endfacet

 facet normal 1 0 0
  outer loop
  vertex 7.54874992 2.47357035 14.999999
  vertex 7.54874992 0.09856987 15.124999
  vertex 7.54874992 0.09856987 14.999999
  endloop
 endfacet

 facet normal 1 0 0
  outer loop
  vertex 7.54874992 4.84857035 14.999999
  vertex 7.54874992 2.47357035 15.124999
  vertex 7.54874992 2.47357035 14.999999
  endloop
 endfacet

 facet normal 6.73400677e-08 1 0
  outer loop
  vertex 7.54874992 9.59856987 14.874999
  vertex 7.67250061 9.59856987 14.749999
  vertex 7.54874992 9.59856987 14.749999
  endloop
 endfacet

 facet normal 1 0 0
  outer loop
  vertex 7.54874992 7.22357035 14.999999
  vertex 7.54874992 4.84857035 15.124999
  vertex 7.54874992 4.84857035 14.999999
  endloop
 endfacet

 facet normal 1 0 0
  outer loop
  vertex 7.54874992 9.59856987 14.999999
  vertex 7.54874992 7.22357035 15.124999
  vertex 7.54874992 7.22357035 14.999999
  endloop
 endfacet

 facet normal 1 0 0
  outer loop
  vertex 7.67250061 9.59856987 15.124999
  vertex 7.67250061 7.22357035 15.249999
  vertex 7.67250061 7.22357035 15.124999
  endloop
 endfacet

 facet normal 1 0 0
  outer loop
  vertex 7.67250061 4.84857035 15.124999
  vertex 7.67250061 2.47357035 15.249999
  vertex 7.67250061 2.47357035 15.124999
  endloop
 endfacet

 facet normal 1 0 0
  outer loop
  vertex 7.67250061 7.22357035 14.749999
  vertex 7.67250061 4.84857035 14.874999
  vertex 7.67250061 4.84857035 14.749999
  endloop
 endfacet

 facet normal 1 0 0
  outer loop
  vertex 7.67250061 9.59856987 14.749999
  vertex 7.67250061 7.22357035 14.874999
  vertex 7.67250061 7.22357035 14.749999
  endloop
 endfacet

 facet normal 1 0 0
  outer loop
  vertex 7.67250061 2.47357035 14.749999
  vertex 7.67250061 0.09856987 14.874999
  vertex 7.67250061 0.09856987 14.749999
  endloop
 endfacet

 facet normal 1 0 0
  outer loop
  vertex 7.67250061 4.84857035 14.749999
  vertex 7.67250061 2.47357035 14.874999
  vertex 7.67250061 2.47357035 14.749999
  endloop
 endfacet

 facet normal 1 0 0
  outer loop
  vertex 7.67250061 2.47357035 15.124999
  vertex 7.67250061 0.09856987 15.249999
  vertex 7.67250061 0.09856987 15.124999
  endloop
 endfacet

 facet normal 1 0 0
  outer loop
  vertex 7.67250061 7.22357035 15.124999
  vertex 7.67250061 4.84857035 15.249999
  vertex 7.67250061 4.84857035 15.124999
  endloop
 endfacet

 facet normal -6.73400677e-08 0 -1
  outer loop
  vertex 7.54874992 2.47357035 14.749999
  vertex 7.67250061 0.09856987 14.749999
  vertex 7.54874992 0.09856987 14.749999
  endloop
 endfacet

 facet normal -6.73400677e-08 -1 0
  outer loop
  vertex 7.54874992 0.09856987 14.749999
  vertex 7.67250061 0.09856987 14.874999
  vertex 7.54874992 0.09856987 14.874999
  endloop
 endfacet

 facet normal 6.73400677e-08 0 1
  outer loop
  vertex 7.54874992 4.84857035 15.249999
  vertex 7.67250061 7.22357035 15.249999
  vertex 7.54874992 7.22357035 15.249999
  endloop
 endfacet

 facet normal 6.73400677e-08 1 0
  outer loop
  vertex 7.54874992 9.59856987 15.249999
  vertex 7.67250061 9.59856987 15.124999
  vertex 7.54874992 9.59856987 15.124999
  endloop
 endfacet

 facet normal 6.73400677e-08 0 1
  outer loop
  vertex 7.54874992 2.47357035 15.249999
  vertex 7.67250061 4.84857035 15.249999
  vertex 7.54874992 4.84857035 15.249999
  endloop
 endfacet

 facet normal 6.73400677e-08 0 1
  outer loop
  vertex 7.54874992 0.09856987 14.874999
  vertex 7.67250061 2.47357035 14.874999
  vertex 7.54874992 2.47357035 14.874999
  endloop
 endfacet

 facet normal -6.73400677e-08 0 -1
  outer loop
  vertex 7.54874992 7.22357035 15.124999
  vertex 7.67250061 4.84857035 15.124999
  vertex 7.54874992 4.84857035 15.124999
  endloop
 endfacet

 facet normal 6.73400677e-08 0 1
  outer loop
  vertex 7.54874992 0.09856987 15.249999
  vertex 7.67250061 2.47357035 15.249999
  vertex 7.54874992 2.47357035 15.249999
  endloop
 endfacet

 facet normal -6.73400677e-08 0 -1
  outer loop
  vertex 7.54874992 9.59856987 14.749999
  vertex 7.67250061 7.22357035 14.749999
  vertex 7.54874992 7.22357035 14.749999
  endloop
 endfacet

 facet normal 6.73400677e-08 0 1
  outer loop
  vertex 7.54874992 2.47357035 14.874999
  vertex 7.67250061 4.84857035 14.874999
  vertex 7.54874992 4.84857035 14.874999
  endloop
 endfacet

 facet normal -6.73399683e-08 1.50582514e-06 -1
  outer loop
  vertex 7.54874992 9.59856987 15.124999
  vertex 7.67250061 7.22357035 15.124999
  vertex 7.54874992 7.22357035 15.124999
  endloop
 endfacet

 facet normal -6.73400677e-08 -1 0
  outer loop
  vertex 7.54874992 0.09856987 15.124999
  vertex 7.67250061 0.09856987 15.249999
  vertex 7.54874992 0.09856987 15.249999
  endloop
 endfacet

 facet normal 6.73400677e-08 0 1
  outer loop
  vertex 7.30124903 9.59856987 15.249999
  vertex 7.17749977 7.22357035 15.249999
  vertex 7.30124903 7.22357035 15.249999
  endloop
 endfacet

 facet normal -1 0 0
  outer loop
  vertex 7.30124903 4.84857035 15.124999
  vertex 7.30124903 2.47357035 14.999999
  vertex 7.30124903 2.47357035 15.124999
  endloop
 endfacet

 facet normal -1 0 0
  outer loop
  vertex 7.30124903 9.59856987 15.124999
  vertex 7.30124903 7.22357035 14.999999
  vertex 7.30124903 7.22357035 15.124999
  endloop
 endfacet

 facet normal -1 0 0
  outer loop
  vertex 7.30124903 7.22357035 15.124999
  vertex 7.30124903 4.84857035 14.999999
  vertex 7.30124903 4.84857035 15.124999
  endloop
 endfacet

 facet normal 6.73400677e-08 0 1
  outer loop
  vertex 7.30124903 2.47357035 15.249999
  vertex 7.17749977 0.09856987 15.249999
  vertex 7.30124903 0.09856987 15.249999
  endloop
 endfacet

 facet normal 6.73400677e-08 0 1
  outer loop
  vertex 7.30124903 9.59856987 14.874999
  vertex 7.17749977 7.22357035 14.874999
  vertex 7.30124903 7.22357035 14.874999
  endloop
 endfacet

 facet normal -1 0 0
  outer loop
  vertex 7.30124903 2.47357035 15.124999
  vertex 7.30124903 0.09856987 14.999999
  vertex 7.30124903 0.09856987 15.124999
  endloop
 endfacet

 facet normal -6.73400677e-08 -1 0
  outer loop
  vertex 7.30124903 0.09856987 15.249999
  vertex 7.17749977 0.09856987 15.124999
  vertex 7.30124903 0.09856987 15.124999
  endloop
 endfacet

 facet normal -6.73400677e-08 0 -1
  outer loop
  vertex 7.30124903 2.47357035 15.124999
  vertex 7.17749977 4.84857035 15.124999
  vertex 7.30124903 4.84857035 15.124999
  endloop
 endfacet

 facet normal -6.73400677e-08 -1 0
  outer loop
  vertex 7.30124903 0.09856987 14.874999
  vertex 7.17749977 0.09856987 14.749999
  vertex 7.30124903 0.09856987 14.749999
  endloop
 endfacet

 facet normal -1 0 0
  outer loop
  vertex 7.30124903 2.47357035 14.999999
  vertex 7.30124903 0.09856987 14.874999
  vertex 7.30124903 0.09856987 14.999999
  endloop
 endfacet

 facet normal -1 0 0
  outer loop
  vertex 7.30124903 4.84857035 14.999999
  vertex 7.30124903 2.47357035 14.874999
  vertex 7.30124903 2.47357035 14.999999
  endloop
 endfacet

 facet normal 6.73400677e-08 0 1
  outer loop
  vertex 7.30124903 7.22357035 14.874999
  vertex 7.17749977 4.84857035 14.874999
  vertex 7.30124903 4.84857035 14.874999
  endloop
 endfacet

 facet normal -1 0 0
  outer loop
  vertex 7.30124903 7.22357035 14.999999
  vertex 7.30124903 4.84857035 14.874999
  vertex 7.30124903 4.84857035 14.999999
  endloop
 endfacet

 facet normal -1 0 0
  outer loop
  vertex 7.30124903 9.59856987 14.999999
  vertex 7.30124903 7.22357035 14.874999
  vertex 7.30124903 7.22357035 14.999999
  endloop
 endfacet

 facet normal -1 0 0
  outer loop
  vertex 7.17749977 9.59856987 14.874999
  vertex 7.17749977 7.22357035 14.749999
  vertex 7.17749977 7.22357035 14.874999
  endloop
 endfacet

 facet normal -1 0 0
  outer loop
  vertex 7.17749977 4.84857035 14.874999
  vertex 7.17749977 2.47357035 14.749999
  vertex 7.17749977 2.47357035 14.874999
  endloop
 endfacet

 facet normal -1 0 0
  outer loop
  vertex 7.17749977 7.22357035 15.249999
  vertex 7.17749977 4.84857035 15.124999
  vertex 7.17749977 4.84857035 15.249999
  endloop
 endfacet

 facet normal -1 0 0
  outer loop
  vertex 7.17749977 9.59856987 15.249999
  vertex 7.17749977 7.22357035 15.124999
  vertex 7.17749977 7.22357035 15.249999
  endloop
 endfacet

 facet normal -1 0 0
  outer loop
  vertex 7.17749977 2.47357035 15.249999
  vertex 7.17749977 0.09856987 15.124999
  vertex 7.17749977 0.09856987 15.249999
  endloop
 endfacet

 facet normal -1 0 0
  outer loop
  vertex 7.17749977 4.84857035 15.249999
  vertex 7.17749977 2.47357035 15.124999
  vertex 7.17749977 2.47357035 15.249999
  endloop
 endfacet

 facet normal -1 0 0
  outer loop
  vertex 7.17749977 2.47357035 14.874999
  vertex 7.17749977 0.09856987 14.749999
  vertex 7.17749977 0.09856987 14.874999
  endloop
 endfacet

 facet normal -1 0 0
  outer loop
  vertex 7.17749977 7.22357035 14.874999
  vertex 7.17749977 4.84857035 14.749999
  vertex 7.17749977 4.84857035 14.874999
  endloop
 endfacet

 facet normal -6.73400677e-08 0 -1
  outer loop
  vertex 7.30124903 4.84857035 15.124999
  vertex 7.17749977 7.22357035 15.124999
  vertex 7.30124903 7.22357035 15.124999
  endloop
 endfacet

 facet normal 6.73400677e-08 1 0
  outer loop
  vertex 7.30124903 9.59856987 14.749999
  vertex 7.17749977 9.59856987 14.874999
  vertex 7.30124903 9.59856987 14.874999
  endloop
 endfacet

 facet normal -6.73400677e-08 0 -1
  outer loop
  vertex 7.30124903 7.22357035 14.749999
  vertex 7.17749977 9.59856987 14.749999
  vertex 7.30124903 9.59856987 14.749999
  endloop
 endfacet

 facet normal 6.73400677e-08 0 1
  outer loop
  vertex 7.30124903 2.47357035 14.874999
  vertex 7.17749977 0.09856987 14.874999
  vertex 7.30124903 0.09856987 14.874999
  endloop
 endfacet

 facet normal -6.73400677e-08 0 -1
  outer loop
  vertex 7.30124903 7.22357035 15.124999
  vertex 7.17749977 9.59856987 15.124999
  vertex 7.30124903 9.59856987 15.124999
  endloop
 endfacet

 facet normal -6.73400677e-08 0 -1
  outer loop
  vertex 7.30124903 0.09856987 14.749999
  vertex 7.17749977 2.47357035 14.749999
  vertex 7.30124903 2.47357035 14.749999
  endloop
 endfacet

 facet normal 6.73400677e-08 0 1
  outer loop
  vertex 7.30124903 4.84857035 15.249999
  vertex 7.17749977 2.47357035 15.249999
  vertex 7.30124903 2.47357035 15.249999
  endloop
 endfacet

 facet normal 6.73400677e-08 0 1
  outer loop
  vertex 7.30124903 4.84857035 14.874999
  vertex 7.17749977 2.47357035 14.874999
  vertex 7.30124903 2.47357035 14.874999
  endloop
 endfacet

 facet normal 6.73400677e-08 0 1
  outer loop
  vertex 7.30124903 7.22357035 15.249999
  vertex 7.17749977 4.84857035 15.249999
  vertex 7.30124903 4.84857035 15.249999
  endloop
 endfacet

 facet normal -6.73400677e-08 0 -1
  outer loop
  vertex 7.30124903 4.84857035 14.749999
  vertex 7.17749977 7.22357035 14.749999
  vertex 7.30124903 7.22357035 14.749999
  endloop
 endfacet

 facet normal -6.73400677e-08 0 -1
  outer loop
  vertex 7.30124903 2.47357035 14.749999
  vertex 7.17749977 4.84857035 14.749999
  vertex 7.30124903 4.84857035 14.749999
  endloop
 endfacet

 facet normal -6.73400677e-08 0 -1
  outer loop
  vertex 7.30124903 0.09856987 15.124999
  vertex 7.17749977 2.47357035 15.124999
  vertex 7.30124903 2.47357035 15.124999
  endloop
 endfacet

 facet normal 1 0 0
  outer loop
  vertex 14.8500004 9.72356892 15.124999
  vertex 14.8500004 9.59856892 15.249999
  vertex 14.8500004 9.59856892 15.124999
  endloop
 endfacet

 facet normal 6.73400677e-08 1 0
  outer loop
  vertex 7.42500019 10.0985689 15.124999
  vertex 14.8500004 10.0985689 14.874999
  vertex 7.42500019 10.0985689 14.874999
  endloop
 endfacet

 facet normal 6.73400677e-08 1 0
  outer loop
  vertex 0 9.72356987 14.875
  vertex -7.4250021 9.72357082 14.750001
  vertex -7.4250021 9.72357082 14.875001
  endloop
 endfacet

 facet normal -6.73400677e-08 -1 0
  outer loop
  vertex 7.42500019 9.59856892 14.874999
  vertex 14.8500004 9.59856892 15.124999
  vertex 7.42500019 9.59856892 15.124999
  endloop
 endfacet

 facet normal -1 0 0
  outer loop
  vertex -14.8500004 9.72357082 14.875001
  vertex -14.8500004 9.59857082 14.875001
  vertex -14.8500004 9.59857082 15.125001
  endloop
 endfacet

 facet normal 1 0 0
  outer loop
  vertex 14.8500004 9.72356892 15.124999
  vertex 14.8500004 9.59856892 15.124999
  vertex 14.8500004 9.59856892 14.874999
  endloop
 endfacet

 facet normal -6.73400677e-08 -1 0
  outer loop
  vertex 7.42500019 9.97356892 14.874999
  vertex 14.8500004 9.97356892 14.749999
  vertex 14.8500004 9.97356892 14.874999
  endloop
 endfacet

 facet normal -6.73400677e-08 0 -1
  outer loop
  vertex 0 9.97356987 14.875
  vertex -7.4250021 9.84857082 14.875001
  vertex -7.4250021 9.97357082 14.875001
  endloop
 endfacet

 facet normal -6.73400677e-08 0 -1
  outer loop
  vertex 14.8500004 9.97356892 14.874999
  vertex 7.42500019 9.84856892 14.874999
  vertex 7.42500019 9.97356892 14.874999
  endloop
 endfacet

 facet normal -6.73400677e-08 0 -1
  outer loop
  vertex 7.42500019 9.97356892 14.874999
  vertex 0 9.84856987 14.875
  vertex 0 9.97356987 14.875
  endloop
 endfacet

 facet normal 6.73400677e-08 1 0
  outer loop
  vertex 0 10.0985699 14.875
  vertex -7.4250021 10.0985708 14.750001
  vertex -7.4250021 10.0985708 14.875001
  endloop
 endfacet

 facet normal 6.73400677e-08 1 0
  outer loop
  vertex -7.4250021 9.72357082 14.875001
  vertex -14.8500004 9.72357082 14.750001
  vertex -14.8500004 9.72357082 14.875001
  endloop
 endfacet

 facet normal -6.73400677e-08 0 -1
  outer loop
  vertex -7.4250021 9.97357082 14.875001
  vertex -14.8500004 9.84857082 14.875001
  vertex -14.8500004 9.97357082 14.875001
  endloop
 endfacet

 facet normal -6.73400677e-08 -1 0
  outer loop
  vertex 7.42500019 9.59856892 14.874999
  vertex 14.8500004 9.59856892 14.749999
  vertex 14.8500004 9.59856892 14.874999
  endloop
 endfacet

 facet normal 6.73400677e-08 1 0
  outer loop
  vertex 7.42500019 10.0985689 14.874999
  vertex 0 10.0985699 14.75
  vertex 0 10.0985699 14.875
  endloop
 endfacet

 facet normal -6.73400677e-08 -1 0
  outer loop
  vertex 0 9.97356987 14.875
  vertex 7.42500019 9.97356892 14.749999
  vertex 7.42500019 9.97356892 14.874999
  endloop
 endfacet

 facet normal -6.73400677e-08 0 -1
  outer loop
  vertex -7.4250021 9.84857082 14.875001
  vertex -14.8500004 9.72357082 14.875001
  vertex -14.8500004 9.84857082 14.875001
  endloop
 endfacet

 facet normal -6.73400677e-08 0 -1
  outer loop
  vertex 0 9.84856987 14.875
  vertex -7.4250021 9.72357082 14.875001
  vertex -7.4250021 9.84857082 14.875001
  endloop
 endfacet

 facet normal 1 0 0
  outer loop
  vertex 14.8500004 9.97356892 14.874999
  vertex 14.8500004 10.0985689 14.749999
  vertex 14.8500004 10.0985689 14.874999
  endloop
 endfacet

 facet normal -6.73400677e-08 0 -1
  outer loop
  vertex 7.42500019 9.84856892 14.874999
  vertex 0 9.72356987 14.875
  vertex 0 9.84856987 14.875
  endloop
 endfacet

 facet normal -6.73400677e-08 0 -1
  outer loop
  vertex 14.8500004 9.84856892 14.874999
  vertex 7.42500019 9.72356892 14.874999
  vertex 7.42500019 9.84856892 14.874999
  endloop
 endfacet

 facet normal -6.73400677e-08 0 -1
  outer loop
  vertex 14.8500004 9.72356892 14.749999
  vertex 7.42500019 9.59856892 14.749999
  vertex 7.42500019 9.72356892 14.749999
  endloop
 endfacet

 facet normal -6.73400677e-08 0 -1
  outer loop
  vertex 0 9.72356987 14.75
  vertex -7.4250021 9.59856987 14.750001
  vertex -7.4250021 9.72357082 14.750001
  endloop
 endfacet

 facet normal -6.73400677e-08 0 -1
  outer loop
  vertex 7.42500019 10.0985689 14.749999
  vertex 0 9.97356987 14.75
  vertex 0 10.0985699 14.75
  endloop
 endfacet

 facet normal -6.73400677e-08 0 -1
  outer loop
  vertex 14.8500004 10.0985689 14.749999
  vertex 7.42500019 9.97356892 14.749999
  vertex 7.42500019 10.0985689 14.749999
  endloop
 endfacet

 facet normal -6.73400677e-08 0 -1
  outer loop
  vertex -7.4250021 10.0985708 14.750001
  vertex -14.8500004 9.97357082 14.750001
  vertex -14.8500004 10.0985708 14.750001
  endloop
 endfacet

 facet normal -6.73400677e-08 0 -1
  outer loop
  vertex 0 10.0985699 14.75
  vertex -7.4250021 9.97357082 14.750001
  vertex -7.4250021 10.0985708 14.750001
  endloop
 endfacet

 facet normal -6.73400677e-08 0 -1
  outer loop
  vertex -7.4250021 9.72357082 14.750001
  vertex -14.8500004 9.59857082 14.750001
  vertex -14.8500004 9.72357082 14.750001
  endloop
 endfacet

 facet normal -6.73400677e-08 0 -1
  outer loop
  vertex 7.42500019 9.72356892 14.749999
  vertex 0 9.59856987 14.75
  vertex 0 9.72356987 14.75
  endloop
 endfacet

 facet normal 6.73400677e-08 1 0
  outer loop
  vertex -7.4250021 10.0985708 14.875001
  vertex -14.8500004 10.0985708 14.750001
  vertex -14.8500004 10.0985708 14.875001
  endloop
 endfacet

 facet normal -1 0 0
  outer loop
  vertex -14.8500004 10.0985708 14.875001
  vertex -14.8500004 9.97357082 14.750001
  vertex -14.8500004 9.97357082 14.875001
  endloop
 endfacet

 facet normal -6.73400677e-08 -1 0
  outer loop
  vertex 0 9.59856987 14.875
  vertex 7.42500019 9.59856892 14.749999
  vertex 7.42500019 9.59856892 14.874999
  endloop
 endfacet

 facet normal 1 0 0
  outer loop
  vertex 14.8500004 9.59856892 14.874999
  vertex 14.8500004 9.72356892 14.749999
  vertex 14.8500004 9.72356892 14.874999
  endloop
 endfacet

 facet normal -6.73400677e-08 -1 0
  outer loop
  vertex -7.4250021 9.59856987 14.875001
  vertex 0 9.59856987 14.75
  vertex 0 9.59856987 14.875
  endloop
 endfacet

 facet normal -6.73400677e-08 -1 0
  outer loop
  vertex -14.8500004 9.97357082 14.875001
  vertex -7.4250021 9.97357082 14.750001
  vertex -7.4250021 9.97357082 14.875001
  endloop
 endfacet

 facet normal 6.73400677e-08 1 0
  outer loop
  vertex 7.42500019 9.72356892 14.874999
  vertex 0 9.72356987 14.75
  vertex 0 9.72356987 14.875
  endloop
 endfacet

 facet normal -6.73400677e-08 -1 0
  outer loop
  vertex -14.8500004 9.59857082 14.875001
  vertex -7.4250021 9.59856987 14.750001
  vertex -7.4250021 9.59856987 14.875001
  endloop
 endfacet

 facet normal 6.73400677e-08 1 0
  outer loop
  vertex 14.8500004 10.0985689 14.874999
  vertex 7.42500019 10.0985689 14.749999
  vertex 7.42500019 10.0985689 14.874999
  endloop
 endfacet

 facet normal -6.73400677e-08 -1 0
  outer loop
  vertex -7.4250021 9.97357082 14.875001
  vertex 0 9.97356987 14.75
  vertex 0 9.97356987 14.875
  endloop
 endfacet

 facet normal 6.73400677e-08 1 0
  outer loop
  vertex 14.8500004 9.72356892 14.874999
  vertex 7.42500019 9.72356892 14.749999
  vertex 7.42500019 9.72356892 14.874999
  endloop
 endfacet

 facet normal -1 0 0
  outer loop
  vertex -14.8500004 9.72357082 14.875001
  vertex -14.8500004 9.59857082 14.750001
  vertex -14.8500004 9.59857082 14.875001
  endloop
 endfacet

 facet normal -6.73400677e-08 -1 0
  outer loop
  vertex 14.8500004 9.59856892 15.124999
  vertex 7.42500019 9.59856892 15.249999
  vertex 7.42500019 9.59856892 15.124999
  endloop
 endfacet

 facet normal 6.73400677e-08 0 1
  outer loop
  vertex 0 9.72356987 15.125
  vertex -7.4250021 9.84857082 15.125001
  vertex -7.4250021 9.72357082 15.125001
  endloop
 endfacet

 facet normal 6.73400677e-08 0 1
  outer loop
  vertex 14.8500004 9.72356892 15.124999
  vertex 7.42500019 9.84856892 15.124999
  vertex 7.42500019 9.72356892 15.124999
  endloop
 endfacet

 facet normal 6.73400677e-08 0 1
  outer loop
  vertex 7.42500019 9.72356892 15.124999
  vertex 0 9.84856987 15.125
  vertex 0 9.72356987 15.125
  endloop
 endfacet

 facet normal -6.73400677e-08 -1 0
  outer loop
  vertex -7.4250021 9.59856987 15.125001
  vertex -14.8500004 9.59857082 15.250001
  vertex -14.8500004 9.59857082 15.125001
  endloop
 endfacet

 facet normal -6.73400677e-08 -1 0
  outer loop
  vertex 14.8500004 9.97356892 15.124999
  vertex 7.42500019 9.97356892 15.249999
  vertex 7.42500019 9.97356892 15.124999
  endloop
 endfacet

 facet normal 6.73400677e-08 0 1
  outer loop
  vertex -7.4250021 9.72357082 15.125001
  vertex -14.8500004 9.84857082 15.125001
  vertex -14.8500004 9.72357082 15.125001
  endloop
 endfacet

 facet normal -1 0 0
  outer loop
  vertex -14.8500004 9.59857082 15.125001
  vertex -14.8500004 9.72357082 15.250001
  vertex -14.8500004 9.72357082 15.125001
  endloop
 endfacet

 facet normal 6.73400677e-08 1 0
  outer loop
  vertex -7.4250021 9.72357082 15.125001
  vertex 0 9.72356987 15.25
  vertex 0 9.72356987 15.125
  endloop
 endfacet

 facet normal -1 0 0
  outer loop
  vertex -14.8500004 9.97357082 15.125001
  vertex -14.8500004 10.0985708 15.250001
  vertex -14.8500004 10.0985708 15.125001
  endloop
 endfacet

 facet normal 6.73400677e-08 0 1
  outer loop
  vertex -7.4250021 9.84857082 15.125001
  vertex -14.8500004 9.97357082 15.125001
  vertex -14.8500004 9.84857082 15.125001
  endloop
 endfacet

 facet normal 6.73400677e-08 0 1
  outer loop
  vertex 0 9.84856987 15.125
  vertex -7.4250021 9.97357082 15.125001
  vertex -7.4250021 9.84857082 15.125001
  endloop
 endfacet

 facet normal -6.73400677e-08 -1 0
  outer loop
  vertex 7.42500019 9.97356892 15.124999
  vertex 0 9.97356987 15.25
  vertex 0 9.97356987 15.125
  endloop
 endfacet

 facet normal 6.73400677e-08 0 1
  outer loop
  vertex 7.42500019 9.84856892 15.124999
  vertex 0 9.97356987 15.125
  vertex 0 9.84856987 15.125
  endloop
 endfacet

 facet normal 6.73400677e-08 0 1
  outer loop
  vertex 14.8500004 9.84856892 15.124999
  vertex 7.42500019 9.97356892 15.124999
  vertex 7.42500019 9.84856892 15.124999
  endloop
 endfacet

 facet normal 6.73400677e-08 0 1
  outer loop
  vertex 14.8500004 9.97356892 15.249999
  vertex 7.42500019 10.0985689 15.249999
  vertex 7.42500019 9.97356892 15.249999
  endloop
 endfacet

 facet normal 6.73400677e-08 0 1
  outer loop
  vertex 0 9.97356987 15.25
  vertex -7.4250021 10.0985708 15.250001
  vertex -7.4250021 9.97357082 15.250001
  endloop
 endfacet

 facet normal 6.73400677e-08 0 1
  outer loop
  vertex 7.42500019 9.59856892 15.249999
  vertex 0 9.72356987 15.25
  vertex 0 9.59856987 15.25
  endloop
 endfacet

 facet normal 6.73400677e-08 0 1
  outer loop
  vertex 14.8500004 9.59856892 15.249999
  vertex 7.42500019 9.72356892 15.249999
  vertex 7.42500019 9.59856892 15.249999
  endloop
 endfacet

 facet normal 6.73400677e-08 0 1
  outer loop
  vertex -7.4250021 9.59856987 15.250001
  vertex -14.8500004 9.72357082 15.250001
  vertex -14.8500004 9.59857082 15.250001
  endloop
 endfacet

 facet normal 6.73400677e-08 0 1
  outer loop
  vertex 0 9.59856987 15.25
  vertex -7.4250021 9.72357082 15.250001
  vertex -7.4250021 9.59856987 15.250001
  endloop
 endfacet

 facet normal 6.73400677e-08 0 1
  outer loop
  vertex -7.4250021 9.97357082 15.250001
  vertex -14.8500004 10.0985708 15.250001
  vertex -14.8500004 9.97357082 15.250001
  endloop
 endfacet

 facet normal 6.73400677e-08 0 1
  outer loop
  vertex 7.42500019 9.97356892 15.249999
  vertex 0 10.0985699 15.25
  vertex 0 9.97356987 15.25
  endloop
 endfacet

 facet normal 6.73400677e-08 1 0
  outer loop
  vertex 0 9.72356987 15.125
  vertex 7.42500019 9.72356892 15.249999
  vertex 7.42500019 9.72356892 15.124999
  endloop
 endfacet

 facet normal 1 0 0
  outer loop
  vertex 14.8500004 10.0985689 15.124999
  vertex 14.8500004 9.97356892 15.249999
  vertex 14.8500004 9.97356892 15.124999
  endloop
 endfacet

 facet normal 6.73400677e-08 1 0
  outer loop
  vertex 7.42500019 10.0985689 15.124999
  vertex 14.8500004 10.0985689 15.249999
  vertex 14.8500004 10.0985689 15.124999
  endloop
 endfacet

 facet normal -6.73400677e-08 -1 0
  outer loop
  vertex -7.4250021 9.97357082 15.125001
  vertex -14.8500004 9.97357082 15.250001
  vertex -14.8500004 9.97357082 15.125001
  endloop
 endfacet

 facet normal 6.73400677e-08 1 0
  outer loop
  vertex 7.42500019 9.72356892 15.124999
  vertex 14.8500004 9.72356892 15.249999
  vertex 14.8500004 9.72356892 15.124999
  endloop
 endfacet

 facet normal 6.73400677e-08 1 0
  outer loop
  vertex -14.8500004 10.0985708 15.125001
  vertex -7.4250021 10.0985708 15.250001
  vertex -7.4250021 10.0985708 15.125001
  endloop
 endfacet

 facet normal -6.73400677e-08 -1 0
  outer loop
  vertex 0 9.59856987 15.125
  vertex -7.4250021 9.59856987 15.250001
  vertex -7.4250021 9.59856987 15.125001
  endloop
 endfacet

 facet normal -6.73400677e-08 -1 0
  outer loop
  vertex 0 9.97356987 15.125
  vertex -7.4250021 9.97357082 15.250001
  vertex -7.4250021 9.97357082 15.125001
  endloop
 endfacet

 facet normal -6.73400677e-08 -1 0
  outer loop
  vertex 7.42500019 9.59856892 15.124999
  vertex 0 9.59856987 15.25
  vertex 0 9.59856987 15.125
  endloop
 endfacet

 facet normal 6.73400677e-08 1 0
  outer loop
  vertex 0 10.0985699 15.125
  vertex 7.42500019 10.0985689 15.249999
  vertex 7.42500019 10.0985689 15.124999
  endloop
 endfacet

 facet normal 6.73400677e-08 1 0
  outer loop
  vertex -7.4250021 10.0985708 15.125001
  vertex 0 10.0985699 15.25
  vertex 0 10.0985699 15.125
  endloop
 endfacet

 facet normal 6.73400677e-08 1 0
  outer loop
  vertex -14.8500004 9.72357082 15.125001
  vertex -7.4250021 9.72357082 15.250001
  vertex -7.4250021 9.72357082 15.125001
  endloop
 endfacet

 facet normal 6.73400677e-08 1 0
  outer loop
  vertex -7.54875088 9.59856987 15.125001
  vertex -7.67250252 9.59856987 15.250001
  vertex -7.54875088 9.59856987 15.250001
  endloop
 endfacet

 facet normal -6.73400677e-08 0 -1
  outer loop
  vertex -7.54875088 9.59856987 14.750001
  vertex -7.30125093 9.59856987 14.750001
  vertex -7.30125093 7.22356892 14.750001
  endloop
 endfacet

 facet normal -6.73400677e-08 0 -1
  outer loop
  vertex -7.30125093 4.84856892 15.125001
  vertex -7.1775012 2.47356892 15.125001
  vertex -7.30125093 2.47356892 15.125001
  endloop
 endfacet

 facet normal 6.73400677e-08 0 1
  outer loop
  vertex -7.30125093 7.22356892 15.250001
  vertex -7.54875088 9.59856987 15.250001
  vertex -7.54875088 7.22356892 15.250001
  endloop
 endfacet

 facet normal -6.73400677e-08 -1 0
  outer loop
  vertex -7.30125093 0.0985689163 15.125001
  vertex -7.30125093 0.0985689163 15.250001
  vertex -7.54875088 0.0985689163 15.250001
  endloop
 endfacet

 facet normal 6.73400677e-08 1 0
  outer loop
  vertex -7.54875088 9.59856987 15.125001
  vertex -7.54875088 9.59856987 15.250001
  vertex -7.30125093 9.59856987 15.250001
  endloop
 endfacet

 facet normal 6.73400677e-08 0 1
  outer loop
  vertex -7.30125093 7.22356892 14.875001
  vertex -7.1775012 9.59856987 14.875001
  vertex -7.30125093 9.59856987 14.875001
  endloop
 endfacet

 facet normal 1 0 0
  outer loop
  vertex -7.30125093 4.84856892 14.875001
  vertex -7.30125093 2.47356892 15.000001
  vertex -7.30125093 2.47356892 14.875001
  endloop
 endfacet

 facet normal 1 0 0
  outer loop
  vertex -7.30125093 9.59856987 14.875001
  vertex -7.30125093 7.22356892 15.000001
  vertex -7.30125093 7.22356892 14.875001
  endloop
 endfacet

 facet normal 1 0 0
  outer loop
  vertex -7.30125093 7.22356892 14.875001
  vertex -7.30125093 4.84856892 15.000001
  vertex -7.30125093 4.84856892 14.875001
  endloop
 endfacet

 facet normal -6.73400677e-08 0 -1
  outer loop
  vertex -7.30125093 4.84856892 14.750001
  vertex -7.1775012 2.47356892 14.750001
  vertex -7.30125093 2.47356892 14.750001
  endloop
 endfacet

 facet normal -6.73400677e-08 0 -1
  outer loop
  vertex -7.30125093 2.47356892 15.125001
  vertex -7.1775012 0.0985689163 15.125001
  vertex -7.30125093 0.0985689163 15.125001
  endloop
 endfacet

 facet normal 1 0 0
  outer loop
  vertex -7.30125093 2.47356892 14.875001
  vertex -7.30125093 0.0985689163 15.000001
  vertex -7.30125093 0.0985689163 14.875001
  endloop
 endfacet

 facet normal 6.73400677e-08 0 1
  outer loop
  vertex -7.30125093 7.22356892 15.250001
  vertex -7.1775012 9.59856987 15.250001
  vertex -7.30125093 9.59856987 15.250001
  endloop
 endfacet

 facet normal -6.73400677e-08 0 -1
  outer loop
  vertex -7.30125093 7.22356892 14.750001
  vertex -7.1775012 4.84856892 14.750001
  vertex -7.30125093 4.84856892 14.750001
  endloop
 endfacet

 facet normal 6.73400677e-08 0 1
  outer loop
  vertex -7.30125093 4.84856892 14.875001
  vertex -7.1775012 7.22356892 14.875001
  vertex -7.30125093 7.22356892 14.875001
  endloop
 endfacet

 facet normal 1 0 0
  outer loop
  vertex -7.30125093 2.47356892 15.000001
  vertex -7.30125093 0.0985689163 15.125001
  vertex -7.30125093 0.0985689163 15.000001
  endloop
 endfacet

 facet normal 1 0 0
  outer loop
  vertex -7.30125093 4.84856892 15.000001
  vertex -7.30125093 2.47356892 15.125001
  vertex -7.30125093 2.47356892 15.000001
  endloop
 endfacet

 facet normal 6.73400677e-08 1 0
  outer loop
  vertex -7.30125093 9.59856987 14.875001
  vertex -7.1775012 9.59856987 14.750001
  vertex -7.30125093 9.59856987 14.750001
  endloop
 endfacet

 facet normal 1 0 0
  outer loop
  vertex -7.30125093 7.22356892 15.000001
  vertex -7.30125093 4.84856892 15.125001
  vertex -7.30125093 4.84856892 15.000001
  endloop
 endfacet

 facet normal 1 0 0
  outer loop
  vertex -7.30125093 9.59856987 15.000001
  vertex -7.30125093 7.22356892 15.125001
  vertex -7.30125093 7.22356892 15.000001
  endloop
 endfacet

 facet normal 1 0 0
  outer loop
  vertex -7.1775012 9.59856987 15.125001
  vertex -7.1775012 7.22356892 15.250001
  vertex -7.1775012 7.22356892 15.125001
  endloop
 endfacet

 facet normal 1 0 0
  outer loop
  vertex -7.1775012 4.84856892 15.125001
  vertex -7.1775012 2.47356892 15.250001
  vertex -7.1775012 2.47356892 15.125001
  endloop
 endfacet

 facet normal 1 0 0
  outer loop
  vertex -7.1775012 7.22356892 14.750001
  vertex -7.1775012 4.84856892 14.875001
  vertex -7.1775012 4.84856892 14.750001
  endloop
 endfacet

 facet normal 1 0 0
  outer loop
  vertex -7.1775012 9.59856987 14.750001
  vertex -7.1775012 7.22356892 14.875001
  vertex -7.1775012 7.22356892 14.750001
  endloop
 endfacet

 facet normal 1 0 0
  outer loop
  vertex -7.1775012 2.47356892 14.750001
  vertex -7.1775012 0.0985689163 14.875001
  vertex -7.1775012 0.0985689163 14.750001
  endloop
 endfacet

 facet normal 1 0 0
  outer loop
  vertex -7.1775012 4.84856892 14.750001
  vertex -7.1775012 2.47356892 14.875001
  vertex -7.1775012 2.47356892 14.750001
  endloop
 endfacet

 facet normal 1 0 0
  outer loop
  vertex -7.1775012 2.47356892 15.125001
  vertex -7.1775012 0.0985689163 15.250001
  vertex -7.1775012 0.0985689163 15.125001
  endloop
 endfacet

 facet normal 1 0 0
  outer loop
  vertex -7.1775012 7.22356892 15.125001
  vertex -7.1775012 4.84856892 15.250001
  vertex -7.1775012 4.84856892 15.125001
  endloop
 endfacet

 facet normal -6.73400677e-08 0 -1
  outer loop
  vertex -7.30125093 2.47356892 14.750001
  vertex -7.1775012 0.0985689163 14.750001
  vertex -7.30125093 0.0985689163 14.750001
  endloop
 endfacet

 facet normal -6.73400677e-08 -1 0
  outer loop
  vertex -7.30125093 0.0985689163 14.750001
  vertex -7.1775012 0.0985689163 14.875001
  vertex -7.30125093 0.0985689163 14.875001
  endloop
 endfacet

 facet normal 6.73400677e-08 0 1
  outer loop
  vertex -7.30125093 4.84856892 15.250001
  vertex -7.1775012 7.22356892 15.250001
  vertex -7.30125093 7.22356892 15.250001
  endloop
 endfacet

 facet normal 6.73400677e-08 1 0
  outer loop
  vertex -7.30125093 9.59856987 15.250001
  vertex -7.1775012 9.59856987 15.125001
  vertex -7.30125093 9.59856987 15.125001
  endloop
 endfacet

 facet normal 6.73400677e-08 0 1
  outer loop
  vertex -7.30125093 2.47356892 15.250001
  vertex -7.1775012 4.84856892 15.250001
  vertex -7.30125093 4.84856892 15.250001
  endloop
 endfacet

 facet normal 6.73400677e-08 0 1
  outer loop
  vertex -7.30125093 0.0985689163 14.875001
  vertex -7.1775012 2.47356892 14.875001
  vertex -7.30125093 2.47356892 14.875001
  endloop
 endfacet

 facet normal -6.73400677e-08 0 -1
  outer loop
  vertex -7.30125093 7.22356892 15.125001
  vertex -7.1775012 4.84856892 15.125001
  vertex -7.30125093 4.84856892 15.125001
  endloop
 endfacet

 facet normal 6.73400677e-08 0 1
  outer loop
  vertex -7.30125093 0.0985689163 15.250001
  vertex -7.1775012 2.47356892 15.250001
  vertex -7.30125093 2.47356892 15.250001
  endloop
 endfacet

 facet normal -6.73400677e-08 0 -1
  outer loop
  vertex -7.30125093 9.59856987 14.750001
  vertex -7.1775012 7.22356892 14.750001
  vertex -7.30125093 7.22356892 14.750001
  endloop
 endfacet

 facet normal 6.73400677e-08 0 1
  outer loop
  vertex -7.30125093 2.47356892 14.875001
  vertex -7.1775012 4.84856892 14.875001
  vertex -7.30125093 4.84856892 14.875001
  endloop
 endfacet

 facet normal -6.73400677e-08 0 -1
  outer loop
  vertex -7.30125093 9.59856987 15.125001
  vertex -7.1775012 7.22356892 15.125001
  vertex -7.30125093 7.22356892 15.125001
  endloop
 endfacet

 facet normal -6.73400677e-08 -1 0
  outer loop
  vertex -7.30125093 0.0985689163 15.125001
  vertex -7.1775012 0.0985689163 15.250001
  vertex -7.30125093 0.0985689163 15.250001
  endloop
 endfacet

 facet normal 6.73400677e-08 0 1
  outer loop
  vertex -7.54875088 9.59856987 15.250001
  vertex -7.67250061 7.22356892 15.250001
  vertex -7.54875088 7.22356892 15.250001
  endloop
 endfacet

 facet normal -1 0 0
  outer loop
  vertex -7.54875088 4.84856892 15.125001
  vertex -7.54875088 2.47356892 15.000001
  vertex -7.54875088 2.47356892 15.125001
  endloop
 endfacet

 facet normal -1 0 0
  outer loop
  vertex -7.54875088 9.59856987 15.125001
  vertex -7.54875088 7.22356892 15.000001
  vertex -7.54875088 7.22356892 15.125001
  endloop
 endfacet

 facet normal -1 0 0
  outer loop
  vertex -7.54875088 7.22356892 15.125001
  vertex -7.54875088 4.84856892 15.000001
  vertex -7.54875088 4.84856892 15.125001
  endloop
 endfacet

 facet normal 6.73400677e-08 0 1
  outer loop
  vertex -7.54875088 2.47356892 15.250001
  vertex -7.67250061 0.0985689163 15.250001
  vertex -7.54875088 0.0985689163 15.250001
  endloop
 endfacet

 facet normal 6.73400677e-08 0 1
  outer loop
  vertex -7.54875088 9.59856987 14.875001
  vertex -7.67250061 7.22356892 14.875001
  vertex -7.54875088 7.22356892 14.875001
  endloop
 endfacet

 facet normal -1 0 0
  outer loop
  vertex -7.54875088 2.47356892 15.125001
  vertex -7.54875088 0.0985689163 15.000001
  vertex -7.54875088 0.0985689163 15.125001
  endloop
 endfacet

 facet normal -6.73400677e-08 -1 0
  outer loop
  vertex -7.54875088 0.0985689163 15.250001
  vertex -7.67250061 0.0985689163 15.125001
  vertex -7.54875088 0.0985689163 15.125001
  endloop
 endfacet

 facet normal -6.73400677e-08 0 -1
  outer loop
  vertex -7.54875088 2.47356892 15.125001
  vertex -7.67250061 4.84856892 15.125001
  vertex -7.54875088 4.84856892 15.125001
  endloop
 endfacet

 facet normal -6.73400677e-08 -1 0
  outer loop
  vertex -7.54875088 0.0985689163 14.875001
  vertex -7.67250061 0.0985689163 14.750001
  vertex -7.54875088 0.0985689163 14.750001
  endloop
 endfacet

 facet normal -1 0 0
  outer loop
  vertex -7.54875088 2.47356892 15.000001
  vertex -7.54875088 0.0985689163 14.875001
  vertex -7.54875088 0.0985689163 15.000001
  endloop
 endfacet

 facet normal -1 0 0
  outer loop
  vertex -7.54875088 4.84856892 15.000001
  vertex -7.54875088 2.47356892 14.875001
  vertex -7.54875088 2.47356892 15.000001
  endloop
 endfacet

 facet normal 6.73400677e-08 0 1
  outer loop
  vertex -7.54875088 7.22356892 14.875001
  vertex -7.67250061 4.84856892 14.875001
  vertex -7.54875088 4.84856892 14.875001
  endloop
 endfacet

 facet normal -1 0 0
  outer loop
  vertex -7.54875088 7.22356892 15.000001
  vertex -7.54875088 4.84856892 14.875001
  vertex -7.54875088 4.84856892 15.000001
  endloop
 endfacet

 facet normal -1 0 0
  outer loop
  vertex -7.54875088 9.59856987 15.000001
  vertex -7.54875088 7.22356892 14.875001
  vertex -7.54875088 7.22356892 15.000001
  endloop
 endfacet

 facet normal -1 0 0
  outer loop
  vertex -7.67250252 9.59856987 14.875001
  vertex -7.67250061 7.22356892 14.750001
  vertex -7.67250061 7.22356892 14.875001
  endloop
 endfacet

 facet normal -1 0 0
  outer loop
  vertex -7.67250061 4.84856892 14.875001
  vertex -7.67250061 2.47356892 14.750001
  vertex -7.67250061 2.47356892 14.875001
  endloop
 endfacet

 facet normal -1 0 0
  outer loop
  vertex -7.67250061 7.22356892 15.250001
  vertex -7.67250061 4.84856892 15.125001
  vertex -7.67250061 4.84856892 15.250001
  endloop
 endfacet

 facet normal -1 0 0
  outer loop
  vertex -7.67250252 9.59856987 15.250001
  vertex -7.67250061 7.22356892 15.125001
  vertex -7.67250061 7.22356892 15.250001
  endloop
 endfacet

 facet normal -1 0 0
  outer loop
  vertex -7.67250061 2.47356892 15.250001
  vertex -7.67250061 0.0985689163 15.125001
  vertex -7.67250061 0.0985689163 15.250001
  endloop
 endfacet

 facet normal -1 0 0
  outer loop
  vertex -7.67250061 4.84856892 15.250001
  vertex -7.67250061 2.47356892 15.125001
  vertex -7.67250061 2.47356892 15.250001
  endloop
 endfacet

 facet normal -1 0 0
  outer loop
  vertex -7.67250061 2.47356892 14.875001
  vertex -7.67250061 0.0985689163 14.750001
  vertex -7.67250061 0.0985689163 14.875001
  endloop
 endfacet

 facet normal -1 0 0
  outer loop
  vertex -7.67250061 7.22356892 14.875001
  vertex -7.67250061 4.84856892 14.750001
  vertex -7.67250061 4.84856892 14.875001
  endloop
 endfacet

 facet normal -6.73400677e-08 0 -1
  outer loop
  vertex -7.54875088 4.84856892 15.125001
  vertex -7.67250061 7.22356892 15.125001
  vertex -7.54875088 7.22356892 15.125001
  endloop
 endfacet

 facet normal 6.73400677e-08 1 0
  outer loop
  vertex -7.54875088 9.59856987 14.750001
  vertex -7.67250252 9.59856987 14.875001
  vertex -7.54875088 9.59856987 14.875001
  endloop
 endfacet

 facet normal -6.73400677e-08 0 -1
  outer loop
  vertex -7.54875088 7.22356892 14.750001
  vertex -7.67250252 9.59856987 14.750001
  vertex -7.54875088 9.59856987 14.750001
  endloop
 endfacet

 facet normal 6.73400677e-08 0 1
  outer loop
  vertex -7.54875088 2.47356892 14.875001
  vertex -7.67250061 0.0985689163 14.875001
  vertex -7.54875088 0.0985689163 14.875001
  endloop
 endfacet

 facet normal -6.73400677e-08 0 -1
  outer loop
  vertex -7.54875088 7.22356892 15.125001
  vertex -7.67250252 9.59856987 15.125001
  vertex -7.54875088 9.59856987 15.125001
  endloop
 endfacet

 facet normal -6.73400677e-08 0 -1
  outer loop
  vertex -7.54875088 0.0985689163 14.750001
  vertex -7.67250061 2.47356892 14.750001
  vertex -7.54875088 2.47356892 14.750001
  endloop
 endfacet

 facet normal 6.73400677e-08 0 1
  outer loop
  vertex -7.54875088 4.84856892 15.250001
  vertex -7.67250061 2.47356892 15.250001
  vertex -7.54875088 2.47356892 15.250001
  endloop
 endfacet

 facet normal 6.73400677e-08 0 1
  outer loop
  vertex -7.54875088 4.84856892 14.875001
  vertex -7.67250061 2.47356892 14.875001
  vertex -7.54875088 2.47356892 14.875001
  endloop
 endfacet

 facet normal 6.73400677e-08 0 1
  outer loop
  vertex -7.54875088 7.22356892 15.250001
  vertex -7.67250061 4.84856892 15.250001
  vertex -7.54875088 4.84856892 15.250001
  endloop
 endfacet

 facet normal -6.73400677e-08 0 -1
  outer loop
  vertex -7.54875088 4.84856892 14.750001
  vertex -7.67250061 7.22356892 14.750001
  vertex -7.54875088 7.22356892 14.750001
  endloop
 endfacet

 facet normal -6.73400677e-08 0 -1
  outer loop
  vertex -7.54875088 2.47356892 14.750001
  vertex -7.67250061 4.84856892 14.750001
  vertex -7.54875088 4.84856892 14.750001
  endloop
 endfacet

 facet normal -6.73400677e-08 0 -1
  outer loop
  vertex -7.54875088 0.0985689163 15.125001
  vertex -7.67250061 2.47356892 15.125001
  vertex -7.54875088 2.47356892 15.125001
  endloop
 endfacet

 facet normal 1 0 0
  outer loop
  vertex 14.8500004 9.72356987 0.124999002
  vertex 14.8500004 9.72356987 0.249999002
  vertex 14.8500004 9.59856987 0.249999002
  endloop
 endfacet

 facet normal 6.73400677e-08 1 0
  outer loop
  vertex -14.8500004 10.0985718 -0.124999002
  vertex -14.8500004 10.0985718 0.125000998
  vertex -7.42500019 10.0985718 0.125000507
  endloop
 endfacet

 facet normal 6.73400677e-08 1 0
  outer loop
  vertex 0 10.0985708 0.125
  vertex 7.42500019 10.0985699 0.124999501
  vertex 7.42500019 10.0985699 -0.125000507
  endloop
 endfacet

 facet normal 6.73400677e-08 1 0
  outer loop
  vertex 7.42500019 10.0985699 0.124999501
  vertex 14.8500004 10.0985699 0.124999002
  vertex 14.8500004 10.0985699 -0.125000998
  endloop
 endfacet

 facet normal 6.73400677e-08 1 0
  outer loop
  vertex -14.8500004 10.0985718 -0.124999002
  vertex -7.42500019 10.0985718 0.125000507
  vertex -7.42500019 10.0985718 -0.124999501
  endloop
 endfacet

 facet normal 6.73400677e-08 1 0
  outer loop
  vertex -7.42500019 10.0985718 0.125000507
  vertex 0 10.0985708 0.125
  vertex -7.42500019 10.0985718 -0.124999501
  endloop
 endfacet

 facet normal 6.73400677e-08 1 0
  outer loop
  vertex 7.42500019 10.0985699 -0.125000507
  vertex 0 10.0985708 -0.125
  vertex 0 10.0985708 0.125
  endloop
 endfacet

 facet normal 6.73400677e-08 1 0
  outer loop
  vertex 0 10.0985708 -0.125
  vertex -7.42500019 10.0985718 -0.124999501
  vertex 0 10.0985708 0.125
  endloop
 endfacet

 facet normal 6.73400677e-08 1 0
  outer loop
  vertex 0 9.72357082 -0.125
  vertex 0 9.72357082 -0.25
  vertex -7.42500019 9.72357178 -0.249999493
  endloop
 endfacet

 facet normal -6.73400677e-08 -1 0
  outer loop
  vertex -14.8500004 9.59857178 0.125000998
  vertex -14.8500004 9.59857178 -0.124999002
  vertex -7.42500019 9.59857178 -0.124999501
  endloop
 endfacet

 facet normal -6.73400677e-08 -1 0
  outer loop
  vertex 0 9.59857082 -0.125
  vertex 7.42500019 9.59856987 -0.125000507
  vertex 7.42500019 9.59856987 0.124999501
  endloop
 endfacet

 facet normal -6.73400677e-08 -1 0
  outer loop
  vertex 7.42500019 9.59856987 -0.125000507
  vertex 14.8500004 9.59856987 -0.125000998
  vertex 14.8500004 9.59856987 0.124999002
  endloop
 endfacet

 facet normal -6.73400677e-08 -1 0
  outer loop
  vertex -14.8500004 9.59857178 0.125000998
  vertex -7.42500019 9.59857178 -0.124999501
  vertex -7.42500019 9.59857178 0.125000507
  endloop
 endfacet

 facet normal -6.73400677e-08 -1 0
  outer loop
  vertex -7.42500019 9.59857178 -0.124999501
  vertex 0 9.59857082 -0.125
  vertex -7.42500019 9.59857178 0.125000507
  endloop
 endfacet

 facet normal -6.73400677e-08 -1 0
  outer loop
  vertex 7.42500019 9.59856987 0.124999501
  vertex 0 9.59857082 0.125
  vertex 0 9.59857082 -0.125
  endloop
 endfacet

 facet normal -6.73400677e-08 -1 0
  outer loop
  vertex 0 9.59857082 0.125
  vertex -7.42500019 9.59857178 0.125000507
  vertex 0 9.59857082 -0.125
  endloop
 endfacet

 facet normal -1 0 0
  outer loop
  vertex -14.8500004 9.97357178 0.125000998
  vertex -14.8500004 10.0985718 0.125000998
  vertex -14.8500004 10.0985718 -0.124999002
  endloop
 endfacet

 facet normal -1 0 0
  outer loop
  vertex -14.8500004 9.97357178 -0.124999002
  vertex -14.8500004 9.84857178 -0.124999002
  vertex -14.8500004 9.84857178 0.125000998
  endloop
 endfacet

 facet normal -1 0 0
  outer loop
  vertex -14.8500004 9.84857178 -0.124999002
  vertex -14.8500004 9.72357178 -0.124999002
  vertex -14.8500004 9.84857178 0.125000998
  endloop
 endfacet

 facet normal -1 0 0
  outer loop
  vertex -14.8500004 9.97357178 0.125000998
  vertex -14.8500004 10.0985718 -0.124999002
  vertex -14.8500004 9.97357178 -0.124999002
  endloop
 endfacet

 facet normal -1 0 0
  outer loop
  vertex -14.8500004 9.59857178 0.125000998
  vertex -14.8500004 9.72357178 0.125000998
  vertex -14.8500004 9.72357178 -0.124999002
  endloop
 endfacet

 facet normal -1 0 0
  outer loop
  vertex -14.8500004 9.72357178 0.125000998
  vertex -14.8500004 9.84857178 0.125000998
  vertex -14.8500004 9.72357178 -0.124999002
  endloop
 endfacet

 facet normal -1 0 0
  outer loop
  vertex -14.8500004 9.84857178 0.125000998
  vertex -14.8500004 9.97357178 0.125000998
  vertex -14.8500004 9.97357178 -0.124999002
  endloop
 endfacet

 facet normal 1 0 0
  outer loop
  vertex 14.8500004 9.97356987 -0.125000998
  vertex 14.8500004 10.0985699 -0.125000998
  vertex 14.8500004 10.0985699 0.124999002
  endloop
 endfacet

 facet normal 1 0 0
  outer loop
  vertex 14.8500004 9.97356987 0.124999002
  vertex 14.8500004 9.84856987 0.124999002
  vertex 14.8500004 9.84856987 -0.125000998
  endloop
 endfacet

 facet normal 1 0 0
  outer loop
  vertex 14.8500004 9.84856987 0.124999002
  vertex 14.8500004 9.72356987 0.124999002
  vertex 14.8500004 9.84856987 -0.125000998
  endloop
 endfacet

 facet normal 1 0 0
  outer loop
  vertex 14.8500004 9.97356987 -0.125000998
  vertex 14.8500004 10.0985699 0.124999002
  vertex 14.8500004 9.97356987 0.124999002
  endloop
 endfacet

 facet normal 1 0 0
  outer loop
  vertex 14.8500004 9.59856987 -0.125000998
  vertex 14.8500004 9.72356987 -0.125000998
  vertex 14.8500004 9.72356987 0.124999002
  endloop
 endfacet

 facet normal 1 0 0
  outer loop
  vertex 14.8500004 9.72356987 -0.125000998
  vertex 14.8500004 9.84856987 -0.125000998
  vertex 14.8500004 9.72356987 0.124999002
  endloop
 endfacet

 facet normal 1 0 0
  outer loop
  vertex 14.8500004 9.84856987 -0.125000998
  vertex 14.8500004 9.97356987 -0.125000998
  vertex 14.8500004 9.97356987 0.124999002
  endloop
 endfacet

 facet normal -6.73400677e-08 -1 0
  outer loop
  vertex 7.42500019 9.97356987 -0.125000507
  vertex 7.42500019 9.97356987 -0.250000507
  vertex 14.8500004 9.97356987 -0.250001013
  endloop
 endfacet

 facet normal -6.73400677e-08 0 -1
  outer loop
  vertex 0 9.97357082 -0.125
  vertex 0 9.84857082 -0.125
  vertex -7.42500019 9.84857178 -0.124999501
  endloop
 endfacet

 facet normal -6.73400677e-08 0 -1
  outer loop
  vertex 14.8500004 9.97356987 -0.125000998
  vertex 14.8500004 9.84856987 -0.125000998
  vertex 7.42500019 9.84856987 -0.125000507
  endloop
 endfacet

 facet normal -6.73400677e-08 0 -1
  outer loop
  vertex 7.42500019 9.97356987 -0.125000507
  vertex 7.42500019 9.84856987 -0.125000507
  vertex 0 9.84857082 -0.125
  endloop
 endfacet

 facet normal 6.73400677e-08 1 0
  outer loop
  vertex 0 10.0985708 -0.125
  vertex 0 10.0985708 -0.25
  vertex -7.42500019 10.0985718 -0.249999493
  endloop
 endfacet

 facet normal 6.73400677e-08 1 0
  outer loop
  vertex -7.42500019 9.72357178 -0.124999501
  vertex -7.42500019 9.72357178 -0.249999493
  vertex -14.8500004 9.72357178 -0.249999002
  endloop
 endfacet

 facet normal -6.73400677e-08 0 -1
  outer loop
  vertex -7.42500019 9.97357178 -0.124999501
  vertex -7.42500019 9.84857178 -0.124999501
  vertex -14.8500004 9.84857178 -0.124999002
  endloop
 endfacet

 facet normal -6.73400677e-08 -1 0
  outer loop
  vertex 7.42500019 9.59856987 -0.125000507
  vertex 7.42500019 9.59856987 -0.250000507
  vertex 14.8500004 9.59856987 -0.250001013
  endloop
 endfacet

 facet normal 6.73400677e-08 1 0
  outer loop
  vertex 7.42500019 10.0985699 -0.125000507
  vertex 7.42500019 10.0985699 -0.250000507
  vertex 0 10.0985708 -0.25
  endloop
 endfacet

 facet normal -6.73400677e-08 -1 0
  outer loop
  vertex 0 9.97357082 -0.125
  vertex 0 9.97357082 -0.25
  vertex 7.42500019 9.97356987 -0.250000507
  endloop
 endfacet

 facet normal -6.73400677e-08 0 -1
  outer loop
  vertex -7.42500019 9.84857178 -0.124999501
  vertex -7.42500019 9.72357178 -0.124999501
  vertex -14.8500004 9.72357178 -0.124999002
  endloop
 endfacet

 facet normal -6.73400677e-08 0 -1
  outer loop
  vertex 0 9.84857082 -0.125
  vertex 0 9.72357082 -0.125
  vertex -7.42500019 9.72357178 -0.124999501
  endloop
 endfacet

 facet normal 1 0 0
  outer loop
  vertex 14.8500004 9.97356987 -0.125000998
  vertex 14.8500004 9.97356987 -0.250001013
  vertex 14.8500004 10.0985699 -0.250001013
  endloop
 endfacet

 facet normal -6.73400677e-08 0 -1
  outer loop
  vertex 7.42500019 9.84856987 -0.125000507
  vertex 7.42500019 9.72356987 -0.125000507
  vertex 0 9.72357082 -0.125
  endloop
 endfacet

 facet normal -6.73400677e-08 0 -1
  outer loop
  vertex 14.8500004 9.84856987 -0.125000998
  vertex 14.8500004 9.72356987 -0.125000998
  vertex 7.42500019 9.72356987 -0.125000507
  endloop
 endfacet

 facet normal -6.73400677e-08 0 -1
  outer loop
  vertex 14.8500004 9.72356987 -0.250001013
  vertex 14.8500004 9.59856987 -0.250001013
  vertex 7.42500019 9.59856987 -0.250000507
  endloop
 endfacet

 facet normal -6.73400677e-08 0 -1
  outer loop
  vertex 0 9.72357082 -0.25
  vertex 0 9.59857082 -0.25
  vertex -7.42500019 9.59857178 -0.249999493
  endloop
 endfacet

 facet normal -6.73400677e-08 0 -1
  outer loop
  vertex 7.42500019 10.0985699 -0.250000507
  vertex 7.42500019 9.97356987 -0.250000507
  vertex 0 9.97357082 -0.25
  endloop
 endfacet

 facet normal -6.73400677e-08 0 -1
  outer loop
  vertex 14.8500004 10.0985699 -0.250001013
  vertex 14.8500004 9.97356987 -0.250001013
  vertex 7.42500019 9.97356987 -0.250000507
  endloop
 endfacet

 facet normal -6.73400677e-08 0 -1
  outer loop
  vertex -7.42500019 10.0985718 -0.249999493
  vertex -7.42500019 9.97357178 -0.249999493
  vertex -14.8500004 9.97357178 -0.249999002
  endloop
 endfacet

 facet normal -6.73400677e-08 0 -1
  outer loop
  vertex 0 10.0985708 -0.25
  vertex 0 9.97357082 -0.25
  vertex -7.42500019 9.97357178 -0.249999493
  endloop
 endfacet

 facet normal -6.73400677e-08 0 -1
  outer loop
  vertex -7.42500019 9.72357178 -0.249999493
  vertex -7.42500019 9.59857178 -0.249999493
  vertex -14.8500004 9.59857178 -0.249999002
  endloop
 endfacet

 facet normal -6.73400677e-08 0 -1
  outer loop
  vertex 7.42500019 9.72356987 -0.250000507
  vertex 7.42500019 9.59856987 -0.250000507
  vertex 0 9.59857082 -0.25
  endloop
 endfacet

 facet normal 6.73400677e-08 1 0
  outer loop
  vertex -7.42500019 10.0985718 -0.124999501
  vertex -7.42500019 10.0985718 -0.249999493
  vertex -14.8500004 10.0985718 -0.249999002
  endloop
 endfacet

 facet normal -1 0 0
  outer loop
  vertex -14.8500004 10.0985718 -0.124999002
  vertex -14.8500004 10.0985718 -0.249999002
  vertex -14.8500004 9.97357178 -0.249999002
  endloop
 endfacet

 facet normal -6.73400677e-08 -1 0
  outer loop
  vertex 0 9.59857082 -0.125
  vertex 0 9.59857082 -0.25
  vertex 7.42500019 9.59856987 -0.250000507
  endloop
 endfacet

 facet normal 1 0 0
  outer loop
  vertex 14.8500004 9.59856987 -0.125000998
  vertex 14.8500004 9.59856987 -0.250001013
  vertex 14.8500004 9.72356987 -0.250001013
  endloop
 endfacet

 facet normal -6.73400677e-08 -1 0
  outer loop
  vertex -7.42500019 9.59857178 -0.124999501
  vertex -7.42500019 9.59857178 -0.249999493
  vertex 0 9.59857082 -0.25
  endloop
 endfacet

 facet normal -6.73400677e-08 -1 0
  outer loop
  vertex -14.8500004 9.97357178 -0.124999002
  vertex -14.8500004 9.97357178 -0.249999002
  vertex -7.42500019 9.97357178 -0.249999493
  endloop
 endfacet

 facet normal 6.73400677e-08 1 0
  outer loop
  vertex 7.42500019 9.72356987 -0.125000507
  vertex 7.42500019 9.72356987 -0.250000507
  vertex 0 9.72357082 -0.25
  endloop
 endfacet

 facet normal -6.73400677e-08 -1 0
  outer loop
  vertex -14.8500004 9.59857178 -0.124999002
  vertex -14.8500004 9.59857178 -0.249999002
  vertex -7.42500019 9.59857178 -0.249999493
  endloop
 endfacet

 facet normal 6.73400677e-08 1 0
  outer loop
  vertex 14.8500004 10.0985699 -0.125000998
  vertex 14.8500004 10.0985699 -0.250001013
  vertex 7.42500019 10.0985699 -0.250000507
  endloop
 endfacet

 facet normal -6.73400677e-08 -1 0
  outer loop
  vertex -7.42500019 9.97357178 -0.124999501
  vertex -7.42500019 9.97357178 -0.249999493
  vertex 0 9.97357082 -0.25
  endloop
 endfacet

 facet normal 6.73400677e-08 1 0
  outer loop
  vertex 14.8500004 9.72356987 -0.125000998
  vertex 14.8500004 9.72356987 -0.250001013
  vertex 7.42500019 9.72356987 -0.250000507
  endloop
 endfacet

 facet normal -1 0 0
  outer loop
  vertex -14.8500004 9.72357178 -0.124999002
  vertex -14.8500004 9.72357178 -0.249999002
  vertex -14.8500004 9.59857178 -0.249999002
  endloop
 endfacet

 facet normal -6.73400677e-08 -1 0
  outer loop
  vertex 14.8500004 9.59856987 0.124999002
  vertex 14.8500004 9.59856987 0.249999002
  vertex 7.42500019 9.59856987 0.249999493
  endloop
 endfacet

 facet normal 6.73400677e-08 0 1
  outer loop
  vertex 0 9.72357082 0.125
  vertex 0 9.84857082 0.125
  vertex -7.42500019 9.84857178 0.125000507
  endloop
 endfacet

 facet normal 6.73400677e-08 0 1
  outer loop
  vertex 14.8500004 9.72356987 0.124999002
  vertex 14.8500004 9.84856987 0.124999002
  vertex 7.42500019 9.84856987 0.124999501
  endloop
 endfacet

 facet normal 6.73400677e-08 0 1
  outer loop
  vertex 7.42500019 9.72356987 0.124999501
  vertex 7.42500019 9.84856987 0.124999501
  vertex 0 9.84857082 0.125
  endloop
 endfacet

 facet normal -6.73400677e-08 -1 0
  outer loop
  vertex -7.42500019 9.59857178 0.125000507
  vertex -7.42500019 9.59857178 0.250000507
  vertex -14.8500004 9.59857178 0.250001013
  endloop
 endfacet

 facet normal -6.73400677e-08 -1 0
  outer loop
  vertex 14.8500004 9.97356987 0.124999002
  vertex 14.8500004 9.97356987 0.249999002
  vertex 7.42500019 9.97356987 0.249999493
  endloop
 endfacet

 facet normal 6.73400677e-08 0 1
  outer loop
  vertex -7.42500019 9.72357178 0.125000507
  vertex -7.42500019 9.84857178 0.125000507
  vertex -14.8500004 9.84857178 0.125000998
  endloop
 endfacet

 facet normal -1 0 0
  outer loop
  vertex -14.8500004 9.59857178 0.125000998
  vertex -14.8500004 9.59857178 0.250001013
  vertex -14.8500004 9.72357178 0.250001013
  endloop
 endfacet

 facet normal 6.73400677e-08 1 0
  outer loop
  vertex -7.42500019 9.72357178 0.125000507
  vertex -7.42500019 9.72357178 0.250000507
  vertex 0 9.72357082 0.25
  endloop
 endfacet

 facet normal -1 0 0
  outer loop
  vertex -14.8500004 9.97357178 0.125000998
  vertex -14.8500004 9.97357178 0.250001013
  vertex -14.8500004 10.0985718 0.250001013
  endloop
 endfacet

 facet normal 6.73400677e-08 0 1
  outer loop
  vertex -7.42500019 9.84857178 0.125000507
  vertex -7.42500019 9.97357178 0.125000507
  vertex -14.8500004 9.97357178 0.125000998
  endloop
 endfacet

 facet normal 6.73400677e-08 0 1
  outer loop
  vertex 0 9.84857082 0.125
  vertex 0 9.97357082 0.125
  vertex -7.42500019 9.97357178 0.125000507
  endloop
 endfacet

 facet normal -6.73400677e-08 -1 0
  outer loop
  vertex 7.42500019 9.97356987 0.124999501
  vertex 7.42500019 9.97356987 0.249999493
  vertex 0 9.97357082 0.25
  endloop
 endfacet

 facet normal 6.73400677e-08 0 1
  outer loop
  vertex 7.42500019 9.84856987 0.124999501
  vertex 7.42500019 9.97356987 0.124999501
  vertex 0 9.97357082 0.125
  endloop
 endfacet

 facet normal 6.73400677e-08 0 1
  outer loop
  vertex 14.8500004 9.84856987 0.124999002
  vertex 14.8500004 9.97356987 0.124999002
  vertex 7.42500019 9.97356987 0.124999501
  endloop
 endfacet

 facet normal 6.73400677e-08 0 1
  outer loop
  vertex 14.8500004 9.97356987 0.249999002
  vertex 14.8500004 10.0985699 0.249999002
  vertex 7.42500019 10.0985699 0.249999493
  endloop
 endfacet

 facet normal 6.73400677e-08 0 1
  outer loop
  vertex 0 9.97357082 0.25
  vertex 0 10.0985708 0.25
  vertex -7.42500019 10.0985718 0.250000507
  endloop
 endfacet

 facet normal 6.73400677e-08 0 1
  outer loop
  vertex 7.42500019 9.59856987 0.249999493
  vertex 7.42500019 9.72356987 0.249999493
  vertex 0 9.72357082 0.25
  endloop
 endfacet

 facet normal 6.73400677e-08 0 1
  outer loop
  vertex 14.8500004 9.59856987 0.249999002
  vertex 14.8500004 9.72356987 0.249999002
  vertex 7.42500019 9.72356987 0.249999493
  endloop
 endfacet

 facet normal 6.73400677e-08 0 1
  outer loop
  vertex -7.42500019 9.59857178 0.250000507
  vertex -7.42500019 9.72357178 0.250000507
  vertex -14.8500004 9.72357178 0.250001013
  endloop
 endfacet

 facet normal 6.73400677e-08 0 1
  outer loop
  vertex 0 9.59857082 0.25
  vertex 0 9.72357082 0.25
  vertex -7.42500019 9.72357178 0.250000507
  endloop
 endfacet

 facet normal 6.73400677e-08 0 1
  outer loop
  vertex -7.42500019 9.97357178 0.250000507
  vertex -7.42500019 10.0985718 0.250000507
  vertex -14.8500004 10.0985718 0.250001013
  endloop
 endfacet

 facet normal 6.73400677e-08 0 1
  outer loop
  vertex 7.42500019 9.97356987 0.249999493
  vertex 7.42500019 10.0985699 0.249999493
  vertex 0 10.0985708 0.25
  endloop
 endfacet

 facet normal 6.73400677e-08 1 0
  outer loop
  vertex 0 9.72357082 0.125
  vertex 0 9.72357082 0.25
  vertex 7.42500019 9.72356987 0.249999493
  endloop
 endfacet

 facet normal 1 0 0
  outer loop
  vertex 14.8500004 10.0985699 0.124999002
  vertex 14.8500004 10.0985699 0.249999002
  vertex 14.8500004 9.97356987 0.249999002
  endloop
 endfacet

 facet normal 6.73400677e-08 1 0
  outer loop
  vertex 7.42500019 10.0985699 0.124999501
  vertex 7.42500019 10.0985699 0.249999493
  vertex 14.8500004 10.0985699 0.249999002
  endloop
 endfacet

 facet normal -6.73400677e-08 -1 0
  outer loop
  vertex -7.42500019 9.97357178 0.125000507
  vertex -7.42500019 9.97357178 0.250000507
  vertex -14.8500004 9.97357178 0.250001013
  endloop
 endfacet

 facet normal 6.73400677e-08 1 0
  outer loop
  vertex 7.42500019 9.72356987 0.124999501
  vertex 7.42500019 9.72356987 0.249999493
  vertex 14.8500004 9.72356987 0.249999002
  endloop
 endfacet

 facet normal 6.73400677e-08 1 0
  outer loop
  vertex -14.8500004 10.0985718 0.125000998
  vertex -14.8500004 10.0985718 0.250001013
  vertex -7.42500019 10.0985718 0.250000507
  endloop
 endfacet

 facet normal -6.73400677e-08 -1 0
  outer loop
  vertex 0 9.59857082 0.125
  vertex 0 9.59857082 0.25
  vertex -7.42500019 9.59857178 0.250000507
  endloop
 endfacet

 facet normal -6.73400677e-08 -1 0
  outer loop
  vertex 0 9.97357082 0.125
  vertex 0 9.97357082 0.25
  vertex -7.42500019 9.97357178 0.250000507
  endloop
 endfacet

 facet normal -6.73400677e-08 -1 0
  outer loop
  vertex 7.42500019 9.59856987 0.124999501
  vertex 7.42500019 9.59856987 0.249999493
  vertex 0 9.59857082 0.25
  endloop
 endfacet

 facet normal 6.73400677e-08 1 0
  outer loop
  vertex 0 10.0985708 0.125
  vertex 0 10.0985708 0.25
  vertex 7.42500019 10.0985699 0.249999493
  endloop
 endfacet

 facet normal 6.73400677e-08 1 0
  outer loop
  vertex -7.42500019 10.0985718 0.125000507
  vertex -7.42500019 10.0985718 0.250000507
  vertex 0 10.0985708 0.25
  endloop
 endfacet

 facet normal 6.73400677e-08 1 0
  outer loop
  vertex -14.8500004 9.72357178 0.125000998
  vertex -14.8500004 9.72357178 0.250001013
  vertex -7.42500019 9.72357178 0.250000507
  endloop
 endfacet

 facet normal 6.73400677e-08 1 0
  outer loop
  vertex 7.30124903 9.59856987 0.124999881
  vertex 7.17749977 9.59856987 0.124999888
  vertex 7.17749977 9.59856987 0.249999911
  endloop
 endfacet

 facet normal -6.73400677e-08 0 -1
  outer loop
  vertex 7.54874992 0.09856987 -0.250000149
  vertex 7.30125093 0.09856987 -0.250000119
  vertex 7.30125093 2.47357035 -0.250000119
  endloop
 endfacet

 facet normal -6.73400677e-08 0 -1
  outer loop
  vertex 7.30125093 2.47357035 -0.250000119
  vertex 7.30125093 4.84857035 -0.250000119
  vertex 7.54874992 4.84857035 -0.250000149
  endloop
 endfacet

 facet normal -6.73400677e-08 0 -1
  outer loop
  vertex 7.30125093 4.84857035 -0.250000119
  vertex 7.30125093 7.22357035 -0.250000119
  vertex 7.54874992 4.84857035 -0.250000149
  endloop
 endfacet

 facet normal -6.73400677e-08 0 -1
  outer loop
  vertex 7.54874992 2.47357035 -0.250000149
  vertex 7.54874992 0.09856987 -0.250000149
  vertex 7.30125093 2.47357035 -0.250000119
  endloop
 endfacet

 facet normal -6.73400677e-08 0 -1
  outer loop
  vertex 7.54874992 9.59856987 -0.250000149
  vertex 7.54874992 7.22357035 -0.250000149
  vertex 7.30125093 7.22357035 -0.250000119
  endloop
 endfacet

 facet normal -6.73400677e-08 0 -1
  outer loop
  vertex 7.54874992 7.22357035 -0.250000149
  vertex 7.54874992 4.84857035 -0.250000149
  vertex 7.30125093 7.22357035 -0.250000119
  endloop
 endfacet

 facet normal -6.73400677e-08 0 -1
  outer loop
  vertex 7.54874992 4.84857035 -0.250000149
  vertex 7.54874992 2.47357035 -0.250000149
  vertex 7.30125093 2.47357035 -0.250000119
  endloop
 endfacet

 facet normal 5.30740749e-08 0 -1
  outer loop
  vertex 7.54874992 4.84857035 0.124999866
  vertex 7.67250061 4.84857035 0.124999858
  vertex 7.67250061 2.47357035 0.124999858
  endloop
 endfacet

 facet normal 6.73400677e-08 0 1
  outer loop
  vertex 7.30125093 0.09856987 0.249999896
  vertex 7.54874992 0.09856987 0.249999881
  vertex 7.54874992 2.47357035 0.249999881
  endloop
 endfacet

 facet normal 6.73400677e-08 0 1
  outer loop
  vertex 7.54874992 4.84857035 0.249999881
  vertex 7.54874992 7.22357035 0.249999881
  vertex 7.30125093 4.84857035 0.249999896
  endloop
 endfacet

 facet normal 6.73400677e-08 0 1
  outer loop
  vertex 7.54874992 7.22357035 0.249999881
  vertex 7.54874992 9.59856987 0.249999881
  vertex 7.30124903 7.22357035 0.249999896
  endloop
 endfacet

 facet normal 6.73400677e-08 0 1
  outer loop
  vertex 7.54874992 4.84857035 0.249999881
  vertex 7.30125093 2.47357035 0.249999896
  vertex 7.54874992 2.47357035 0.249999881
  endloop
 endfacet

 facet normal 6.73400677e-08 0 1
  outer loop
  vertex 7.30125093 0.09856987 0.249999896
  vertex 7.54874992 2.47357035 0.249999881
  vertex 7.30125093 2.47357035 0.249999896
  endloop
 endfacet

 facet normal 6.73400677e-08 0 1
  outer loop
  vertex 7.30125093 4.84857035 0.249999896
  vertex 7.30125093 2.47357035 0.249999896
  vertex 7.54874992 4.84857035 0.249999881
  endloop
 endfacet

 facet normal 6.73400677e-08 0 1
  outer loop
  vertex 7.30125093 4.84857035 0.249999896
  vertex 7.54874992 7.22357035 0.249999881
  vertex 7.30124903 7.22357035 0.249999896
  endloop
 endfacet

 facet normal -6.73400677e-08 -1 0
  outer loop
  vertex 7.30125093 0.09856987 -0.125000164
  vertex 7.30125093 0.09856987 -0.250000119
  vertex 7.54874992 0.09856987 -0.250000149
  endloop
 endfacet

 facet normal -8.85934412e-07 -1 0
  outer loop
  vertex 7.54874992 0.09856987 -0.125000179
  vertex 7.54874992 0.09856987 -1.75034558e-07
  vertex 7.30125093 0.09856987 -1.69295447e-07
  endloop
 endfacet

 facet normal -6.73400677e-08 -1 0
  outer loop
  vertex 7.54874992 0.09856987 -1.75034558e-07
  vertex 7.54874992 0.09856987 0.124999866
  vertex 7.30125093 0.09856987 -1.69295447e-07
  endloop
 endfacet

 facet normal 7.63912522e-06 -1 0
  outer loop
  vertex 7.30125093 0.09856987 -0.125000164
  vertex 7.54874992 0.09856987 -0.250000149
  vertex 7.54874992 0.09856987 -0.125000179
  endloop
 endfacet

 facet normal -6.73400677e-08 -1 0
  outer loop
  vertex 7.30125093 0.09856987 0.249999896
  vertex 7.30125093 0.09856987 0.124999881
  vertex 7.54874992 0.09856987 0.124999866
  endloop
 endfacet

 facet normal -6.73400677e-08 -1 0
  outer loop
  vertex 7.30125093 0.09856987 0.124999881
  vertex 7.30125093 0.09856987 -1.69295447e-07
  vertex 7.54874992 0.09856987 0.124999866
  endloop
 endfacet

 facet normal -4.7634685e-06 -1 0
  outer loop
  vertex 7.30125093 0.09856987 -1.69295447e-07
  vertex 7.30125093 0.09856987 -0.125000164
  vertex 7.54874992 0.09856987 -0.125000179
  endloop
 endfacet

 facet normal 6.73400677e-08 1 0
  outer loop
  vertex 7.54874992 9.59856987 -0.125000179
  vertex 7.54874992 9.59856987 -0.250000149
  vertex 7.30124903 9.59856987 -0.250000119
  endloop
 endfacet

 facet normal 1.31554543e-07 1 0
  outer loop
  vertex 7.30124903 9.59856987 -0.125000164
  vertex 7.30124903 9.59856987 -1.69295333e-07
  vertex 7.54874992 9.59856987 -1.75034558e-07
  endloop
 endfacet

 facet normal 6.73400677e-08 1 0
  outer loop
  vertex 7.30124903 9.59856987 -1.69295333e-07
  vertex 7.30124903 9.59856987 0.124999881
  vertex 7.54874992 9.59856987 -1.75034558e-07
  endloop
 endfacet

 facet normal -1.73486541e-07 1 0
  outer loop
  vertex 7.54874992 9.59856987 -0.125000179
  vertex 7.30124903 9.59856987 -0.250000119
  vertex 7.30124903 9.59856987 -0.125000164
  endloop
 endfacet

 facet normal 6.73400677e-08 1 0
  outer loop
  vertex 7.54874992 9.59856987 0.249999881
  vertex 7.54874992 9.59856987 0.124999866
  vertex 7.30124903 9.59856987 0.124999881
  endloop
 endfacet

 facet normal 6.73400677e-08 1 0
  outer loop
  vertex 7.54874992 9.59856987 0.124999866
  vertex 7.54874992 9.59856987 -1.75034558e-07
  vertex 7.30124903 9.59856987 0.124999881
  endloop
 endfacet

 facet normal 1.87753557e-07 1 0
  outer loop
  vertex 7.54874992 9.59856987 -1.75034558e-07
  vertex 7.54874992 9.59856987 -0.125000179
  vertex 7.30124903 9.59856987 -0.125000164
  endloop
 endfacet

 facet normal 6.73400677e-08 0 1
  outer loop
  vertex 7.54874992 7.22357035 -0.125000179
  vertex 7.67250061 7.22357035 -0.125000179
  vertex 7.67250061 9.59856987 -0.125000179
  endloop
 endfacet

 facet normal 1 0 0
  outer loop
  vertex 7.54874992 4.84857035 -0.125000179
  vertex 7.54874992 4.84857035 -1.75034558e-07
  vertex 7.54874992 2.47357035 -1.75034558e-07
  endloop
 endfacet

 facet normal 1 0 0
  outer loop
  vertex 7.54874992 9.59856987 -0.125000179
  vertex 7.54874992 9.59856987 -1.75034558e-07
  vertex 7.54874992 7.22357035 -1.75034558e-07
  endloop
 endfacet

 facet normal 1 0 0
  outer loop
  vertex 7.54874992 7.22357035 -0.125000179
  vertex 7.54874992 7.22357035 -1.75034558e-07
  vertex 7.54874992 4.84857035 -1.75034558e-07
  endloop
 endfacet

 facet normal 5.30740749e-08 0 -1
  outer loop
  vertex 7.54874992 4.84857035 -0.250000149
  vertex 7.67250061 4.84857035 -0.250000149
  vertex 7.67250061 2.47357035 -0.250000149
  endloop
 endfacet

 facet normal 5.30740749e-08 0 -1
  outer loop
  vertex 7.54874992 2.47357035 0.124999866
  vertex 7.67250061 2.47357035 0.124999858
  vertex 7.67250061 0.09856987 0.124999858
  endloop
 endfacet

 facet normal 1 0 0
  outer loop
  vertex 7.54874992 2.47357035 -0.125000179
  vertex 7.54874992 2.47357035 -1.75034558e-07
  vertex 7.54874992 0.09856987 -1.75034558e-07
  endloop
 endfacet

 facet normal 6.73400677e-08 0 1
  outer loop
  vertex 7.54874992 7.22357035 0.249999881
  vertex 7.67250061 7.22357035 0.249999866
  vertex 7.67250061 9.59856987 0.249999866
  endloop
 endfacet

 facet normal 5.30740749e-08 0 -1
  outer loop
  vertex 7.54874992 7.22357035 -0.250000149
  vertex 7.67250061 7.22357035 -0.250000149
  vertex 7.67250061 4.84857035 -0.250000149
  endloop
 endfacet

 facet normal 6.73400677e-08 0 1
  outer loop
  vertex 7.54874992 4.84857035 -0.125000179
  vertex 7.67250061 4.84857035 -0.125000179
  vertex 7.67250061 7.22357035 -0.125000179
  endloop
 endfacet

 facet normal 1 0 0
  outer loop
  vertex 7.54874992 2.47357035 -1.75034558e-07
  vertex 7.54874992 2.47357035 0.124999866
  vertex 7.54874992 0.09856987 0.124999866
  endloop
 endfacet

 facet normal 1 0 0
  outer loop
  vertex 7.54874992 4.84857035 -1.75034558e-07
  vertex 7.54874992 4.84857035 0.124999866
  vertex 7.54874992 2.47357035 0.124999866
  endloop
 endfacet

 facet normal 6.73400677e-08 1 0
  outer loop
  vertex 7.54874992 9.59856987 -0.125000179
  vertex 7.67250061 9.59856987 -0.125000179
  vertex 7.67250061 9.59856987 -0.250000149
  endloop
 endfacet

 facet normal 1 0 0
  outer loop
  vertex 7.54874992 7.22357035 -1.75034558e-07
  vertex 7.54874992 7.22357035 0.124999866
  vertex 7.54874992 4.84857035 0.124999866
  endloop
 endfacet

 facet normal 1 0 0
  outer loop
  vertex 7.54874992 9.59856987 -1.75034558e-07
  vertex 7.54874992 9.59856987 0.124999866
  vertex 7.54874992 7.22357035 0.124999866
  endloop
 endfacet

 facet normal 1 0 0
  outer loop
  vertex 7.67250061 9.59856987 0.124999858
  vertex 7.67250061 9.59856987 0.249999866
  vertex 7.67250061 7.22357035 0.249999866
  endloop
 endfacet

 facet normal 1 0 0
  outer loop
  vertex 7.67250061 4.84857035 0.124999858
  vertex 7.67250061 4.84857035 0.249999866
  vertex 7.67250061 2.47357035 0.249999866
  endloop
 endfacet

 facet normal 1 0 0
  outer loop
  vertex 7.67250061 7.22357035 -0.250000149
  vertex 7.67250061 7.22357035 -0.125000179
  vertex 7.67250061 4.84857035 -0.125000179
  endloop
 endfacet

 facet normal 1 0 0
  outer loop
  vertex 7.67250061 9.59856987 -0.250000149
  vertex 7.67250061 9.59856987 -0.125000179
  vertex 7.67250061 7.22357035 -0.125000179
  endloop
 endfacet

 facet normal 1 0 0
  outer loop
  vertex 7.67250061 2.47357035 -0.250000149
  vertex 7.67250061 2.47357035 -0.125000179
  vertex 7.67250061 0.09856987 -0.125000179
  endloop
 endfacet

 facet normal 1 0 0
  outer loop
  vertex 7.67250061 4.84857035 -0.250000149
  vertex 7.67250061 4.84857035 -0.125000179
  vertex 7.67250061 2.47357035 -0.125000179
  endloop
 endfacet

 facet normal 1 0 0
  outer loop
  vertex 7.67250061 2.47357035 0.124999858
  vertex 7.67250061 2.47357035 0.249999866
  vertex 7.67250061 0.09856987 0.249999866
  endloop
 endfacet

 facet normal 1 0 0
  outer loop
  vertex 7.67250061 7.22357035 0.124999858
  vertex 7.67250061 7.22357035 0.249999866
  vertex 7.67250061 4.84857035 0.249999866
  endloop
 endfacet

 facet normal 5.30740749e-08 0 -1
  outer loop
  vertex 7.54874992 2.47357035 -0.250000149
  vertex 7.67250061 2.47357035 -0.250000149
  vertex 7.67250061 0.09856987 -0.250000149
  endloop
 endfacet

 facet normal -3.43892293e-06 -1 0
  outer loop
  vertex 7.54874992 0.09856987 -0.125000179
  vertex 7.54874992 0.09856987 -0.250000149
  vertex 7.67250061 0.09856987 -0.250000149
  endloop
 endfacet

 facet normal 6.73400677e-08 0 1
  outer loop
  vertex 7.54874992 4.84857035 0.249999881
  vertex 7.67250061 4.84857035 0.249999866
  vertex 7.67250061 7.22357035 0.249999866
  endloop
 endfacet

 facet normal 6.73400677e-08 1 0
  outer loop
  vertex 7.54874992 9.59856987 0.249999881
  vertex 7.67250061 9.59856987 0.249999866
  vertex 7.67250061 9.59856987 0.124999858
  endloop
 endfacet

 facet normal 6.73400677e-08 0 1
  outer loop
  vertex 7.54874992 2.47357035 0.249999881
  vertex 7.67250061 2.47357035 0.249999866
  vertex 7.67250061 4.84857035 0.249999866
  endloop
 endfacet

 facet normal 6.73400677e-08 0 1
  outer loop
  vertex 7.54874992 0.09856987 -0.125000179
  vertex 7.67250061 0.09856987 -0.125000179
  vertex 7.67250061 2.47357035 -0.125000179
  endloop
 endfacet

 facet normal 5.30740749e-08 0 -1
  outer loop
  vertex 7.54874992 7.22357035 0.124999866
  vertex 7.67250061 7.22357035 0.124999858
  vertex 7.67250061 4.84857035 0.124999858
  endloop
 endfacet

 facet normal 6.73400677e-08 0 1
  outer loop
  vertex 7.54874992 0.09856987 0.249999881
  vertex 7.67250061 0.09856987 0.249999866
  vertex 7.67250061 2.47357035 0.249999866
  endloop
 endfacet

 facet normal 5.30740749e-08 0 -1
  outer loop
  vertex 7.54874992 9.59856987 -0.250000149
  vertex 7.67250061 9.59856987 -0.250000149
  vertex 7.67250061 7.22357035 -0.250000149
  endloop
 endfacet

 facet normal 6.73400677e-08 0 1
  outer loop
  vertex 7.54874992 2.47357035 -0.125000179
  vertex 7.67250061 2.47357035 -0.125000179
  vertex 7.67250061 4.84857035 -0.125000179
  endloop
 endfacet

 facet normal 5.30740749e-08 0 -1
  outer loop
  vertex 7.54874992 9.59856987 0.124999866
  vertex 7.67250061 9.59856987 0.124999858
  vertex 7.67250061 7.22357035 0.124999858
  endloop
 endfacet

 facet normal -3.43892293e-06 -1 0
  outer loop
  vertex 7.54874992 0.09856987 0.249999881
  vertex 7.54874992 0.09856987 0.124999866
  vertex 7.67250061 0.09856987 0.124999858
  endloop
 endfacet

 facet normal 6.73400677e-08 0 1
  outer loop
  vertex 7.30124903 9.59856987 0.249999896
  vertex 7.17749977 9.59856987 0.249999911
  vertex 7.17749977 7.22357035 0.249999911
  endloop
 endfacet

 facet normal -1 0 0
  outer loop
  vertex 7.30125093 4.84857035 0.124999881
  vertex 7.30125093 4.84857035 -1.69295447e-07
  vertex 7.30125093 2.47357035 -1.69295447e-07
  endloop
 endfacet

 facet normal -1 0 0
  outer loop
  vertex 7.30124903 9.59856987 0.124999881
  vertex 7.30124903 9.59856987 -1.69295333e-07
  vertex 7.30125093 7.22357035 -1.69295447e-07
  endloop
 endfacet

 facet normal -1 0 0
  outer loop
  vertex 7.30125093 7.22357035 0.124999881
  vertex 7.30125093 7.22357035 -1.69295447e-07
  vertex 7.30125093 4.84857035 -1.69295447e-07
  endloop
 endfacet

 facet normal 6.73400677e-08 0 1
  outer loop
  vertex 7.30125093 2.47357035 0.249999896
  vertex 7.1775012 2.47357035 0.249999911
  vertex 7.1775012 0.09856987 0.249999911
  endloop
 endfacet

 facet normal -5.30740749e-08 0 1
  outer loop
  vertex 7.30124903 9.59856987 -0.125000164
  vertex 7.17749977 9.59856987 -0.125000164
  vertex 7.17749977 7.22357035 -0.125000164
  endloop
 endfacet

 facet normal -1 0 0
  outer loop
  vertex 7.30125093 2.47357035 0.124999881
  vertex 7.30125093 2.47357035 -1.69295447e-07
  vertex 7.30125093 0.09856987 -1.69295447e-07
  endloop
 endfacet

 facet normal -6.73400677e-08 -1 0
  outer loop
  vertex 7.30125093 0.09856987 0.249999896
  vertex 7.1775012 0.09856987 0.249999911
  vertex 7.1775012 0.09856987 0.124999888
  endloop
 endfacet

 facet normal -6.73400677e-08 0 -1
  outer loop
  vertex 7.30125093 2.47357035 0.124999881
  vertex 7.1775012 2.47357035 0.124999888
  vertex 7.17749977 4.84857035 0.124999888
  endloop
 endfacet

 facet normal 3.30424291e-06 -1 0
  outer loop
  vertex 7.30125093 0.09856987 -0.250000119
  vertex 7.30125093 0.09856987 -0.125000164
  vertex 7.1775012 0.09856987 -0.125000164
  endloop
 endfacet

 facet normal -1 0 0
  outer loop
  vertex 7.30125093 2.47357035 -1.69295447e-07
  vertex 7.30125093 2.47357035 -0.125000164
  vertex 7.30125093 0.09856987 -0.125000164
  endloop
 endfacet

 facet normal -1 0 0
  outer loop
  vertex 7.30125093 4.84857035 -1.69295447e-07
  vertex 7.30125093 4.84857035 -0.125000164
  vertex 7.30125093 2.47357035 -0.125000164
  endloop
 endfacet

 facet normal -5.30740749e-08 0 1
  outer loop
  vertex 7.30125093 7.22357035 -0.125000164
  vertex 7.17749977 7.22357035 -0.125000164
  vertex 7.17749977 4.84857035 -0.125000164
  endloop
 endfacet

 facet normal -1 0 0
  outer loop
  vertex 7.30125093 7.22357035 -1.69295447e-07
  vertex 7.30125093 7.22357035 -0.125000164
  vertex 7.30125093 4.84857035 -0.125000164
  endloop
 endfacet

 facet normal -1 0 0
  outer loop
  vertex 7.30124903 9.59856987 -1.69295333e-07
  vertex 7.30124903 9.59856987 -0.125000164
  vertex 7.30125093 7.22357035 -0.125000164
  endloop
 endfacet

 facet normal -1 0 0
  outer loop
  vertex 7.17749977 9.59856987 -0.125000164
  vertex 7.17749977 9.59856987 -0.250000119
  vertex 7.17749977 7.22357035 -0.250000119
  endloop
 endfacet

 facet normal -1 0 0
  outer loop
  vertex 7.17749977 4.84857035 -0.125000164
  vertex 7.17749977 4.84857035 -0.250000119
  vertex 7.1775012 2.47357035 -0.250000119
  endloop
 endfacet

 facet normal -1 0 0
  outer loop
  vertex 7.17749977 7.22357035 0.249999911
  vertex 7.17749977 7.22357035 0.124999888
  vertex 7.17749977 4.84857035 0.124999888
  endloop
 endfacet

 facet normal -1 0 0
  outer loop
  vertex 7.17749977 9.59856987 0.249999911
  vertex 7.17749977 9.59856987 0.124999888
  vertex 7.17749977 7.22357035 0.124999888
  endloop
 endfacet

 facet normal -1 0 0
  outer loop
  vertex 7.1775012 2.47357035 0.249999911
  vertex 7.1775012 2.47357035 0.124999888
  vertex 7.1775012 0.09856987 0.124999888
  endloop
 endfacet

 facet normal -1 0 0
  outer loop
  vertex 7.17749977 4.84857035 0.249999911
  vertex 7.17749977 4.84857035 0.124999888
  vertex 7.1775012 2.47357035 0.124999888
  endloop
 endfacet

 facet normal -1 0 0
  outer loop
  vertex 7.1775012 2.47357035 -0.125000164
  vertex 7.1775012 2.47357035 -0.250000119
  vertex 7.1775012 0.09856987 -0.250000119
  endloop
 endfacet

 facet normal -1 0 0
  outer loop
  vertex 7.17749977 7.22357035 -0.125000164
  vertex 7.17749977 7.22357035 -0.250000119
  vertex 7.17749977 4.84857035 -0.250000119
  endloop
 endfacet

 facet normal -6.73400677e-08 0 -1
  outer loop
  vertex 7.30125093 4.84857035 0.124999881
  vertex 7.17749977 4.84857035 0.124999888
  vertex 7.17749977 7.22357035 0.124999888
  endloop
 endfacet

 facet normal 6.73400677e-08 1 0
  outer loop
  vertex 7.30124903 9.59856987 -0.250000119
  vertex 7.17749977 9.59856987 -0.250000119
  vertex 7.17749977 9.59856987 -0.125000164
  endloop
 endfacet

 facet normal -6.73400677e-08 0 -1
  outer loop
  vertex 7.30125093 7.22357035 -0.250000119
  vertex 7.17749977 7.22357035 -0.250000119
  vertex 7.17749977 9.59856987 -0.250000119
  endloop
 endfacet

 facet normal -5.30740749e-08 0 1
  outer loop
  vertex 7.30125093 2.47357035 -0.125000164
  vertex 7.1775012 2.47357035 -0.125000164
  vertex 7.1775012 0.09856987 -0.125000164
  endloop
 endfacet

 facet normal -6.73400677e-08 0 -1
  outer loop
  vertex 7.30125093 7.22357035 0.124999881
  vertex 7.17749977 7.22357035 0.124999888
  vertex 7.17749977 9.59856987 0.124999888
  endloop
 endfacet

 facet normal -6.73400677e-08 0 -1
  outer loop
  vertex 7.30125093 0.09856987 -0.250000119
  vertex 7.1775012 0.09856987 -0.250000119
  vertex 7.1775012 2.47357035 -0.250000119
  endloop
 endfacet

 facet normal 6.73400677e-08 0 1
  outer loop
  vertex 7.30125093 4.84857035 0.249999896
  vertex 7.17749977 4.84857035 0.249999911
  vertex 7.1775012 2.47357035 0.249999911
  endloop
 endfacet

 facet normal -5.30740749e-08 0 1
  outer loop
  vertex 7.30125093 4.84857035 -0.125000164
  vertex 7.17749977 4.84857035 -0.125000164
  vertex 7.1775012 2.47357035 -0.125000164
  endloop
 endfacet

 facet normal 6.73400677e-08 0 1
  outer loop
  vertex 7.30124903 7.22357035 0.249999896
  vertex 7.17749977 7.22357035 0.249999911
  vertex 7.17749977 4.84857035 0.249999911
  endloop
 endfacet

 facet normal -6.73400677e-08 0 -1
  outer loop
  vertex 7.30125093 4.84857035 -0.250000119
  vertex 7.17749977 4.84857035 -0.250000119
  vertex 7.17749977 7.22357035 -0.250000119
  endloop
 endfacet

 facet normal -6.73400677e-08 0 -1
  outer loop
  vertex 7.30125093 2.47357035 -0.250000119
  vertex 7.1775012 2.47357035 -0.250000119
  vertex 7.17749977 4.84857035 -0.250000119
  endloop
 endfacet

 facet normal -6.73400677e-08 0 -1
  outer loop
  vertex 7.30125093 0.09856987 0.124999881
  vertex 7.1775012 0.09856987 0.124999888
  vertex 7.1775012 2.47357035 0.124999888
  endloop
 endfacet

 facet normal 6.73400677e-08 1 0
  outer loop
  vertex -7.54874992 9.59856987 0.125000179
  vertex -7.67250061 9.59856987 0.125000179
  vertex -7.67250061 9.59856987 0.250000149
  endloop
 endfacet

 facet normal -6.73400677e-08 0 -1
  outer loop
  vertex -7.30124903 0.0985689163 -0.249999896
  vertex -7.54874992 0.0985689163 -0.249999881
  vertex -7.54874992 2.47356892 -0.249999881
  endloop
 endfacet

 facet normal -6.73400677e-08 0 -1
  outer loop
  vertex -7.54874992 4.84856892 -0.249999881
  vertex -7.54874992 7.22356892 -0.249999881
  vertex -7.30125093 4.84856892 -0.249999896
  endloop
 endfacet

 facet normal -6.73400677e-08 0 -1
  outer loop
  vertex -7.54874992 7.22356892 -0.249999881
  vertex -7.54874992 9.59856987 -0.249999881
  vertex -7.30125093 7.22356892 -0.249999896
  endloop
 endfacet

 facet normal -6.73400677e-08 0 -1
  outer loop
  vertex -7.30125093 4.84856892 -0.249999896
  vertex -7.54874992 7.22356892 -0.249999881
  vertex -7.30125093 7.22356892 -0.249999896
  endloop
 endfacet

 facet normal -6.73400677e-08 0 -1
  outer loop
  vertex -7.30124903 0.0985689163 -0.249999896
  vertex -7.54874992 2.47356892 -0.249999881
  vertex -7.30124903 2.47356892 -0.249999896
  endloop
 endfacet

 facet normal -6.73400677e-08 0 -1
  outer loop
  vertex -7.54874992 2.47356892 -0.249999881
  vertex -7.54874992 4.84856892 -0.249999881
  vertex -7.30124903 2.47356892 -0.249999896
  endloop
 endfacet

 facet normal -6.73400677e-08 0 -1
  outer loop
  vertex -7.30125093 4.84856892 -0.249999896
  vertex -7.30124903 2.47356892 -0.249999896
  vertex -7.54874992 4.84856892 -0.249999881
  endloop
 endfacet

 facet normal 5.30740749e-08 0 -1
  outer loop
  vertex -7.30125093 4.84856892 0.125000164
  vertex -7.17749977 4.84856892 0.125000164
  vertex -7.17749977 2.47356892 0.125000164
  endloop
 endfacet

 facet normal 6.73400677e-08 0 1
  outer loop
  vertex -7.54874992 0.0985689163 0.250000149
  vertex -7.30124903 0.0985689163 0.250000119
  vertex -7.30125093 2.47356892 0.250000119
  endloop
 endfacet

 facet normal 6.73400677e-08 0 1
  outer loop
  vertex -7.30125093 4.84856892 0.250000119
  vertex -7.30125093 7.22356892 0.250000119
  vertex -7.54874992 7.22356892 0.250000149
  endloop
 endfacet

 facet normal 6.73400677e-08 0 1
  outer loop
  vertex -7.30125093 7.22356892 0.250000119
  vertex -7.30125093 9.59856987 0.250000119
  vertex -7.54874992 9.59856987 0.250000149
  endloop
 endfacet

 facet normal 6.73400677e-08 0 1
  outer loop
  vertex -7.54874992 0.0985689163 0.250000149
  vertex -7.30125093 2.47356892 0.250000119
  vertex -7.54874992 2.47356892 0.250000149
  endloop
 endfacet

 facet normal 6.73400677e-08 0 1
  outer loop
  vertex -7.30125093 2.47356892 0.250000119
  vertex -7.30125093 4.84856892 0.250000119
  vertex -7.54874992 2.47356892 0.250000149
  endloop
 endfacet

 facet normal 6.73400677e-08 0 1
  outer loop
  vertex -7.54874992 7.22356892 0.250000149
  vertex -7.54874992 4.84856892 0.250000149
  vertex -7.30125093 4.84856892 0.250000119
  endloop
 endfacet

 facet normal 6.73400677e-08 0 1
  outer loop
  vertex -7.54874992 4.84856892 0.250000149
  vertex -7.54874992 2.47356892 0.250000149
  vertex -7.30125093 4.84856892 0.250000119
  endloop
 endfacet

 facet normal -6.73400677e-08 -1 0
  outer loop
  vertex -7.54874992 0.0985689163 -0.124999866
  vertex -7.54874992 0.0985689163 -0.249999881
  vertex -7.30124903 0.0985689163 -0.249999896
  endloop
 endfacet

 facet normal -8.8593265e-07 -1 0
  outer loop
  vertex -7.30124903 0.0985689163 -0.124999881
  vertex -7.30124903 0.0985689163 1.69295333e-07
  vertex -7.54874992 0.0985689163 1.75034558e-07
  endloop
 endfacet

 facet normal -6.73400677e-08 -1 0
  outer loop
  vertex -7.30124903 0.0985689163 1.69295333e-07
  vertex -7.30124903 0.0985689163 0.125000164
  vertex -7.54874992 0.0985689163 1.75034558e-07
  endloop
 endfacet

 facet normal -6.73400677e-08 -1 0
  outer loop
  vertex -7.54874992 0.0985689163 -0.124999866
  vertex -7.30124903 0.0985689163 -0.249999896
  vertex -7.30124903 0.0985689163 -0.124999881
  endloop
 endfacet

 facet normal -4.7634685e-06 -1 0
  outer loop
  vertex -7.54874992 0.0985689163 0.250000149
  vertex -7.54874992 0.0985689163 0.125000179
  vertex -7.30124903 0.0985689163 0.125000164
  endloop
 endfacet

 facet normal 7.63910975e-06 -1 0
  outer loop
  vertex -7.54874992 0.0985689163 0.125000179
  vertex -7.54874992 0.0985689163 1.75034558e-07
  vertex -7.30124903 0.0985689163 0.125000164
  endloop
 endfacet

 facet normal -6.73400677e-08 -1 0
  outer loop
  vertex -7.54874992 0.0985689163 1.75034558e-07
  vertex -7.54874992 0.0985689163 -0.124999866
  vertex -7.30124903 0.0985689163 -0.124999881
  endloop
 endfacet

 facet normal 6.73400677e-08 1 0
  outer loop
  vertex -7.30125093 9.59856987 -0.124999881
  vertex -7.30125093 9.59856987 -0.249999896
  vertex -7.54874992 9.59856987 -0.249999881
  endloop
 endfacet

 facet normal 1.3155406e-07 1 0
  outer loop
  vertex -7.54874992 9.59856987 -0.124999866
  vertex -7.54874992 9.59856987 1.75034558e-07
  vertex -7.30125093 9.59856987 1.69295447e-07
  endloop
 endfacet

 facet normal 6.73400677e-08 1 0
  outer loop
  vertex -7.54874992 9.59856987 1.75034558e-07
  vertex -7.54874992 9.59856987 0.125000179
  vertex -7.30125093 9.59856987 1.69295447e-07
  endloop
 endfacet

 facet normal 6.73400677e-08 1 0
  outer loop
  vertex -7.30125093 9.59856987 -0.124999881
  vertex -7.54874992 9.59856987 -0.249999881
  vertex -7.54874992 9.59856987 -0.124999866
  endloop
 endfacet

 facet normal 1.8775421e-07 1 0
  outer loop
  vertex -7.30125093 9.59856987 0.250000119
  vertex -7.30125093 9.59856987 0.125000164
  vertex -7.54874992 9.59856987 0.125000179
  endloop
 endfacet

 facet normal -1.73486541e-07 1 0
  outer loop
  vertex -7.30125093 9.59856987 0.125000164
  vertex -7.30125093 9.59856987 1.69295447e-07
  vertex -7.54874992 9.59856987 0.125000179
  endloop
 endfacet

 facet normal 6.73400677e-08 1 0
  outer loop
  vertex -7.30125093 9.59856987 1.69295447e-07
  vertex -7.30125093 9.59856987 -0.124999881
  vertex -7.54874992 9.59856987 -0.124999866
  endloop
 endfacet

 facet normal 6.73400677e-08 0 1
  outer loop
  vertex -7.30125093 7.22356892 -0.124999881
  vertex -7.1775012 7.22356892 -0.124999888
  vertex -7.1775012 9.59856987 -0.124999888
  endloop
 endfacet

 facet normal 1 0 0
  outer loop
  vertex -7.30125093 4.84856892 -0.124999881
  vertex -7.30125093 4.84856892 1.69295447e-07
  vertex -7.30125093 2.47356892 1.69295447e-07
  endloop
 endfacet

 facet normal 1 0 0
  outer loop
  vertex -7.30125093 9.59856987 -0.124999881
  vertex -7.30125093 9.59856987 1.69295447e-07
  vertex -7.30125093 7.22356892 1.69295447e-07
  endloop
 endfacet

 facet normal 1 0 0
  outer loop
  vertex -7.30125093 7.22356892 -0.124999881
  vertex -7.30125093 7.22356892 1.69295447e-07
  vertex -7.30125093 4.84856892 1.69295447e-07
  endloop
 endfacet

 facet normal -6.73400677e-08 0 -1
  outer loop
  vertex -7.30125093 4.84856892 -0.249999896
  vertex -7.17749977 4.84856892 -0.249999911
  vertex -7.17749977 2.47356892 -0.249999911
  endloop
 endfacet

 facet normal 5.30740749e-08 0 -1
  outer loop
  vertex -7.30125093 2.47356892 0.125000164
  vertex -7.17749977 2.47356892 0.125000164
  vertex -7.17749977 0.0985689163 0.125000164
  endloop
 endfacet

 facet normal 1 0 0
  outer loop
  vertex -7.30125093 2.47356892 -0.124999881
  vertex -7.30125093 2.47356892 1.69295447e-07
  vertex -7.30124903 0.0985689163 1.69295333e-07
  endloop
 endfacet

 facet normal 6.73400677e-08 0 1
  outer loop
  vertex -7.30125093 7.22356892 0.250000119
  vertex -7.1775012 7.22356892 0.250000119
  vertex -7.1775012 9.59856987 0.250000119
  endloop
 endfacet

 facet normal -6.73400677e-08 0 -1
  outer loop
  vertex -7.30125093 7.22356892 -0.249999896
  vertex -7.1775012 7.22356892 -0.249999911
  vertex -7.17749977 4.84856892 -0.249999911
  endloop
 endfacet

 facet normal 6.73400677e-08 0 1
  outer loop
  vertex -7.30125093 4.84856892 -0.124999881
  vertex -7.17749977 4.84856892 -0.124999888
  vertex -7.1775012 7.22356892 -0.124999888
  endloop
 endfacet

 facet normal 1 0 0
  outer loop
  vertex -7.30125093 2.47356892 1.69295447e-07
  vertex -7.30125093 2.47356892 0.125000164
  vertex -7.30124903 0.0985689163 0.125000164
  endloop
 endfacet

 facet normal 1 0 0
  outer loop
  vertex -7.30125093 4.84856892 1.69295447e-07
  vertex -7.30125093 4.84856892 0.125000164
  vertex -7.30125093 2.47356892 0.125000164
  endloop
 endfacet

 facet normal 6.73400677e-08 1 0
  outer loop
  vertex -7.30125093 9.59856987 -0.124999881
  vertex -7.1775012 9.59856987 -0.124999888
  vertex -7.1775012 9.59856987 -0.249999911
  endloop
 endfacet

 facet normal 1 0 0
  outer loop
  vertex -7.30125093 7.22356892 1.69295447e-07
  vertex -7.30125093 7.22356892 0.125000164
  vertex -7.30125093 4.84856892 0.125000164
  endloop
 endfacet

 facet normal 1 0 0
  outer loop
  vertex -7.30125093 9.59856987 1.69295447e-07
  vertex -7.30125093 9.59856987 0.125000164
  vertex -7.30125093 7.22356892 0.125000164
  endloop
 endfacet

 facet normal 1 0 0
  outer loop
  vertex -7.1775012 9.59856987 0.125000164
  vertex -7.1775012 9.59856987 0.250000119
  vertex -7.1775012 7.22356892 0.250000119
  endloop
 endfacet

 facet normal 1 0 0
  outer loop
  vertex -7.17749977 4.84856892 0.125000164
  vertex -7.17749977 4.84856892 0.250000119
  vertex -7.17749977 2.47356892 0.250000119
  endloop
 endfacet

 facet normal 1 0 0
  outer loop
  vertex -7.1775012 7.22356892 -0.249999911
  vertex -7.1775012 7.22356892 -0.124999888
  vertex -7.17749977 4.84856892 -0.124999888
  endloop
 endfacet

 facet normal 1 0 0
  outer loop
  vertex -7.1775012 9.59856987 -0.249999911
  vertex -7.1775012 9.59856987 -0.124999888
  vertex -7.1775012 7.22356892 -0.124999888
  endloop
 endfacet

 facet normal 1 0 0
  outer loop
  vertex -7.17749977 2.47356892 -0.249999911
  vertex -7.17749977 2.47356892 -0.124999888
  vertex -7.17749977 0.0985689163 -0.124999888
  endloop
 endfacet

 facet normal 1 0 0
  outer loop
  vertex -7.17749977 4.84856892 -0.249999911
  vertex -7.17749977 4.84856892 -0.124999888
  vertex -7.17749977 2.47356892 -0.124999888
  endloop
 endfacet

 facet normal 1 0 0
  outer loop
  vertex -7.17749977 2.47356892 0.125000164
  vertex -7.17749977 2.47356892 0.250000119
  vertex -7.17749977 0.0985689163 0.250000119
  endloop
 endfacet

 facet normal 1 0 0
  outer loop
  vertex -7.1775012 7.22356892 0.125000164
  vertex -7.1775012 7.22356892 0.250000119
  vertex -7.17749977 4.84856892 0.250000119
  endloop
 endfacet

 facet normal -6.73400677e-08 0 -1
  outer loop
  vertex -7.30124903 2.47356892 -0.249999896
  vertex -7.17749977 2.47356892 -0.249999911
  vertex -7.17749977 0.0985689163 -0.249999911
  endloop
 endfacet

 facet normal -6.73400677e-08 -1 0
  outer loop
  vertex -7.30124903 0.0985689163 -0.249999896
  vertex -7.17749977 0.0985689163 -0.249999911
  vertex -7.17749977 0.0985689163 -0.124999888
  endloop
 endfacet

 facet normal 6.73400677e-08 0 1
  outer loop
  vertex -7.30125093 4.84856892 0.250000119
  vertex -7.17749977 4.84856892 0.250000119
  vertex -7.1775012 7.22356892 0.250000119
  endloop
 endfacet

 facet normal 6.73400677e-08 1 0
  outer loop
  vertex -7.30125093 9.59856987 0.250000119
  vertex -7.1775012 9.59856987 0.250000119
  vertex -7.1775012 9.59856987 0.125000164
  endloop
 endfacet

 facet normal 6.73400677e-08 0 1
  outer loop
  vertex -7.30125093 2.47356892 0.250000119
  vertex -7.17749977 2.47356892 0.250000119
  vertex -7.17749977 4.84856892 0.250000119
  endloop
 endfacet

 facet normal 6.73400677e-08 0 1
  outer loop
  vertex -7.30124903 0.0985689163 -0.124999881
  vertex -7.17749977 0.0985689163 -0.124999888
  vertex -7.17749977 2.47356892 -0.124999888
  endloop
 endfacet

 facet normal 5.30740749e-08 0 -1
  outer loop
  vertex -7.30125093 7.22356892 0.125000164
  vertex -7.1775012 7.22356892 0.125000164
  vertex -7.17749977 4.84856892 0.125000164
  endloop
 endfacet

 facet normal 6.73400677e-08 0 1
  outer loop
  vertex -7.30124903 0.0985689163 0.250000119
  vertex -7.17749977 0.0985689163 0.250000119
  vertex -7.17749977 2.47356892 0.250000119
  endloop
 endfacet

 facet normal -6.73400677e-08 0 -1
  outer loop
  vertex -7.30125093 9.59856987 -0.249999896
  vertex -7.1775012 9.59856987 -0.249999911
  vertex -7.1775012 7.22356892 -0.249999911
  endloop
 endfacet

 facet normal 6.73400677e-08 0 1
  outer loop
  vertex -7.30125093 2.47356892 -0.124999881
  vertex -7.17749977 2.47356892 -0.124999888
  vertex -7.17749977 4.84856892 -0.124999888
  endloop
 endfacet

 facet normal 5.30740749e-08 0 -1
  outer loop
  vertex -7.30125093 9.59856987 0.125000164
  vertex -7.1775012 9.59856987 0.125000164
  vertex -7.1775012 7.22356892 0.125000164
  endloop
 endfacet

 facet normal -3.43892293e-06 -1 0
  outer loop
  vertex -7.30124903 0.0985689163 0.250000119
  vertex -7.30124903 0.0985689163 0.125000164
  vertex -7.17749977 0.0985689163 0.125000164
  endloop
 endfacet

 facet normal -5.30740749e-08 0 1
  outer loop
  vertex -7.54874992 9.59856987 0.250000149
  vertex -7.67250061 9.59856987 0.250000149
  vertex -7.67250061 7.22356892 0.250000149
  endloop
 endfacet

 facet normal -1 0 0
  outer loop
  vertex -7.54874992 4.84856892 0.125000179
  vertex -7.54874992 4.84856892 1.75034558e-07
  vertex -7.54874992 2.47356892 1.75034558e-07
  endloop
 endfacet

 facet normal -1 0 0
  outer loop
  vertex -7.54874992 9.59856987 0.125000179
  vertex -7.54874992 9.59856987 1.75034558e-07
  vertex -7.54874992 7.22356892 1.75034558e-07
  endloop
 endfacet

 facet normal -1 0 0
  outer loop
  vertex -7.54874992 7.22356892 0.125000179
  vertex -7.54874992 7.22356892 1.75034558e-07
  vertex -7.54874992 4.84856892 1.75034558e-07
  endloop
 endfacet

 facet normal -5.30740749e-08 0 1
  outer loop
  vertex -7.54874992 2.47356892 0.250000149
  vertex -7.67250061 2.47356892 0.250000149
  vertex -7.67250061 0.0985689163 0.250000149
  endloop
 endfacet

 facet normal -5.30740749e-08 0 1
  outer loop
  vertex -7.54874992 9.59856987 -0.124999866
  vertex -7.67250061 9.59856987 -0.124999858
  vertex -7.67250061 7.22356892 -0.124999858
  endloop
 endfacet

 facet normal -1 0 0
  outer loop
  vertex -7.54874992 2.47356892 0.125000179
  vertex -7.54874992 2.47356892 1.75034558e-07
  vertex -7.54874992 0.0985689163 1.75034558e-07
  endloop
 endfacet

 facet normal 3.30424291e-06 -1 0
  outer loop
  vertex -7.54874992 0.0985689163 0.125000179
  vertex -7.54874992 0.0985689163 0.250000149
  vertex -7.67250061 0.0985689163 0.250000149
  endloop
 endfacet

 facet normal -6.73400677e-08 0 -1
  outer loop
  vertex -7.54874992 2.47356892 0.125000179
  vertex -7.67250061 2.47356892 0.125000179
  vertex -7.67250061 4.84856892 0.125000179
  endloop
 endfacet

 facet normal 3.30424291e-06 -1 0
  outer loop
  vertex -7.54874992 0.0985689163 -0.249999881
  vertex -7.54874992 0.0985689163 -0.124999866
  vertex -7.67250061 0.0985689163 -0.124999858
  endloop
 endfacet

 facet normal -1 0 0
  outer loop
  vertex -7.54874992 2.47356892 1.75034558e-07
  vertex -7.54874992 2.47356892 -0.124999866
  vertex -7.54874992 0.0985689163 -0.124999866
  endloop
 endfacet

 facet normal -1 0 0
  outer loop
  vertex -7.54874992 4.84856892 1.75034558e-07
  vertex -7.54874992 4.84856892 -0.124999866
  vertex -7.54874992 2.47356892 -0.124999866
  endloop
 endfacet

 facet normal -5.30740749e-08 0 1
  outer loop
  vertex -7.54874992 7.22356892 -0.124999866
  vertex -7.67250061 7.22356892 -0.124999858
  vertex -7.67250061 4.84856892 -0.124999858
  endloop
 endfacet

 facet normal -1 0 0
  outer loop
  vertex -7.54874992 7.22356892 1.75034558e-07
  vertex -7.54874992 7.22356892 -0.124999866
  vertex -7.54874992 4.84856892 -0.124999866
  endloop
 endfacet

 facet normal -1 0 0
  outer loop
  vertex -7.54874992 9.59856987 1.75034558e-07
  vertex -7.54874992 9.59856987 -0.124999866
  vertex -7.54874992 7.22356892 -0.124999866
  endloop
 endfacet

 facet normal -1 0 0
  outer loop
  vertex -7.67250061 9.59856987 -0.124999858
  vertex -7.67250061 9.59856987 -0.249999866
  vertex -7.67250061 7.22356892 -0.249999866
  endloop
 endfacet

 facet normal -1 0 0
  outer loop
  vertex -7.67250061 4.84856892 -0.124999858
  vertex -7.67250061 4.84856892 -0.249999866
  vertex -7.67250061 2.47356892 -0.249999866
  endloop
 endfacet

 facet normal -1 0 0
  outer loop
  vertex -7.67250061 7.22356892 0.250000149
  vertex -7.67250061 7.22356892 0.125000179
  vertex -7.67250061 4.84856892 0.125000179
  endloop
 endfacet

 facet normal -1 0 0
  outer loop
  vertex -7.67250061 9.59856987 0.250000149
  vertex -7.67250061 9.59856987 0.125000179
  vertex -7.67250061 7.22356892 0.125000179
  endloop
 endfacet

 facet normal -1 0 0
  outer loop
  vertex -7.67250061 2.47356892 0.250000149
  vertex -7.67250061 2.47356892 0.125000179
  vertex -7.67250061 0.0985689163 0.125000179
  endloop
 endfacet

 facet normal -1 0 0
  outer loop
  vertex -7.67250061 4.84856892 0.250000149
  vertex -7.67250061 4.84856892 0.125000179
  vertex -7.67250061 2.47356892 0.125000179
  endloop
 endfacet

 facet normal -1 0 0
  outer loop
  vertex -7.67250061 2.47356892 -0.124999858
  vertex -7.67250061 2.47356892 -0.249999866
  vertex -7.67250061 0.0985689163 -0.249999866
  endloop
 endfacet

 facet normal -1 0 0
  outer loop
  vertex -7.67250061 7.22356892 -0.124999858
  vertex -7.67250061 7.22356892 -0.249999866
  vertex -7.67250061 4.84856892 -0.249999866
  endloop
 endfacet

 facet normal -6.73400677e-08 0 -1
  outer loop
  vertex -7.54874992 4.84856892 0.125000179
  vertex -7.67250061 4.84856892 0.125000179
  vertex -7.67250061 7.22356892 0.125000179
  endloop
 endfacet

 facet normal 6.73400677e-08 1 0
  outer loop
  vertex -7.54874992 9.59856987 -0.249999881
  vertex -7.67250061 9.59856987 -0.249999866
  vertex -7.67250061 9.59856987 -0.124999858
  endloop
 endfacet

 facet normal -6.73400677e-08 0 -1
  outer loop
  vertex -7.54874992 7.22356892 -0.249999881
  vertex -7.67250061 7.22356892 -0.249999866
  vertex -7.67250061 9.59856987 -0.249999866
  endloop
 endfacet

 facet normal -5.30740749e-08 0 1
  outer loop
  vertex -7.54874992 2.47356892 -0.124999866
  vertex -7.67250061 2.47356892 -0.124999858
  vertex -7.67250061 0.0985689163 -0.124999858
  endloop
 endfacet

 facet normal -6.73400677e-08 0 -1
  outer loop
  vertex -7.54874992 7.22356892 0.125000179
  vertex -7.67250061 7.22356892 0.125000179
  vertex -7.67250061 9.59856987 0.125000179
  endloop
 endfacet

 facet normal -6.73400677e-08 0 -1
  outer loop
  vertex -7.54874992 0.0985689163 -0.249999881
  vertex -7.67250061 0.0985689163 -0.249999866
  vertex -7.67250061 2.47356892 -0.249999866
  endloop
 endfacet

 facet normal -5.30740749e-08 0 1
  outer loop
  vertex -7.54874992 4.84856892 0.250000149
  vertex -7.67250061 4.84856892 0.250000149
  vertex -7.67250061 2.47356892 0.250000149
  endloop
 endfacet

 facet normal -5.30740749e-08 0 1
  outer loop
  vertex -7.54874992 4.84856892 -0.124999866
  vertex -7.67250061 4.84856892 -0.124999858
  vertex -7.67250061 2.47356892 -0.124999858
  endloop
 endfacet

 facet normal -5.30740749e-08 0 1
  outer loop
  vertex -7.54874992 7.22356892 0.250000149
  vertex -7.67250061 7.22356892 0.250000149
  vertex -7.67250061 4.84856892 0.250000149
  endloop
 endfacet

 facet normal -6.73400677e-08 0 -1
  outer loop
  vertex -7.54874992 4.84856892 -0.249999881
  vertex -7.67250061 4.84856892 -0.249999866
  vertex -7.67250061 7.22356892 -0.249999866
  endloop
 endfacet

 facet normal -6.73400677e-08 0 -1
  outer loop
  vertex -7.54874992 2.47356892 -0.249999881
  vertex -7.67250061 2.47356892 -0.249999866
  vertex -7.67250061 4.84856892 -0.249999866
  endloop
 endfacet

 facet normal -6.73400677e-08 0 -1
  outer loop
  vertex -7.54874992 0.0985689163 0.125000179
  vertex -7.67250061 0.0985689163 0.125000179
  vertex -7.67250061 2.47356892 0.125000179
  endloop
 endfacet

 facet normal 6.73400677e-08 1 0
  outer loop
  vertex 7.30124903 9.59856987 -7.37500048
  vertex 7.17749977 9.59856987 -7.37500048
  vertex 7.17749977 9.59856987 -7.25000048
  endloop
 endfacet

 facet normal -6.73400677e-08 0 -1
  outer loop
  vertex 7.54874992 0.09856987 -7.75000048
  vertex 7.30125093 0.09856987 -7.75000048
  vertex 7.30125093 2.47357035 -7.75000048
  endloop
 endfacet

 facet normal -6.73400677e-08 0 -1
  outer loop
  vertex 7.30125093 2.47357035 -7.75000048
  vertex 7.30125093 4.84857035 -7.75000048
  vertex 7.54874992 4.84857035 -7.75000048
  endloop
 endfacet

 facet normal -6.73400677e-08 0 -1
  outer loop
  vertex 7.30125093 4.84857035 -7.75000048
  vertex 7.30125093 7.22357035 -7.75000048
  vertex 7.54874992 4.84857035 -7.75000048
  endloop
 endfacet

 facet normal -6.73400677e-08 0 -1
  outer loop
  vertex 7.54874992 2.47357035 -7.75000048
  vertex 7.54874992 0.09856987 -7.75000048
  vertex 7.30125093 2.47357035 -7.75000048
  endloop
 endfacet

 facet normal -6.73400677e-08 0 -1
  outer loop
  vertex 7.54874992 9.59856987 -7.75000048
  vertex 7.54874992 7.22357035 -7.75000048
  vertex 7.30125093 7.22357035 -7.75000048
  endloop
 endfacet

 facet normal -6.73400677e-08 0 -1
  outer loop
  vertex 7.54874992 7.22357035 -7.75000048
  vertex 7.54874992 4.84857035 -7.75000048
  vertex 7.30125093 7.22357035 -7.75000048
  endloop
 endfacet

 facet normal -6.73400677e-08 0 -1
  outer loop
  vertex 7.54874992 4.84857035 -7.75000048
  vertex 7.54874992 2.47357035 -7.75000048
  vertex 7.30125093 2.47357035 -7.75000048
  endloop
 endfacet

 facet normal -6.73400677e-08 0 -1
  outer loop
  vertex 7.54874992 4.84857035 -7.37500048
  vertex 7.67250061 4.84857035 -7.37500048
  vertex 7.67250061 2.47357035 -7.37500048
  endloop
 endfacet

 facet normal 6.73400677e-08 0 1
  outer loop
  vertex 7.30125093 0.09856987 -7.25000048
  vertex 7.54874992 0.09856987 -7.25000048
  vertex 7.54874992 2.47357035 -7.25000048
  endloop
 endfacet

 facet normal 6.73400677e-08 0 1
  outer loop
  vertex 7.54874992 4.84857035 -7.25000048
  vertex 7.54874992 7.22357035 -7.25000048
  vertex 7.30125093 4.84857035 -7.25000048
  endloop
 endfacet

 facet normal 6.73400677e-08 0 1
  outer loop
  vertex 7.54874992 7.22357035 -7.25000048
  vertex 7.54874992 9.59856987 -7.25000048
  vertex 7.30124903 7.22357035 -7.25000048
  endloop
 endfacet

 facet normal 6.73400677e-08 0 1
  outer loop
  vertex 7.54874992 4.84857035 -7.25000048
  vertex 7.30125093 2.47357035 -7.25000048
  vertex 7.54874992 2.47357035 -7.25000048
  endloop
 endfacet

 facet normal 6.73400677e-08 0 1
  outer loop
  vertex 7.30125093 0.09856987 -7.25000048
  vertex 7.54874992 2.47357035 -7.25000048
  vertex 7.30125093 2.47357035 -7.25000048
  endloop
 endfacet

 facet normal 6.73400677e-08 0 1
  outer loop
  vertex 7.30125093 4.84857035 -7.25000048
  vertex 7.30125093 2.47357035 -7.25000048
  vertex 7.54874992 4.84857035 -7.25000048
  endloop
 endfacet

 facet normal 6.73400677e-08 0 1
  outer loop
  vertex 7.30125093 4.84857035 -7.25000048
  vertex 7.54874992 7.22357035 -7.25000048
  vertex 7.30124903 7.22357035 -7.25000048
  endloop
 endfacet

 facet normal -6.73400677e-08 -1 0
  outer loop
  vertex 7.30125093 0.09856987 -7.62500048
  vertex 7.30125093 0.09856987 -7.75000048
  vertex 7.54874992 0.09856987 -7.75000048
  endloop
 endfacet

 facet normal -6.73400677e-08 -1 0
  outer loop
  vertex 7.54874992 0.09856987 -7.62500048
  vertex 7.54874992 0.09856987 -7.50000048
  vertex 7.30125093 0.09856987 -7.50000048
  endloop
 endfacet

 facet normal -6.73400677e-08 -1 0
  outer loop
  vertex 7.54874992 0.09856987 -7.50000048
  vertex 7.54874992 0.09856987 -7.37500048
  vertex 7.30125093 0.09856987 -7.50000048
  endloop
 endfacet

 facet normal -6.73400677e-08 -1 0
  outer loop
  vertex 7.30125093 0.09856987 -7.62500048
  vertex 7.54874992 0.09856987 -7.75000048
  vertex 7.54874992 0.09856987 -7.62500048
  endloop
 endfacet

 facet normal -6.73400677e-08 -1 0
  outer loop
  vertex 7.30125093 0.09856987 -7.25000048
  vertex 7.30125093 0.09856987 -7.37500048
  vertex 7.54874992 0.09856987 -7.37500048
  endloop
 endfacet

 facet normal -6.73400677e-08 -1 0
  outer loop
  vertex 7.30125093 0.09856987 -7.37500048
  vertex 7.30125093 0.09856987 -7.50000048
  vertex 7.54874992 0.09856987 -7.37500048
  endloop
 endfacet

 facet normal -6.73400677e-08 -1 0
  outer loop
  vertex 7.30125093 0.09856987 -7.50000048
  vertex 7.30125093 0.09856987 -7.62500048
  vertex 7.54874992 0.09856987 -7.62500048
  endloop
 endfacet

 facet normal 6.73400677e-08 1 0
  outer loop
  vertex 7.54874992 9.59856987 -7.62500048
  vertex 7.54874992 9.59856987 -7.75000048
  vertex 7.30124903 9.59856987 -7.75000048
  endloop
 endfacet

 facet normal 6.73400677e-08 1 0
  outer loop
  vertex 7.30124903 9.59856987 -7.62500048
  vertex 7.30124903 9.59856987 -7.50000048
  vertex 7.54874992 9.59856987 -7.50000048
  endloop
 endfacet

 facet normal 6.73400677e-08 1 0
  outer loop
  vertex 7.30124903 9.59856987 -7.50000048
  vertex 7.30124903 9.59856987 -7.37500048
  vertex 7.54874992 9.59856987 -7.50000048
  endloop
 endfacet

 facet normal 6.73400677e-08 1 0
  outer loop
  vertex 7.54874992 9.59856987 -7.62500048
  vertex 7.30124903 9.59856987 -7.75000048
  vertex 7.30124903 9.59856987 -7.62500048
  endloop
 endfacet

 facet normal 6.73400677e-08 1 0
  outer loop
  vertex 7.54874992 9.59856987 -7.25000048
  vertex 7.54874992 9.59856987 -7.37500048
  vertex 7.30124903 9.59856987 -7.37500048
  endloop
 endfacet

 facet normal 6.73400677e-08 1 0
  outer loop
  vertex 7.54874992 9.59856987 -7.37500048
  vertex 7.54874992 9.59856987 -7.50000048
  vertex 7.30124903 9.59856987 -7.37500048
  endloop
 endfacet

 facet normal 6.73400677e-08 1 0
  outer loop
  vertex 7.54874992 9.59856987 -7.50000048
  vertex 7.54874992 9.59856987 -7.62500048
  vertex 7.30124903 9.59856987 -7.62500048
  endloop
 endfacet

 facet normal 6.73400677e-08 0 1
  outer loop
  vertex 7.54874992 7.22357035 -7.62500048
  vertex 7.67250061 7.22357035 -7.62500048
  vertex 7.67250061 9.59856987 -7.62500048
  endloop
 endfacet

 facet normal 1 0 0
  outer loop
  vertex 7.54874992 4.84857035 -7.62500048
  vertex 7.54874992 4.84857035 -7.50000048
  vertex 7.54874992 2.47357035 -7.50000048
  endloop
 endfacet

 facet normal 1 0 0
  outer loop
  vertex 7.54874992 9.59856987 -7.62500048
  vertex 7.54874992 9.59856987 -7.50000048
  vertex 7.54874992 7.22357035 -7.50000048
  endloop
 endfacet

 facet normal 1 0 0
  outer loop
  vertex 7.54874992 7.22357035 -7.62500048
  vertex 7.54874992 7.22357035 -7.50000048
  vertex 7.54874992 4.84857035 -7.50000048
  endloop
 endfacet

 facet normal -6.73400677e-08 0 -1
  outer loop
  vertex 7.54874992 4.84857035 -7.75000048
  vertex 7.67250061 4.84857035 -7.75000048
  vertex 7.67250061 2.47357035 -7.75000048
  endloop
 endfacet

 facet normal -6.73400677e-08 0 -1
  outer loop
  vertex 7.54874992 2.47357035 -7.37500048
  vertex 7.67250061 2.47357035 -7.37500048
  vertex 7.67250061 0.09856987 -7.37500048
  endloop
 endfacet

 facet normal 1 0 0
  outer loop
  vertex 7.54874992 2.47357035 -7.62500048
  vertex 7.54874992 2.47357035 -7.50000048
  vertex 7.54874992 0.09856987 -7.50000048
  endloop
 endfacet

 facet normal 6.73400677e-08 0 1
  outer loop
  vertex 7.54874992 7.22357035 -7.25000048
  vertex 7.67250061 7.22357035 -7.25000048
  vertex 7.67250061 9.59856987 -7.25000048
  endloop
 endfacet

 facet normal -6.73400677e-08 0 -1
  outer loop
  vertex 7.54874992 7.22357035 -7.75000048
  vertex 7.67250061 7.22357035 -7.75000048
  vertex 7.67250061 4.84857035 -7.75000048
  endloop
 endfacet

 facet normal 6.73400677e-08 0 1
  outer loop
  vertex 7.54874992 4.84857035 -7.62500048
  vertex 7.67250061 4.84857035 -7.62500048
  vertex 7.67250061 7.22357035 -7.62500048
  endloop
 endfacet

 facet normal 1 0 0
  outer loop
  vertex 7.54874992 2.47357035 -7.50000048
  vertex 7.54874992 2.47357035 -7.37500048
  vertex 7.54874992 0.09856987 -7.37500048
  endloop
 endfacet

 facet normal 1 0 0
  outer loop
  vertex 7.54874992 4.84857035 -7.50000048
  vertex 7.54874992 4.84857035 -7.37500048
  vertex 7.54874992 2.47357035 -7.37500048
  endloop
 endfacet

 facet normal 6.73400677e-08 1 0
  outer loop
  vertex 7.54874992 9.59856987 -7.62500048
  vertex 7.67250061 9.59856987 -7.62500048
  vertex 7.67250061 9.59856987 -7.75000048
  endloop
 endfacet

 facet normal 1 0 0
  outer loop
  vertex 7.54874992 7.22357035 -7.50000048
  vertex 7.54874992 7.22357035 -7.37500048
  vertex 7.54874992 4.84857035 -7.37500048
  endloop
 endfacet

 facet normal 1 0 0
  outer loop
  vertex 7.54874992 9.59856987 -7.50000048
  vertex 7.54874992 9.59856987 -7.37500048
  vertex 7.54874992 7.22357035 -7.37500048
  endloop
 endfacet

 facet normal 1 0 0
  outer loop
  vertex 7.67250061 9.59856987 -7.37500048
  vertex 7.67250061 9.59856987 -7.25000048
  vertex 7.67250061 7.22357035 -7.25000048
  endloop
 endfacet

 facet normal 1 0 0
  outer loop
  vertex 7.67250061 4.84857035 -7.37500048
  vertex 7.67250061 4.84857035 -7.25000048
  vertex 7.67250061 2.47357035 -7.25000048
  endloop
 endfacet

 facet normal 1 0 0
  outer loop
  vertex 7.67250061 7.22357035 -7.75000048
  vertex 7.67250061 7.22357035 -7.62500048
  vertex 7.67250061 4.84857035 -7.62500048
  endloop
 endfacet

 facet normal 1 0 0
  outer loop
  vertex 7.67250061 9.59856987 -7.75000048
  vertex 7.67250061 9.59856987 -7.62500048
  vertex 7.67250061 7.22357035 -7.62500048
  endloop
 endfacet

 facet normal 1 0 0
  outer loop
  vertex 7.67250061 2.47357035 -7.75000048
  vertex 7.67250061 2.47357035 -7.62500048
  vertex 7.67250061 0.09856987 -7.62500048
  endloop
 endfacet

 facet normal 1 0 0
  outer loop
  vertex 7.67250061 4.84857035 -7.75000048
  vertex 7.67250061 4.84857035 -7.62500048
  vertex 7.67250061 2.47357035 -7.62500048
  endloop
 endfacet

 facet normal 1 0 0
  outer loop
  vertex 7.67250061 2.47357035 -7.37500048
  vertex 7.67250061 2.47357035 -7.25000048
  vertex 7.67250061 0.09856987 -7.25000048
  endloop
 endfacet

 facet normal 1 0 0
  outer loop
  vertex 7.67250061 7.22357035 -7.37500048
  vertex 7.67250061 7.22357035 -7.25000048
  vertex 7.67250061 4.84857035 -7.25000048
  endloop
 endfacet

 facet normal -6.73400677e-08 0 -1
  outer loop
  vertex 7.54874992 2.47357035 -7.75000048
  vertex 7.67250061 2.47357035 -7.75000048
  vertex 7.67250061 0.09856987 -7.75000048
  endloop
 endfacet

 facet normal -6.73400677e-08 -1 0
  outer loop
  vertex 7.54874992 0.09856987 -7.75000048
  vertex 7.67250061 0.09856987 -7.75000048
  vertex 7.67250061 0.09856987 -7.62500048
  endloop
 endfacet

 facet normal 6.73400677e-08 0 1
  outer loop
  vertex 7.54874992 4.84857035 -7.25000048
  vertex 7.67250061 4.84857035 -7.25000048
  vertex 7.67250061 7.22357035 -7.25000048
  endloop
 endfacet

 facet normal 6.73400677e-08 1 0
  outer loop
  vertex 7.54874992 9.59856987 -7.25000048
  vertex 7.67250061 9.59856987 -7.25000048
  vertex 7.67250061 9.59856987 -7.37500048
  endloop
 endfacet

 facet normal 6.73400677e-08 0 1
  outer loop
  vertex 7.54874992 2.47357035 -7.25000048
  vertex 7.67250061 2.47357035 -7.25000048
  vertex 7.67250061 4.84857035 -7.25000048
  endloop
 endfacet

 facet normal 6.73400677e-08 0 1
  outer loop
  vertex 7.54874992 0.09856987 -7.62500048
  vertex 7.67250061 0.09856987 -7.62500048
  vertex 7.67250061 2.47357035 -7.62500048
  endloop
 endfacet

 facet normal -6.73400677e-08 0 -1
  outer loop
  vertex 7.54874992 7.22357035 -7.37500048
  vertex 7.67250061 7.22357035 -7.37500048
  vertex 7.67250061 4.84857035 -7.37500048
  endloop
 endfacet

 facet normal 6.73400677e-08 0 1
  outer loop
  vertex 7.54874992 0.09856987 -7.25000048
  vertex 7.67250061 0.09856987 -7.25000048
  vertex 7.67250061 2.47357035 -7.25000048
  endloop
 endfacet

 facet normal -6.73400677e-08 0 -1
  outer loop
  vertex 7.54874992 9.59856987 -7.75000048
  vertex 7.67250061 9.59856987 -7.75000048
  vertex 7.67250061 7.22357035 -7.75000048
  endloop
 endfacet

 facet normal 6.73400677e-08 0 1
  outer loop
  vertex 7.54874992 2.47357035 -7.62500048
  vertex 7.67250061 2.47357035 -7.62500048
  vertex 7.67250061 4.84857035 -7.62500048
  endloop
 endfacet

 facet normal -6.73400677e-08 0 -1
  outer loop
  vertex 7.54874992 9.59856987 -7.37500048
  vertex 7.67250061 9.59856987 -7.37500048
  vertex 7.67250061 7.22357035 -7.37500048
  endloop
 endfacet

 facet normal -6.73400677e-08 -1 0
  outer loop
  vertex 7.54874992 0.09856987 -7.37500048
  vertex 7.67250061 0.09856987 -7.37500048
  vertex 7.67250061 0.09856987 -7.25000048
  endloop
 endfacet

 facet normal 6.73400677e-08 0 1
  outer loop
  vertex 7.30124903 9.59856987 -7.25000048
  vertex 7.17749977 9.59856987 -7.25000048
  vertex 7.17749977 7.22357035 -7.25000048
  endloop
 endfacet

 facet normal -1 0 0
  outer loop
  vertex 7.30125093 4.84857035 -7.37500048
  vertex 7.30125093 4.84857035 -7.50000048
  vertex 7.30125093 2.47357035 -7.50000048
  endloop
 endfacet

 facet normal -1 0 0
  outer loop
  vertex 7.30124903 9.59856987 -7.37500048
  vertex 7.30124903 9.59856987 -7.50000048
  vertex 7.30125093 7.22357035 -7.50000048
  endloop
 endfacet

 facet normal -1 0 0
  outer loop
  vertex 7.30125093 7.22357035 -7.37500048
  vertex 7.30125093 7.22357035 -7.50000048
  vertex 7.30125093 4.84857035 -7.50000048
  endloop
 endfacet

 facet normal 6.73400677e-08 0 1
  outer loop
  vertex 7.30125093 2.47357035 -7.25000048
  vertex 7.1775012 2.47357035 -7.25000048
  vertex 7.1775012 0.09856987 -7.25000048
  endloop
 endfacet

 facet normal 6.73400677e-08 0 1
  outer loop
  vertex 7.30124903 9.59856987 -7.62500048
  vertex 7.17749977 9.59856987 -7.62500048
  vertex 7.17749977 7.22357035 -7.62500048
  endloop
 endfacet

 facet normal -1 0 0
  outer loop
  vertex 7.30125093 2.47357035 -7.37500048
  vertex 7.30125093 2.47357035 -7.50000048
  vertex 7.30125093 0.09856987 -7.50000048
  endloop
 endfacet

 facet normal -6.73400677e-08 -1 0
  outer loop
  vertex 7.30125093 0.09856987 -7.25000048
  vertex 7.1775012 0.09856987 -7.25000048
  vertex 7.1775012 0.09856987 -7.37500048
  endloop
 endfacet

 facet normal -6.73400677e-08 0 -1
  outer loop
  vertex 7.30125093 2.47357035 -7.37500048
  vertex 7.1775012 2.47357035 -7.37500048
  vertex 7.17749977 4.84857035 -7.37500048
  endloop
 endfacet

 facet normal -6.73400677e-08 -1 0
  outer loop
  vertex 7.30125093 0.09856987 -7.62500048
  vertex 7.1775012 0.09856987 -7.62500048
  vertex 7.1775012 0.09856987 -7.75000048
  endloop
 endfacet

 facet normal -1 0 0
  outer loop
  vertex 7.30125093 2.47357035 -7.50000048
  vertex 7.30125093 2.47357035 -7.62500048
  vertex 7.30125093 0.09856987 -7.62500048
  endloop
 endfacet

 facet normal -1 0 0
  outer loop
  vertex 7.30125093 4.84857035 -7.50000048
  vertex 7.30125093 4.84857035 -7.62500048
  vertex 7.30125093 2.47357035 -7.62500048
  endloop
 endfacet

 facet normal 6.73400677e-08 0 1
  outer loop
  vertex 7.30125093 7.22357035 -7.62500048
  vertex 7.17749977 7.22357035 -7.62500048
  vertex 7.17749977 4.84857035 -7.62500048
  endloop
 endfacet

 facet normal -1 0 0
  outer loop
  vertex 7.30125093 7.22357035 -7.50000048
  vertex 7.30125093 7.22357035 -7.62500048
  vertex 7.30125093 4.84857035 -7.62500048
  endloop
 endfacet

 facet normal -1 0 0
  outer loop
  vertex 7.30124903 9.59856987 -7.50000048
  vertex 7.30124903 9.59856987 -7.62500048
  vertex 7.30125093 7.22357035 -7.62500048
  endloop
 endfacet

 facet normal -1 0 0
  outer loop
  vertex 7.17749977 9.59856987 -7.62500048
  vertex 7.17749977 9.59856987 -7.75000048
  vertex 7.17749977 7.22357035 -7.75000048
  endloop
 endfacet

 facet normal -1 0 0
  outer loop
  vertex 7.17749977 4.84857035 -7.62500048
  vertex 7.17749977 4.84857035 -7.75000048
  vertex 7.1775012 2.47357035 -7.75000048
  endloop
 endfacet

 facet normal -1 0 0
  outer loop
  vertex 7.17749977 7.22357035 -7.25000048
  vertex 7.17749977 7.22357035 -7.37500048
  vertex 7.17749977 4.84857035 -7.37500048
  endloop
 endfacet

 facet normal -1 0 0
  outer loop
  vertex 7.17749977 9.59856987 -7.25000048
  vertex 7.17749977 9.59856987 -7.37500048
  vertex 7.17749977 7.22357035 -7.37500048
  endloop
 endfacet

 facet normal -1 0 0
  outer loop
  vertex 7.1775012 2.47357035 -7.25000048
  vertex 7.1775012 2.47357035 -7.37500048
  vertex 7.1775012 0.09856987 -7.37500048
  endloop
 endfacet

 facet normal -1 0 0
  outer loop
  vertex 7.17749977 4.84857035 -7.25000048
  vertex 7.17749977 4.84857035 -7.37500048
  vertex 7.1775012 2.47357035 -7.37500048
  endloop
 endfacet

 facet normal -1 0 0
  outer loop
  vertex 7.1775012 2.47357035 -7.62500048
  vertex 7.1775012 2.47357035 -7.75000048
  vertex 7.1775012 0.09856987 -7.75000048
  endloop
 endfacet

 facet normal -1 0 0
  outer loop
  vertex 7.17749977 7.22357035 -7.62500048
  vertex 7.17749977 7.22357035 -7.75000048
  vertex 7.17749977 4.84857035 -7.75000048
  endloop
 endfacet

 facet normal -6.73400677e-08 0 -1
  outer loop
  vertex 7.30125093 4.84857035 -7.37500048
  vertex 7.17749977 4.84857035 -7.37500048
  vertex 7.17749977 7.22357035 -7.37500048
  endloop
 endfacet

 facet normal 6.73400677e-08 1 0
  outer loop
  vertex 7.30124903 9.59856987 -7.75000048
  vertex 7.17749977 9.59856987 -7.75000048
  vertex 7.17749977 9.59856987 -7.62500048
  endloop
 endfacet

 facet normal -6.73400677e-08 0 -1
  outer loop
  vertex 7.30125093 7.22357035 -7.75000048
  vertex 7.17749977 7.22357035 -7.75000048
  vertex 7.17749977 9.59856987 -7.75000048
  endloop
 endfacet

 facet normal 6.73400677e-08 0 1
  outer loop
  vertex 7.30125093 2.47357035 -7.62500048
  vertex 7.1775012 2.47357035 -7.62500048
  vertex 7.1775012 0.09856987 -7.62500048
  endloop
 endfacet

 facet normal -6.73400677e-08 0 -1
  outer loop
  vertex 7.30125093 7.22357035 -7.37500048
  vertex 7.17749977 7.22357035 -7.37500048
  vertex 7.17749977 9.59856987 -7.37500048
  endloop
 endfacet

 facet normal -6.73400677e-08 0 -1
  outer loop
  vertex 7.30125093 0.09856987 -7.75000048
  vertex 7.1775012 0.09856987 -7.75000048
  vertex 7.1775012 2.47357035 -7.75000048
  endloop
 endfacet

 facet normal 6.73400677e-08 0 1
  outer loop
  vertex 7.30125093 4.84857035 -7.25000048
  vertex 7.17749977 4.84857035 -7.25000048
  vertex 7.1775012 2.47357035 -7.25000048
  endloop
 endfacet

 facet normal 6.73400962e-08 3.76452988e-07 1
  outer loop
  vertex 7.30125093 4.84857035 -7.62500048
  vertex 7.17749977 4.84857035 -7.62500048
  vertex 7.1775012 2.47357035 -7.62500048
  endloop
 endfacet

 facet normal 6.73400677e-08 0 1
  outer loop
  vertex 7.30124903 7.22357035 -7.25000048
  vertex 7.17749977 7.22357035 -7.25000048
  vertex 7.17749977 4.84857035 -7.25000048
  endloop
 endfacet

 facet normal -6.73400677e-08 0 -1
  outer loop
  vertex 7.30125093 4.84857035 -7.75000048
  vertex 7.17749977 4.84857035 -7.75000048
  vertex 7.17749977 7.22357035 -7.75000048
  endloop
 endfacet

 facet normal -6.73400677e-08 0 -1
  outer loop
  vertex 7.30125093 2.47357035 -7.75000048
  vertex 7.1775012 2.47357035 -7.75000048
  vertex 7.17749977 4.84857035 -7.75000048
  endloop
 endfacet

 facet normal -6.73400677e-08 0 -1
  outer loop
  vertex 7.30125093 0.09856987 -7.37500048
  vertex 7.1775012 0.09856987 -7.37500048
  vertex 7.1775012 2.47357035 -7.37500048
  endloop
 endfacet

 facet normal 1 0 0
  outer loop
  vertex 14.8500004 9.72356892 -7.37500095
  vertex 14.8500004 9.72356892 -7.25000095
  vertex 14.8500004 9.59856892 -7.25000095
  endloop
 endfacet

 facet normal 6.73400677e-08 1 0
  outer loop
  vertex -14.8500004 10.0985708 -7.62499905
  vertex -14.8500004 10.0985708 -7.37499905
  vertex -7.42500019 10.0985708 -7.37499952
  endloop
 endfacet

 facet normal 6.73400677e-08 1 0
  outer loop
  vertex 0 10.0985699 -7.375
  vertex 7.42500019 10.0985689 -7.37500048
  vertex 7.42500019 10.0985689 -7.62500048
  endloop
 endfacet

 facet normal 6.73400677e-08 1 0
  outer loop
  vertex 7.42500019 10.0985689 -7.37500048
  vertex 14.8500004 10.0985689 -7.37500095
  vertex 14.8500004 10.0985689 -7.62500095
  endloop
 endfacet

 facet normal 6.73400677e-08 1 0
  outer loop
  vertex -14.8500004 10.0985708 -7.62499905
  vertex -7.42500019 10.0985708 -7.37499952
  vertex -7.42500019 10.0985708 -7.62499952
  endloop
 endfacet

 facet normal 6.73400677e-08 1 0
  outer loop
  vertex -7.42500019 10.0985708 -7.37499952
  vertex 0 10.0985699 -7.375
  vertex -7.42500019 10.0985708 -7.62499952
  endloop
 endfacet

 facet normal 6.73400677e-08 1 0
  outer loop
  vertex 7.42500019 10.0985689 -7.62500048
  vertex 0 10.0985699 -7.625
  vertex 0 10.0985699 -7.375
  endloop
 endfacet

 facet normal 6.73400677e-08 1 0
  outer loop
  vertex 0 10.0985699 -7.625
  vertex -7.42500019 10.0985708 -7.62499952
  vertex 0 10.0985699 -7.375
  endloop
 endfacet

 facet normal 6.73400677e-08 1 0
  outer loop
  vertex 0 9.72356987 -7.625
  vertex 0 9.72356987 -7.75
  vertex -7.42500019 9.72357082 -7.74999952
  endloop
 endfacet

 facet normal -6.73400677e-08 -1 0
  outer loop
  vertex -14.8500004 9.59857082 -7.37499905
  vertex -14.8500004 9.59857082 -7.62499905
  vertex -7.42500019 9.59856987 -7.62499952
  endloop
 endfacet

 facet normal -6.73400677e-08 -1 0
  outer loop
  vertex 0 9.59856987 -7.625
  vertex 7.42500019 9.59856892 -7.62500048
  vertex 7.42500019 9.59856892 -7.37500048
  endloop
 endfacet

 facet normal -6.73400677e-08 -1 0
  outer loop
  vertex 7.42500019 9.59856892 -7.62500048
  vertex 14.8500004 9.59856892 -7.62500095
  vertex 14.8500004 9.59856892 -7.37500095
  endloop
 endfacet

 facet normal -6.73400677e-08 -1 0
  outer loop
  vertex -14.8500004 9.59857082 -7.37499905
  vertex -7.42500019 9.59856987 -7.62499952
  vertex -7.42500019 9.59856987 -7.37499952
  endloop
 endfacet

 facet normal -6.73400677e-08 -1 0
  outer loop
  vertex -7.42500019 9.59856987 -7.62499952
  vertex 0 9.59856987 -7.625
  vertex -7.42500019 9.59856987 -7.37499952
  endloop
 endfacet

 facet normal -6.73400677e-08 -1 0
  outer loop
  vertex 7.42500019 9.59856892 -7.37500048
  vertex 0 9.59856987 -7.375
  vertex 0 9.59856987 -7.625
  endloop
 endfacet

 facet normal -6.73400677e-08 -1 0
  outer loop
  vertex 0 9.59856987 -7.375
  vertex -7.42500019 9.59856987 -7.37499952
  vertex 0 9.59856987 -7.625
  endloop
 endfacet

 facet normal -1 0 0
  outer loop
  vertex -14.8500004 9.97357082 -7.37499905
  vertex -14.8500004 10.0985708 -7.37499905
  vertex -14.8500004 10.0985708 -7.62499905
  endloop
 endfacet

 facet normal -1 0 0
  outer loop
  vertex -14.8500004 9.97357082 -7.62499905
  vertex -14.8500004 9.84857082 -7.62499905
  vertex -14.8500004 9.84857082 -7.37499905
  endloop
 endfacet

 facet normal -1 0 0
  outer loop
  vertex -14.8500004 9.84857082 -7.62499905
  vertex -14.8500004 9.72357082 -7.62499905
  vertex -14.8500004 9.84857082 -7.37499905
  endloop
 endfacet

 facet normal -1 0 0
  outer loop
  vertex -14.8500004 9.97357082 -7.37499905
  vertex -14.8500004 10.0985708 -7.62499905
  vertex -14.8500004 9.97357082 -7.62499905
  endloop
 endfacet

 facet normal -1 0 0
  outer loop
  vertex -14.8500004 9.59857082 -7.37499905
  vertex -14.8500004 9.72357082 -7.37499905
  vertex -14.8500004 9.72357082 -7.62499905
  endloop
 endfacet

 facet normal -1 0 0
  outer loop
  vertex -14.8500004 9.72357082 -7.37499905
  vertex -14.8500004 9.84857082 -7.37499905
  vertex -14.8500004 9.72357082 -7.62499905
  endloop
 endfacet

 facet normal -1 0 0
  outer loop
  vertex -14.8500004 9.84857082 -7.37499905
  vertex -14.8500004 9.97357082 -7.37499905
  vertex -14.8500004 9.97357082 -7.62499905
  endloop
 endfacet

 facet normal 1 0 0
  outer loop
  vertex 14.8500004 9.97356892 -7.62500095
  vertex 14.8500004 10.0985689 -7.62500095
  vertex 14.8500004 10.0985689 -7.37500095
  endloop
 endfacet

 facet normal 1 0 0
  outer loop
  vertex 14.8500004 9.97356892 -7.37500095
  vertex 14.8500004 9.84856892 -7.37500095
  vertex 14.8500004 9.84856892 -7.62500095
  endloop
 endfacet

 facet normal 1 0 0
  outer loop
  vertex 14.8500004 9.84856892 -7.37500095
  vertex 14.8500004 9.72356892 -7.37500095
  vertex 14.8500004 9.84856892 -7.62500095
  endloop
 endfacet

 facet normal 1 0 0
  outer loop
  vertex 14.8500004 9.97356892 -7.62500095
  vertex 14.8500004 10.0985689 -7.37500095
  vertex 14.8500004 9.97356892 -7.37500095
  endloop
 endfacet

 facet normal 1 0 0
  outer loop
  vertex 14.8500004 9.59856892 -7.62500095
  vertex 14.8500004 9.72356892 -7.62500095
  vertex 14.8500004 9.72356892 -7.37500095
  endloop
 endfacet

 facet normal 1 0 0
  outer loop
  vertex 14.8500004 9.72356892 -7.62500095
  vertex 14.8500004 9.84856892 -7.62500095
  vertex 14.8500004 9.72356892 -7.37500095
  endloop
 endfacet

 facet normal 1 0 0
  outer loop
  vertex 14.8500004 9.84856892 -7.62500095
  vertex 14.8500004 9.97356892 -7.62500095
  vertex 14.8500004 9.97356892 -7.37500095
  endloop
 endfacet

 facet normal -6.73400677e-08 -1 0
  outer loop
  vertex 7.42500019 9.97356892 -7.62500048
  vertex 7.42500019 9.97356892 -7.75000048
  vertex 14.8500004 9.97356892 -7.75000095
  endloop
 endfacet

 facet normal -6.73400677e-08 0 -1
  outer loop
  vertex 0 9.97356987 -7.625
  vertex 0 9.84856987 -7.625
  vertex -7.42500019 9.84857082 -7.62499952
  endloop
 endfacet

 facet normal -6.73400677e-08 0 -1
  outer loop
  vertex 14.8500004 9.97356892 -7.62500095
  vertex 14.8500004 9.84856892 -7.62500095
  vertex 7.42500019 9.84856892 -7.62500048
  endloop
 endfacet

 facet normal -6.73400677e-08 0 -1
  outer loop
  vertex 7.42500019 9.97356892 -7.62500048
  vertex 7.42500019 9.84856892 -7.62500048
  vertex 0 9.84856987 -7.625
  endloop
 endfacet

 facet normal 6.73400677e-08 1 0
  outer loop
  vertex 0 10.0985699 -7.625
  vertex 0 10.0985699 -7.75
  vertex -7.42500019 10.0985708 -7.74999952
  endloop
 endfacet

 facet normal 6.73400677e-08 1 0
  outer loop
  vertex -7.42500019 9.72357082 -7.62499952
  vertex -7.42500019 9.72357082 -7.74999952
  vertex -14.8500004 9.72357082 -7.74999905
  endloop
 endfacet

 facet normal -6.73400677e-08 0 -1
  outer loop
  vertex -7.42500019 9.97357082 -7.62499952
  vertex -7.42500019 9.84857082 -7.62499952
  vertex -14.8500004 9.84857082 -7.62499905
  endloop
 endfacet

 facet normal -6.73400677e-08 -1 0
  outer loop
  vertex 7.42500019 9.59856892 -7.62500048
  vertex 7.42500019 9.59856892 -7.75000048
  vertex 14.8500004 9.59856892 -7.75000095
  endloop
 endfacet

 facet normal 6.73400677e-08 1 0
  outer loop
  vertex 7.42500019 10.0985689 -7.62500048
  vertex 7.42500019 10.0985689 -7.75000048
  vertex 0 10.0985699 -7.75
  endloop
 endfacet

 facet normal -6.73400677e-08 -1 0
  outer loop
  vertex 0 9.97356987 -7.625
  vertex 0 9.97356987 -7.75
  vertex 7.42500019 9.97356892 -7.75000048
  endloop
 endfacet

 facet normal -6.73400677e-08 0 -1
  outer loop
  vertex -7.42500019 9.84857082 -7.62499952
  vertex -7.42500019 9.72357082 -7.62499952
  vertex -14.8500004 9.72357082 -7.62499905
  endloop
 endfacet

 facet normal -6.73400677e-08 0 -1
  outer loop
  vertex 0 9.84856987 -7.625
  vertex 0 9.72356987 -7.625
  vertex -7.42500019 9.72357082 -7.62499952
  endloop
 endfacet

 facet normal 1 0 0
  outer loop
  vertex 14.8500004 9.97356892 -7.62500095
  vertex 14.8500004 9.97356892 -7.75000095
  vertex 14.8500004 10.0985689 -7.75000095
  endloop
 endfacet

 facet normal -6.73400677e-08 0 -1
  outer loop
  vertex 7.42500019 9.84856892 -7.62500048
  vertex 7.42500019 9.72356892 -7.62500048
  vertex 0 9.72356987 -7.625
  endloop
 endfacet

 facet normal -6.73400677e-08 0 -1
  outer loop
  vertex 14.8500004 9.84856892 -7.62500095
  vertex 14.8500004 9.72356892 -7.62500095
  vertex 7.42500019 9.72356892 -7.62500048
  endloop
 endfacet

 facet normal -6.73400677e-08 0 -1
  outer loop
  vertex 14.8500004 9.72356892 -7.75000095
  vertex 14.8500004 9.59856892 -7.75000095
  vertex 7.42500019 9.59856892 -7.75000048
  endloop
 endfacet

 facet normal -6.73400677e-08 0 -1
  outer loop
  vertex 0 9.72356987 -7.75
  vertex 0 9.59856987 -7.75
  vertex -7.42500019 9.59856987 -7.74999952
  endloop
 endfacet

 facet normal -6.73400677e-08 0 -1
  outer loop
  vertex 7.42500019 10.0985689 -7.75000048
  vertex 7.42500019 9.97356892 -7.75000048
  vertex 0 9.97356987 -7.75
  endloop
 endfacet

 facet normal -6.73400677e-08 0 -1
  outer loop
  vertex 14.8500004 10.0985689 -7.75000095
  vertex 14.8500004 9.97356892 -7.75000095
  vertex 7.42500019 9.97356892 -7.75000048
  endloop
 endfacet

 facet normal -6.73400677e-08 0 -1
  outer loop
  vertex -7.42500019 10.0985708 -7.74999952
  vertex -7.42500019 9.97357082 -7.74999952
  vertex -14.8500004 9.97357082 -7.74999905
  endloop
 endfacet

 facet normal -6.73400677e-08 0 -1
  outer loop
  vertex 0 10.0985699 -7.75
  vertex 0 9.97356987 -7.75
  vertex -7.42500019 9.97357082 -7.74999952
  endloop
 endfacet

 facet normal -6.73400677e-08 0 -1
  outer loop
  vertex -7.42500019 9.72357082 -7.74999952
  vertex -7.42500019 9.59856987 -7.74999952
  vertex -14.8500004 9.59857082 -7.74999905
  endloop
 endfacet

 facet normal -6.73400677e-08 0 -1
  outer loop
  vertex 7.42500019 9.72356892 -7.75000048
  vertex 7.42500019 9.59856892 -7.75000048
  vertex 0 9.59856987 -7.75
  endloop
 endfacet

 facet normal 6.73400677e-08 1 0
  outer loop
  vertex -7.42500019 10.0985708 -7.62499952
  vertex -7.42500019 10.0985708 -7.74999952
  vertex -14.8500004 10.0985708 -7.74999905
  endloop
 endfacet

 facet normal -1 0 0
  outer loop
  vertex -14.8500004 10.0985708 -7.62499905
  vertex -14.8500004 10.0985708 -7.74999905
  vertex -14.8500004 9.97357082 -7.74999905
  endloop
 endfacet

 facet normal -6.73400677e-08 -1 0
  outer loop
  vertex 0 9.59856987 -7.625
  vertex 0 9.59856987 -7.75
  vertex 7.42500019 9.59856892 -7.75000048
  endloop
 endfacet

 facet normal 1 0 0
  outer loop
  vertex 14.8500004 9.59856892 -7.62500095
  vertex 14.8500004 9.59856892 -7.75000095
  vertex 14.8500004 9.72356892 -7.75000095
  endloop
 endfacet

 facet normal -6.73400677e-08 -1 0
  outer loop
  vertex -7.42500019 9.59856987 -7.62499952
  vertex -7.42500019 9.59856987 -7.74999952
  vertex 0 9.59856987 -7.75
  endloop
 endfacet

 facet normal -6.73400677e-08 -1 0
  outer loop
  vertex -14.8500004 9.97357082 -7.62499905
  vertex -14.8500004 9.97357082 -7.74999905
  vertex -7.42500019 9.97357082 -7.74999952
  endloop
 endfacet

 facet normal 6.73400677e-08 1 0
  outer loop
  vertex 7.42500019 9.72356892 -7.62500048
  vertex 7.42500019 9.72356892 -7.75000048
  vertex 0 9.72356987 -7.75
  endloop
 endfacet

 facet normal -6.73400677e-08 -1 0
  outer loop
  vertex -14.8500004 9.59857082 -7.62499905
  vertex -14.8500004 9.59857082 -7.74999905
  vertex -7.42500019 9.59856987 -7.74999952
  endloop
 endfacet

 facet normal 6.73400677e-08 1 0
  outer loop
  vertex 14.8500004 10.0985689 -7.62500095
  vertex 14.8500004 10.0985689 -7.75000095
  vertex 7.42500019 10.0985689 -7.75000048
  endloop
 endfacet

 facet normal -6.73400677e-08 -1 0
  outer loop
  vertex -7.42500019 9.97357082 -7.62499952
  vertex -7.42500019 9.97357082 -7.74999952
  vertex 0 9.97356987 -7.75
  endloop
 endfacet

 facet normal 6.73400677e-08 1 0
  outer loop
  vertex 14.8500004 9.72356892 -7.62500095
  vertex 14.8500004 9.72356892 -7.75000095
  vertex 7.42500019 9.72356892 -7.75000048
  endloop
 endfacet

 facet normal -1 0 0
  outer loop
  vertex -14.8500004 9.72357082 -7.62499905
  vertex -14.8500004 9.72357082 -7.74999905
  vertex -14.8500004 9.59857082 -7.74999905
  endloop
 endfacet

 facet normal -6.73400677e-08 -1 0
  outer loop
  vertex 14.8500004 9.59856892 -7.37500095
  vertex 14.8500004 9.59856892 -7.25000095
  vertex 7.42500019 9.59856892 -7.25000048
  endloop
 endfacet

 facet normal 6.73400677e-08 0 1
  outer loop
  vertex 0 9.72356987 -7.375
  vertex 0 9.84856987 -7.375
  vertex -7.42500019 9.84857082 -7.37499952
  endloop
 endfacet

 facet normal 6.73400677e-08 0 1
  outer loop
  vertex 14.8500004 9.72356892 -7.37500095
  vertex 14.8500004 9.84856892 -7.37500095
  vertex 7.42500019 9.84856892 -7.37500048
  endloop
 endfacet

 facet normal 6.73400677e-08 0 1
  outer loop
  vertex 7.42500019 9.72356892 -7.37500048
  vertex 7.42500019 9.84856892 -7.37500048
  vertex 0 9.84856987 -7.375
  endloop
 endfacet

 facet normal -6.73400677e-08 -1 0
  outer loop
  vertex -7.42500019 9.59856987 -7.37499952
  vertex -7.42500019 9.59856987 -7.24999952
  vertex -14.8500004 9.59857082 -7.24999905
  endloop
 endfacet

 facet normal -6.73400677e-08 -1 0
  outer loop
  vertex 14.8500004 9.97356892 -7.37500095
  vertex 14.8500004 9.97356892 -7.25000095
  vertex 7.42500019 9.97356892 -7.25000048
  endloop
 endfacet

 facet normal 6.73400677e-08 0 1
  outer loop
  vertex -7.42500019 9.72357082 -7.37499952
  vertex -7.42500019 9.84857082 -7.37499952
  vertex -14.8500004 9.84857082 -7.37499905
  endloop
 endfacet

 facet normal -1 0 0
  outer loop
  vertex -14.8500004 9.59857082 -7.37499905
  vertex -14.8500004 9.59857082 -7.24999905
  vertex -14.8500004 9.72357082 -7.24999905
  endloop
 endfacet

 facet normal 6.73400677e-08 1 0
  outer loop
  vertex -7.42500019 9.72357082 -7.37499952
  vertex -7.42500019 9.72357082 -7.24999952
  vertex 0 9.72356987 -7.25
  endloop
 endfacet

 facet normal -1 0 0
  outer loop
  vertex -14.8500004 9.97357082 -7.37499905
  vertex -14.8500004 9.97357082 -7.24999905
  vertex -14.8500004 10.0985708 -7.24999905
  endloop
 endfacet

 facet normal 6.73400677e-08 0 1
  outer loop
  vertex -7.42500019 9.84857082 -7.37499952
  vertex -7.42500019 9.97357082 -7.37499952
  vertex -14.8500004 9.97357082 -7.37499905
  endloop
 endfacet

 facet normal 6.73400677e-08 0 1
  outer loop
  vertex 0 9.84856987 -7.375
  vertex 0 9.97356987 -7.375
  vertex -7.42500019 9.97357082 -7.37499952
  endloop
 endfacet

 facet normal -6.73400677e-08 -1 0
  outer loop
  vertex 7.42500019 9.97356892 -7.37500048
  vertex 7.42500019 9.97356892 -7.25000048
  vertex 0 9.97356987 -7.25
  endloop
 endfacet

 facet normal 6.73400677e-08 0 1
  outer loop
  vertex 7.42500019 9.84856892 -7.37500048
  vertex 7.42500019 9.97356892 -7.37500048
  vertex 0 9.97356987 -7.375
  endloop
 endfacet

 facet normal 6.73400677e-08 0 1
  outer loop
  vertex 14.8500004 9.84856892 -7.37500095
  vertex 14.8500004 9.97356892 -7.37500095
  vertex 7.42500019 9.97356892 -7.37500048
  endloop
 endfacet

 facet normal 6.73400677e-08 0 1
  outer loop
  vertex 14.8500004 9.97356892 -7.25000095
  vertex 14.8500004 10.0985689 -7.25000095
  vertex 7.42500019 10.0985689 -7.25000048
  endloop
 endfacet

 facet normal 6.73400677e-08 0 1
  outer loop
  vertex 0 9.97356987 -7.25
  vertex 0 10.0985699 -7.25
  vertex -7.42500019 10.0985708 -7.24999952
  endloop
 endfacet

 facet normal 6.73400677e-08 0 1
  outer loop
  vertex 7.42500019 9.59856892 -7.25000048
  vertex 7.42500019 9.72356892 -7.25000048
  vertex 0 9.72356987 -7.25
  endloop
 endfacet

 facet normal 6.73400677e-08 0 1
  outer loop
  vertex 14.8500004 9.59856892 -7.25000095
  vertex 14.8500004 9.72356892 -7.25000095
  vertex 7.42500019 9.72356892 -7.25000048
  endloop
 endfacet

 facet normal 6.73400677e-08 0 1
  outer loop
  vertex -7.42500019 9.59856987 -7.24999952
  vertex -7.42500019 9.72357082 -7.24999952
  vertex -14.8500004 9.72357082 -7.24999905
  endloop
 endfacet

 facet normal 6.73400677e-08 0 1
  outer loop
  vertex 0 9.59856987 -7.25
  vertex 0 9.72356987 -7.25
  vertex -7.42500019 9.72357082 -7.24999952
  endloop
 endfacet

 facet normal 6.73400677e-08 0 1
  outer loop
  vertex -7.42500019 9.97357082 -7.24999952
  vertex -7.42500019 10.0985708 -7.24999952
  vertex -14.8500004 10.0985708 -7.24999905
  endloop
 endfacet

 facet normal 6.73400677e-08 0 1
  outer loop
  vertex 7.42500019 9.97356892 -7.25000048
  vertex 7.42500019 10.0985689 -7.25000048
  vertex 0 10.0985699 -7.25
  endloop
 endfacet

 facet normal 6.73400677e-08 1 0
  outer loop
  vertex 0 9.72356987 -7.375
  vertex 0 9.72356987 -7.25
  vertex 7.42500019 9.72356892 -7.25000048
  endloop
 endfacet

 facet normal 1 0 0
  outer loop
  vertex 14.8500004 10.0985689 -7.37500095
  vertex 14.8500004 10.0985689 -7.25000095
  vertex 14.8500004 9.97356892 -7.25000095
  endloop
 endfacet

 facet normal 6.73400677e-08 1 0
  outer loop
  vertex 7.42500019 10.0985689 -7.37500048
  vertex 7.42500019 10.0985689 -7.25000048
  vertex 14.8500004 10.0985689 -7.25000095
  endloop
 endfacet

 facet normal -6.73400677e-08 -1 0
  outer loop
  vertex -7.42500019 9.97357082 -7.37499952
  vertex -7.42500019 9.97357082 -7.24999952
  vertex -14.8500004 9.97357082 -7.24999905
  endloop
 endfacet

 facet normal 6.73400677e-08 1 0
  outer loop
  vertex 7.42500019 9.72356892 -7.37500048
  vertex 7.42500019 9.72356892 -7.25000048
  vertex 14.8500004 9.72356892 -7.25000095
  endloop
 endfacet

 facet normal 6.73400677e-08 1 0
  outer loop
  vertex -14.8500004 10.0985708 -7.37499905
  vertex -14.8500004 10.0985708 -7.24999905
  vertex -7.42500019 10.0985708 -7.24999952
  endloop
 endfacet

 facet normal -6.73400677e-08 -1 0
  outer loop
  vertex 0 9.59856987 -7.375
  vertex 0 9.59856987 -7.25
  vertex -7.42500019 9.59856987 -7.24999952
  endloop
 endfacet

 facet normal -6.73400677e-08 -1 0
  outer loop
  vertex 0 9.97356987 -7.375
  vertex 0 9.97356987 -7.25
  vertex -7.42500019 9.97357082 -7.24999952
  endloop
 endfacet

 facet normal -6.73400677e-08 -1 0
  outer loop
  vertex 7.42500019 9.59856892 -7.37500048
  vertex 7.42500019 9.59856892 -7.25000048
  vertex 0 9.59856987 -7.25
  endloop
 endfacet

 facet normal 6.73400677e-08 1 0
  outer loop
  vertex 0 10.0985699 -7.375
  vertex 0 10.0985699 -7.25
  vertex 7.42500019 10.0985689 -7.25000048
  endloop
 endfacet

 facet normal 6.73400677e-08 1 0
  outer loop
  vertex -7.42500019 10.0985708 -7.37499952
  vertex -7.42500019 10.0985708 -7.24999952
  vertex 0 10.0985699 -7.25
  endloop
 endfacet

 facet normal 6.73400677e-08 1 0
  outer loop
  vertex -14.8500004 9.72357082 -7.37499905
  vertex -14.8500004 9.72357082 -7.24999905
  vertex -7.42500019 9.72357082 -7.24999952
  endloop
 endfacet

 facet normal 6.73400677e-08 1 0
  outer loop
  vertex -7.54874992 9.59856987 -7.37499952
  vertex -7.67250061 9.59856987 -7.37499952
  vertex -7.67250061 9.59856987 -7.24999952
  endloop
 endfacet

 facet normal -6.73400677e-08 0 -1
  outer loop
  vertex -7.30124903 0.0985689163 -7.74999952
  vertex -7.54874992 0.0985689163 -7.74999952
  vertex -7.54874992 2.47356892 -7.74999952
  endloop
 endfacet

 facet normal -6.73400677e-08 0 -1
  outer loop
  vertex -7.54874992 4.84856892 -7.74999952
  vertex -7.54874992 7.22356892 -7.74999952
  vertex -7.30124903 4.84856892 -7.74999952
  endloop
 endfacet

 facet normal -6.73400677e-08 0 -1
  outer loop
  vertex -7.54874992 7.22356892 -7.74999952
  vertex -7.54874992 9.59856987 -7.74999952
  vertex -7.30124903 7.22356892 -7.74999952
  endloop
 endfacet

 facet normal -6.73400677e-08 0 -1
  outer loop
  vertex -7.30124903 4.84856892 -7.74999952
  vertex -7.54874992 7.22356892 -7.74999952
  vertex -7.30124903 7.22356892 -7.74999952
  endloop
 endfacet

 facet normal -6.73400677e-08 0 -1
  outer loop
  vertex -7.30124903 0.0985689163 -7.74999952
  vertex -7.54874992 2.47356892 -7.74999952
  vertex -7.30124903 2.47356892 -7.74999952
  endloop
 endfacet

 facet normal -6.73400677e-08 0 -1
  outer loop
  vertex -7.54874992 2.47356892 -7.74999952
  vertex -7.54874992 4.84856892 -7.74999952
  vertex -7.30124903 2.47356892 -7.74999952
  endloop
 endfacet

 facet normal -6.73400677e-08 0 -1
  outer loop
  vertex -7.30124903 4.84856892 -7.74999952
  vertex -7.30124903 2.47356892 -7.74999952
  vertex -7.54874992 4.84856892 -7.74999952
  endloop
 endfacet

 facet normal -6.73400677e-08 0 -1
  outer loop
  vertex -7.30124903 4.84856892 -7.37499952
  vertex -7.17749977 4.84856892 -7.37499952
  vertex -7.17749977 2.47356892 -7.37499952
  endloop
 endfacet

 facet normal 6.73400677e-08 0 1
  outer loop
  vertex -7.54874992 0.0985689163 -7.24999952
  vertex -7.30124903 0.0985689163 -7.24999952
  vertex -7.30124903 2.47356892 -7.24999952
  endloop
 endfacet

 facet normal 6.73400677e-08 0 1
  outer loop
  vertex -7.30124903 4.84856892 -7.24999952
  vertex -7.30124903 7.22356892 -7.24999952
  vertex -7.54874992 4.84856892 -7.24999952
  endloop
 endfacet

 facet normal 6.73400677e-08 0 1
  outer loop
  vertex -7.30124903 7.22356892 -7.24999952
  vertex -7.30124903 9.59856987 -7.24999952
  vertex -7.54874992 7.22356892 -7.24999952
  endloop
 endfacet

 facet normal 6.73400677e-08 0 1
  outer loop
  vertex -7.30124903 4.84856892 -7.24999952
  vertex -7.54874992 4.84856892 -7.24999952
  vertex -7.54874992 2.47356892 -7.24999952
  endloop
 endfacet

 facet normal 6.73400677e-08 0 1
  outer loop
  vertex -7.54874992 0.0985689163 -7.24999952
  vertex -7.30124903 2.47356892 -7.24999952
  vertex -7.54874992 2.47356892 -7.24999952
  endloop
 endfacet

 facet normal 6.73400677e-08 0 1
  outer loop
  vertex -7.30124903 2.47356892 -7.24999952
  vertex -7.30124903 4.84856892 -7.24999952
  vertex -7.54874992 2.47356892 -7.24999952
  endloop
 endfacet

 facet normal 6.73400677e-08 0 1
  outer loop
  vertex -7.30124903 9.59856987 -7.24999952
  vertex -7.54874992 9.59856987 -7.24999952
  vertex -7.54874992 7.22356892 -7.24999952
  endloop
 endfacet

 facet normal -6.73400677e-08 -1 0
  outer loop
  vertex -7.54874992 0.0985689163 -7.62499952
  vertex -7.54874992 0.0985689163 -7.74999952
  vertex -7.30124903 0.0985689163 -7.74999952
  endloop
 endfacet

 facet normal -6.73400677e-08 -1 0
  outer loop
  vertex -7.30124903 0.0985689163 -7.62499952
  vertex -7.30124903 0.0985689163 -7.49999952
  vertex -7.54874992 0.0985689163 -7.49999952
  endloop
 endfacet

 facet normal -6.73400677e-08 -1 0
  outer loop
  vertex -7.30124903 0.0985689163 -7.49999952
  vertex -7.30124903 0.0985689163 -7.37499952
  vertex -7.54874992 0.0985689163 -7.49999952
  endloop
 endfacet

 facet normal -6.73400677e-08 -1 0
  outer loop
  vertex -7.54874992 0.0985689163 -7.62499952
  vertex -7.30124903 0.0985689163 -7.74999952
  vertex -7.30124903 0.0985689163 -7.62499952
  endloop
 endfacet

 facet normal -6.73400677e-08 -1 0
  outer loop
  vertex -7.54874992 0.0985689163 -7.24999952
  vertex -7.54874992 0.0985689163 -7.37499952
  vertex -7.30124903 0.0985689163 -7.37499952
  endloop
 endfacet

 facet normal -6.73400677e-08 -1 0
  outer loop
  vertex -7.54874992 0.0985689163 -7.37499952
  vertex -7.54874992 0.0985689163 -7.49999952
  vertex -7.30124903 0.0985689163 -7.37499952
  endloop
 endfacet

 facet normal -6.73400677e-08 -1 0
  outer loop
  vertex -7.54874992 0.0985689163 -7.49999952
  vertex -7.54874992 0.0985689163 -7.62499952
  vertex -7.30124903 0.0985689163 -7.62499952
  endloop
 endfacet

 facet normal 6.73400677e-08 1 0
  outer loop
  vertex -7.30124903 9.59856987 -7.62499952
  vertex -7.30124903 9.59856987 -7.74999952
  vertex -7.54874992 9.59856987 -7.74999952
  endloop
 endfacet

 facet normal 6.73400677e-08 1 0
  outer loop
  vertex -7.54874992 9.59856987 -7.62499952
  vertex -7.54874992 9.59856987 -7.49999952
  vertex -7.30124903 9.59856987 -7.49999952
  endloop
 endfacet

 facet normal 6.73400677e-08 1 0
  outer loop
  vertex -7.54874992 9.59856987 -7.49999952
  vertex -7.54874992 9.59856987 -7.37499952
  vertex -7.30124903 9.59856987 -7.49999952
  endloop
 endfacet

 facet normal 6.73400677e-08 1 0
  outer loop
  vertex -7.30124903 9.59856987 -7.62499952
  vertex -7.54874992 9.59856987 -7.74999952
  vertex -7.54874992 9.59856987 -7.62499952
  endloop
 endfacet

 facet normal 6.73400677e-08 1 0
  outer loop
  vertex -7.30124903 9.59856987 -7.24999952
  vertex -7.30124903 9.59856987 -7.37499952
  vertex -7.54874992 9.59856987 -7.37499952
  endloop
 endfacet

 facet normal 6.73400677e-08 1 0
  outer loop
  vertex -7.30124903 9.59856987 -7.37499952
  vertex -7.30124903 9.59856987 -7.49999952
  vertex -7.54874992 9.59856987 -7.37499952
  endloop
 endfacet

 facet normal 6.73400677e-08 1 0
  outer loop
  vertex -7.30124903 9.59856987 -7.49999952
  vertex -7.30124903 9.59856987 -7.62499952
  vertex -7.54874992 9.59856987 -7.62499952
  endloop
 endfacet

 facet normal 6.73400677e-08 0 1
  outer loop
  vertex -7.30124903 7.22356892 -7.62499952
  vertex -7.17749977 7.22356892 -7.62499952
  vertex -7.17749977 9.59856987 -7.62499952
  endloop
 endfacet

 facet normal 1 0 0
  outer loop
  vertex -7.30124903 4.84856892 -7.62499952
  vertex -7.30124903 4.84856892 -7.49999952
  vertex -7.30124903 2.47356892 -7.49999952
  endloop
 endfacet

 facet normal 1 0 0
  outer loop
  vertex -7.30124903 9.59856987 -7.62499952
  vertex -7.30124903 9.59856987 -7.49999952
  vertex -7.30124903 7.22356892 -7.49999952
  endloop
 endfacet

 facet normal 1 0 0
  outer loop
  vertex -7.30124903 7.22356892 -7.62499952
  vertex -7.30124903 7.22356892 -7.49999952
  vertex -7.30124903 4.84856892 -7.49999952
  endloop
 endfacet

 facet normal -6.73400677e-08 0 -1
  outer loop
  vertex -7.30124903 4.84856892 -7.74999952
  vertex -7.17749977 4.84856892 -7.74999952
  vertex -7.17749977 2.47356892 -7.74999952
  endloop
 endfacet

 facet normal -6.73400677e-08 0 -1
  outer loop
  vertex -7.30124903 2.47356892 -7.37499952
  vertex -7.17749977 2.47356892 -7.37499952
  vertex -7.17749977 0.0985689163 -7.37499952
  endloop
 endfacet

 facet normal 1 0 0
  outer loop
  vertex -7.30124903 2.47356892 -7.62499952
  vertex -7.30124903 2.47356892 -7.49999952
  vertex -7.30124903 0.0985689163 -7.49999952
  endloop
 endfacet

 facet normal 6.73400677e-08 0 1
  outer loop
  vertex -7.30124903 7.22356892 -7.24999952
  vertex -7.17749977 7.22356892 -7.24999952
  vertex -7.17749977 9.59856987 -7.24999952
  endloop
 endfacet

 facet normal -6.73400677e-08 0 -1
  outer loop
  vertex -7.30124903 7.22356892 -7.74999952
  vertex -7.17749977 7.22356892 -7.74999952
  vertex -7.17749977 4.84856892 -7.74999952
  endloop
 endfacet

 facet normal 6.73400962e-08 3.76448497e-07 1
  outer loop
  vertex -7.30124903 4.84856892 -7.62499952
  vertex -7.17749977 4.84856892 -7.62499952
  vertex -7.17749977 7.22356892 -7.62499952
  endloop
 endfacet

 facet normal 1 0 0
  outer loop
  vertex -7.30124903 2.47356892 -7.49999952
  vertex -7.30124903 2.47356892 -7.37499952
  vertex -7.30124903 0.0985689163 -7.37499952
  endloop
 endfacet

 facet normal 1 0 0
  outer loop
  vertex -7.30124903 4.84856892 -7.49999952
  vertex -7.30124903 4.84856892 -7.37499952
  vertex -7.30124903 2.47356892 -7.37499952
  endloop
 endfacet

 facet normal 6.73400677e-08 1 0
  outer loop
  vertex -7.30124903 9.59856987 -7.62499952
  vertex -7.17749977 9.59856987 -7.62499952
  vertex -7.17749977 9.59856987 -7.74999952
  endloop
 endfacet

 facet normal 1 0 0
  outer loop
  vertex -7.30124903 7.22356892 -7.49999952
  vertex -7.30124903 7.22356892 -7.37499952
  vertex -7.30124903 4.84856892 -7.37499952
  endloop
 endfacet

 facet normal 1 0 0
  outer loop
  vertex -7.30124903 9.59856987 -7.49999952
  vertex -7.30124903 9.59856987 -7.37499952
  vertex -7.30124903 7.22356892 -7.37499952
  endloop
 endfacet

 facet normal 1 0 0
  outer loop
  vertex -7.17749977 9.59856987 -7.37499952
  vertex -7.17749977 9.59856987 -7.24999952
  vertex -7.17749977 7.22356892 -7.24999952
  endloop
 endfacet

 facet normal 1 0 0
  outer loop
  vertex -7.17749977 4.84856892 -7.37499952
  vertex -7.17749977 4.84856892 -7.24999952
  vertex -7.17749977 2.47356892 -7.24999952
  endloop
 endfacet

 facet normal 1 0 0
  outer loop
  vertex -7.17749977 7.22356892 -7.74999952
  vertex -7.17749977 7.22356892 -7.62499952
  vertex -7.17749977 4.84856892 -7.62499952
  endloop
 endfacet

 facet normal 1 0 0
  outer loop
  vertex -7.17749977 9.59856987 -7.74999952
  vertex -7.17749977 9.59856987 -7.62499952
  vertex -7.17749977 7.22356892 -7.62499952
  endloop
 endfacet

 facet normal 1 0 0
  outer loop
  vertex -7.17749977 2.47356892 -7.74999952
  vertex -7.17749977 2.47356892 -7.62499952
  vertex -7.17749977 0.0985689163 -7.62499952
  endloop
 endfacet

 facet normal 1 0 0
  outer loop
  vertex -7.17749977 4.84856892 -7.74999952
  vertex -7.17749977 4.84856892 -7.62499952
  vertex -7.17749977 2.47356892 -7.62499952
  endloop
 endfacet

 facet normal 1 0 0
  outer loop
  vertex -7.17749977 2.47356892 -7.37499952
  vertex -7.17749977 2.47356892 -7.24999952
  vertex -7.17749977 0.0985689163 -7.24999952
  endloop
 endfacet

 facet normal 1 0 0
  outer loop
  vertex -7.17749977 7.22356892 -7.37499952
  vertex -7.17749977 7.22356892 -7.24999952
  vertex -7.17749977 4.84856892 -7.24999952
  endloop
 endfacet

 facet normal -6.73400677e-08 0 -1
  outer loop
  vertex -7.30124903 2.47356892 -7.74999952
  vertex -7.17749977 2.47356892 -7.74999952
  vertex -7.17749977 0.0985689163 -7.74999952
  endloop
 endfacet

 facet normal -6.73400677e-08 -1 0
  outer loop
  vertex -7.30124903 0.0985689163 -7.74999952
  vertex -7.17749977 0.0985689163 -7.74999952
  vertex -7.17749977 0.0985689163 -7.62499952
  endloop
 endfacet

 facet normal 6.73400677e-08 0 1
  outer loop
  vertex -7.30124903 4.84856892 -7.24999952
  vertex -7.17749977 4.84856892 -7.24999952
  vertex -7.17749977 7.22356892 -7.24999952
  endloop
 endfacet

 facet normal 6.73400677e-08 1 0
  outer loop
  vertex -7.30124903 9.59856987 -7.24999952
  vertex -7.17749977 9.59856987 -7.24999952
  vertex -7.17749977 9.59856987 -7.37499952
  endloop
 endfacet

 facet normal 6.73400677e-08 0 1
  outer loop
  vertex -7.30124903 2.47356892 -7.24999952
  vertex -7.17749977 2.47356892 -7.24999952
  vertex -7.17749977 4.84856892 -7.24999952
  endloop
 endfacet

 facet normal 6.73400677e-08 0 1
  outer loop
  vertex -7.30124903 0.0985689163 -7.62499952
  vertex -7.17749977 0.0985689163 -7.62499952
  vertex -7.17749977 2.47356892 -7.62499952
  endloop
 endfacet

 facet normal -6.73400677e-08 0 -1
  outer loop
  vertex -7.30124903 7.22356892 -7.37499952
  vertex -7.17749977 7.22356892 -7.37499952
  vertex -7.17749977 4.84856892 -7.37499952
  endloop
 endfacet

 facet normal 6.73400677e-08 0 1
  outer loop
  vertex -7.30124903 0.0985689163 -7.24999952
  vertex -7.17749977 0.0985689163 -7.24999952
  vertex -7.17749977 2.47356892 -7.24999952
  endloop
 endfacet

 facet normal -6.73400677e-08 0 -1
  outer loop
  vertex -7.30124903 9.59856987 -7.74999952
  vertex -7.17749977 9.59856987 -7.74999952
  vertex -7.17749977 7.22356892 -7.74999952
  endloop
 endfacet

 facet normal 6.73400677e-08 0 1
  outer loop
  vertex -7.30124903 2.47356892 -7.62499952
  vertex -7.17749977 2.47356892 -7.62499952
  vertex -7.17749977 4.84856892 -7.62499952
  endloop
 endfacet

 facet normal -6.73400677e-08 0 -1
  outer loop
  vertex -7.30124903 9.59856987 -7.37499952
  vertex -7.17749977 9.59856987 -7.37499952
  vertex -7.17749977 7.22356892 -7.37499952
  endloop
 endfacet

 facet normal -6.73400677e-08 -1 0
  outer loop
  vertex -7.30124903 0.0985689163 -7.37499952
  vertex -7.17749977 0.0985689163 -7.37499952
  vertex -7.17749977 0.0985689163 -7.24999952
  endloop
 endfacet

 facet normal 6.73400677e-08 0 1
  outer loop
  vertex -7.54874992 9.59856987 -7.24999952
  vertex -7.67250061 9.59856987 -7.24999952
  vertex -7.67250061 7.22356892 -7.24999952
  endloop
 endfacet

 facet normal -1 0 0
  outer loop
  vertex -7.54874992 4.84856892 -7.37499952
  vertex -7.54874992 4.84856892 -7.49999952
  vertex -7.54874992 2.47356892 -7.49999952
  endloop
 endfacet

 facet normal -1 0 0
  outer loop
  vertex -7.54874992 9.59856987 -7.37499952
  vertex -7.54874992 9.59856987 -7.49999952
  vertex -7.54874992 7.22356892 -7.49999952
  endloop
 endfacet

 facet normal -1 0 0
  outer loop
  vertex -7.54874992 7.22356892 -7.37499952
  vertex -7.54874992 7.22356892 -7.49999952
  vertex -7.54874992 4.84856892 -7.49999952
  endloop
 endfacet

 facet normal 6.73400677e-08 0 1
  outer loop
  vertex -7.54874992 2.47356892 -7.24999952
  vertex -7.67250061 2.47356892 -7.24999952
  vertex -7.67250061 0.0985689163 -7.24999952
  endloop
 endfacet

 facet normal 6.73400677e-08 0 1
  outer loop
  vertex -7.54874992 9.59856987 -7.62499952
  vertex -7.67250061 9.59856987 -7.62499952
  vertex -7.67250061 7.22356892 -7.62499952
  endloop
 endfacet

 facet normal -1 0 0
  outer loop
  vertex -7.54874992 2.47356892 -7.37499952
  vertex -7.54874992 2.47356892 -7.49999952
  vertex -7.54874992 0.0985689163 -7.49999952
  endloop
 endfacet

 facet normal -6.73400677e-08 -1 0
  outer loop
  vertex -7.54874992 0.0985689163 -7.24999952
  vertex -7.67250061 0.0985689163 -7.24999952
  vertex -7.67250061 0.0985689163 -7.37499952
  endloop
 endfacet

 facet normal -6.73400677e-08 0 -1
  outer loop
  vertex -7.54874992 2.47356892 -7.37499952
  vertex -7.67250061 2.47356892 -7.37499952
  vertex -7.67250061 4.84856892 -7.37499952
  endloop
 endfacet

 facet normal -6.73400677e-08 -1 0
  outer loop
  vertex -7.54874992 0.0985689163 -7.62499952
  vertex -7.67250061 0.0985689163 -7.62499952
  vertex -7.67250061 0.0985689163 -7.74999952
  endloop
 endfacet

 facet normal -1 0 0
  outer loop
  vertex -7.54874992 2.47356892 -7.49999952
  vertex -7.54874992 2.47356892 -7.62499952
  vertex -7.54874992 0.0985689163 -7.62499952
  endloop
 endfacet

 facet normal -1 0 0
  outer loop
  vertex -7.54874992 4.84856892 -7.49999952
  vertex -7.54874992 4.84856892 -7.62499952
  vertex -7.54874992 2.47356892 -7.62499952
  endloop
 endfacet

 facet normal 6.73400677e-08 0 1
  outer loop
  vertex -7.54874992 7.22356892 -7.62499952
  vertex -7.67250061 7.22356892 -7.62499952
  vertex -7.67250061 4.84856892 -7.62499952
  endloop
 endfacet

 facet normal -1 0 0
  outer loop
  vertex -7.54874992 7.22356892 -7.49999952
  vertex -7.54874992 7.22356892 -7.62499952
  vertex -7.54874992 4.84856892 -7.62499952
  endloop
 endfacet

 facet normal -1 0 0
  outer loop
  vertex -7.54874992 9.59856987 -7.49999952
  vertex -7.54874992 9.59856987 -7.62499952
  vertex -7.54874992 7.22356892 -7.62499952
  endloop
 endfacet

 facet normal -1 0 0
  outer loop
  vertex -7.67250061 9.59856987 -7.62499952
  vertex -7.67250061 9.59856987 -7.74999952
  vertex -7.67250061 7.22356892 -7.74999952
  endloop
 endfacet

 facet normal -1 0 0
  outer loop
  vertex -7.67250061 4.84856892 -7.62499952
  vertex -7.67250061 4.84856892 -7.74999952
  vertex -7.67250061 2.47356892 -7.74999952
  endloop
 endfacet

 facet normal -1 0 0
  outer loop
  vertex -7.67250061 7.22356892 -7.24999952
  vertex -7.67250061 7.22356892 -7.37499952
  vertex -7.67250061 4.84856892 -7.37499952
  endloop
 endfacet

 facet normal -1 0 0
  outer loop
  vertex -7.67250061 9.59856987 -7.24999952
  vertex -7.67250061 9.59856987 -7.37499952
  vertex -7.67250061 7.22356892 -7.37499952
  endloop
 endfacet

 facet normal -1 0 0
  outer loop
  vertex -7.67250061 2.47356892 -7.24999952
  vertex -7.67250061 2.47356892 -7.37499952
  vertex -7.67250061 0.0985689163 -7.37499952
  endloop
 endfacet

 facet normal -1 0 0
  outer loop
  vertex -7.67250061 4.84856892 -7.24999952
  vertex -7.67250061 4.84856892 -7.37499952
  vertex -7.67250061 2.47356892 -7.37499952
  endloop
 endfacet

 facet normal -1 0 0
  outer loop
  vertex -7.67250061 2.47356892 -7.62499952
  vertex -7.67250061 2.47356892 -7.74999952
  vertex -7.67250061 0.0985689163 -7.74999952
  endloop
 endfacet

 facet normal -1 0 0
  outer loop
  vertex -7.67250061 7.22356892 -7.62499952
  vertex -7.67250061 7.22356892 -7.74999952
  vertex -7.67250061 4.84856892 -7.74999952
  endloop
 endfacet

 facet normal -6.73400677e-08 0 -1
  outer loop
  vertex -7.54874992 4.84856892 -7.37499952
  vertex -7.67250061 4.84856892 -7.37499952
  vertex -7.67250061 7.22356892 -7.37499952
  endloop
 endfacet

 facet normal 6.73400677e-08 1 0
  outer loop
  vertex -7.54874992 9.59856987 -7.74999952
  vertex -7.67250061 9.59856987 -7.74999952
  vertex -7.67250061 9.59856987 -7.62499952
  endloop
 endfacet

 facet normal -6.73400677e-08 0 -1
  outer loop
  vertex -7.54874992 7.22356892 -7.74999952
  vertex -7.67250061 7.22356892 -7.74999952
  vertex -7.67250061 9.59856987 -7.74999952
  endloop
 endfacet

 facet normal 6.73400677e-08 0 1
  outer loop
  vertex -7.54874992 2.47356892 -7.62499952
  vertex -7.67250061 2.47356892 -7.62499952
  vertex -7.67250061 0.0985689163 -7.62499952
  endloop
 endfacet

 facet normal -6.73400677e-08 0 -1
  outer loop
  vertex -7.54874992 7.22356892 -7.37499952
  vertex -7.67250061 7.22356892 -7.37499952
  vertex -7.67250061 9.59856987 -7.37499952
  endloop
 endfacet

 facet normal -6.73400677e-08 0 -1
  outer loop
  vertex -7.54874992 0.0985689163 -7.74999952
  vertex -7.67250061 0.0985689163 -7.74999952
  vertex -7.67250061 2.47356892 -7.74999952
  endloop
 endfacet

 facet normal 6.73400677e-08 0 1
  outer loop
  vertex -7.54874992 4.84856892 -7.24999952
  vertex -7.67250061 4.84856892 -7.24999952
  vertex -7.67250061 2.47356892 -7.24999952
  endloop
 endfacet

 facet normal 6.73400677e-08 0 1
  outer loop
  vertex -7.54874992 4.84856892 -7.62499952
  vertex -7.67250061 4.84856892 -7.62499952
  vertex -7.67250061 2.47356892 -7.62499952
  endloop
 endfacet

 facet normal 6.73400677e-08 0 1
  outer loop
  vertex -7.54874992 7.22356892 -7.24999952
  vertex -7.67250061 7.22356892 -7.24999952
  vertex -7.67250061 4.84856892 -7.24999952
  endloop
 endfacet

 facet normal -6.73400677e-08 0 -1
  outer loop
  vertex -7.54874992 4.84856892 -7.74999952
  vertex -7.67250061 4.84856892 -7.74999952
  vertex -7.67250061 7.22356892 -7.74999952
  endloop
 endfacet

 facet normal -6.73400677e-08 0 -1
  outer loop
  vertex -7.54874992 2.47356892 -7.74999952
  vertex -7.67250061 2.47356892 -7.74999952
  vertex -7.67250061 4.84856892 -7.74999952
  endloop
 endfacet

 facet normal -6.73400677e-08 0 -1
  outer loop
  vertex -7.54874992 0.0985689163 -7.37499952
  vertex -7.67250061 0.0985689163 -7.37499952
  vertex -7.67250061 2.47356892 -7.37499952
  endloop
 endfacet

 facet normal 6.73400677e-08 1 0
  outer loop
  vertex 7.30125093 9.59856987 -14.875001
  vertex 7.1775012 9.59856987 -14.875001
  vertex 7.1775012 9.59856987 -14.750001
  endloop
 endfacet

 facet normal -6.73400677e-08 0 -1
  outer loop
  vertex 7.54875088 0.09856987 -15.250001
  vertex 7.30125093 0.09856987 -15.250001
  vertex 7.30125093 2.47357035 -15.250001
  endloop
 endfacet

 facet normal -6.73400677e-08 0 -1
  outer loop
  vertex 7.30125093 2.47357035 -15.250001
  vertex 7.30125093 4.84857035 -15.250001
  vertex 7.54875088 4.84857035 -15.250001
  endloop
 endfacet

 facet normal -6.73400677e-08 0 -1
  outer loop
  vertex 7.30125093 4.84857035 -15.250001
  vertex 7.30125093 7.22357035 -15.250001
  vertex 7.54875088 4.84857035 -15.250001
  endloop
 endfacet

 facet normal -6.73400677e-08 0 -1
  outer loop
  vertex 7.54875088 2.47357035 -15.250001
  vertex 7.54875088 0.09856987 -15.250001
  vertex 7.30125093 2.47357035 -15.250001
  endloop
 endfacet

 facet normal -6.73400677e-08 0 -1
  outer loop
  vertex 7.54875088 9.59856987 -15.250001
  vertex 7.54875088 7.22357035 -15.250001
  vertex 7.30125093 7.22357035 -15.250001
  endloop
 endfacet

 facet normal -6.73400677e-08 0 -1
  outer loop
  vertex 7.54875088 7.22357035 -15.250001
  vertex 7.54875088 4.84857035 -15.250001
  vertex 7.30125093 7.22357035 -15.250001
  endloop
 endfacet

 facet normal -6.73400677e-08 0 -1
  outer loop
  vertex 7.54875088 4.84857035 -15.250001
  vertex 7.54875088 2.47357035 -15.250001
  vertex 7.30125093 2.47357035 -15.250001
  endloop
 endfacet

 facet normal -6.73400677e-08 0 -1
  outer loop
  vertex 7.54875088 4.84857035 -14.875001
  vertex 7.67250061 4.84857035 -14.875001
  vertex 7.67250061 2.47357035 -14.875001
  endloop
 endfacet

 facet normal 6.73400677e-08 0 1
  outer loop
  vertex 7.30125093 0.09856987 -14.750001
  vertex 7.54875088 0.09856987 -14.750001
  vertex 7.54875088 2.47357035 -14.750001
  endloop
 endfacet

 facet normal 6.73400677e-08 0 1
  outer loop
  vertex 7.54875088 4.84857035 -14.750001
  vertex 7.54875088 7.22357035 -14.750001
  vertex 7.30125093 4.84857035 -14.750001
  endloop
 endfacet

 facet normal 6.73400677e-08 0 1
  outer loop
  vertex 7.54875088 7.22357035 -14.750001
  vertex 7.54875088 9.59856987 -14.750001
  vertex 7.30125093 7.22357035 -14.750001
  endloop
 endfacet

 facet normal 6.73400677e-08 0 1
  outer loop
  vertex 7.54875088 4.84857035 -14.750001
  vertex 7.30125093 2.47357035 -14.750001
  vertex 7.54875088 2.47357035 -14.750001
  endloop
 endfacet

 facet normal 6.73400677e-08 0 1
  outer loop
  vertex 7.30125093 0.09856987 -14.750001
  vertex 7.54875088 2.47357035 -14.750001
  vertex 7.30125093 2.47357035 -14.750001
  endloop
 endfacet

 facet normal 6.73400677e-08 0 1
  outer loop
  vertex 7.30125093 4.84857035 -14.750001
  vertex 7.30125093 2.47357035 -14.750001
  vertex 7.54875088 4.84857035 -14.750001
  endloop
 endfacet

 facet normal 6.73400677e-08 0 1
  outer loop
  vertex 7.30125093 4.84857035 -14.750001
  vertex 7.54875088 7.22357035 -14.750001
  vertex 7.30125093 7.22357035 -14.750001
  endloop
 endfacet

 facet normal -6.73400677e-08 -1 0
  outer loop
  vertex 7.30125093 0.09856987 -15.125001
  vertex 7.30125093 0.09856987 -15.250001
  vertex 7.54875088 0.09856987 -15.250001
  endloop
 endfacet

 facet normal -6.73400677e-08 -1 0
  outer loop
  vertex 7.54875088 0.09856987 -15.125001
  vertex 7.54875088 0.09856987 -15.000001
  vertex 7.30125093 0.09856987 -15.000001
  endloop
 endfacet

 facet normal -6.73400677e-08 -1 0
  outer loop
  vertex 7.54875088 0.09856987 -15.000001
  vertex 7.54875088 0.09856987 -14.875001
  vertex 7.30125093 0.09856987 -15.000001
  endloop
 endfacet

 facet normal -6.73400677e-08 -1 0
  outer loop
  vertex 7.30125093 0.09856987 -15.125001
  vertex 7.54875088 0.09856987 -15.250001
  vertex 7.54875088 0.09856987 -15.125001
  endloop
 endfacet

 facet normal -6.73400677e-08 -1 0
  outer loop
  vertex 7.30125093 0.09856987 -14.750001
  vertex 7.30125093 0.09856987 -14.875001
  vertex 7.54875088 0.09856987 -14.875001
  endloop
 endfacet

 facet normal -6.73400677e-08 -1 0
  outer loop
  vertex 7.30125093 0.09856987 -14.875001
  vertex 7.30125093 0.09856987 -15.000001
  vertex 7.54875088 0.09856987 -14.875001
  endloop
 endfacet

 facet normal -6.73400677e-08 -1 0
  outer loop
  vertex 7.30125093 0.09856987 -15.000001
  vertex 7.30125093 0.09856987 -15.125001
  vertex 7.54875088 0.09856987 -15.125001
  endloop
 endfacet

 facet normal 6.73400677e-08 1 0
  outer loop
  vertex 7.54875088 9.59856987 -15.125001
  vertex 7.54875088 9.59856987 -15.250001
  vertex 7.30125093 9.59856987 -15.250001
  endloop
 endfacet

 facet normal 6.73400677e-08 1 0
  outer loop
  vertex 7.30125093 9.59856987 -15.125001
  vertex 7.30125093 9.59856987 -15.000001
  vertex 7.54875088 9.59856987 -15.000001
  endloop
 endfacet

 facet normal 6.73400677e-08 1 0
  outer loop
  vertex 7.30125093 9.59856987 -15.000001
  vertex 7.30125093 9.59856987 -14.875001
  vertex 7.54875088 9.59856987 -15.000001
  endloop
 endfacet

 facet normal 6.73400677e-08 1 0
  outer loop
  vertex 7.54875088 9.59856987 -15.125001
  vertex 7.30125093 9.59856987 -15.250001
  vertex 7.30125093 9.59856987 -15.125001
  endloop
 endfacet

 facet normal 6.73400677e-08 1 0
  outer loop
  vertex 7.54875088 9.59856987 -14.750001
  vertex 7.54875088 9.59856987 -14.875001
  vertex 7.30125093 9.59856987 -14.875001
  endloop
 endfacet

 facet normal 6.73400677e-08 1 0
  outer loop
  vertex 7.54875088 9.59856987 -14.875001
  vertex 7.54875088 9.59856987 -15.000001
  vertex 7.30125093 9.59856987 -14.875001
  endloop
 endfacet

 facet normal 6.73400677e-08 1 0
  outer loop
  vertex 7.54875088 9.59856987 -15.000001
  vertex 7.54875088 9.59856987 -15.125001
  vertex 7.30125093 9.59856987 -15.125001
  endloop
 endfacet

 facet normal 6.73400677e-08 0 1
  outer loop
  vertex 7.54875088 7.22357035 -15.125001
  vertex 7.67250061 7.22357035 -15.125001
  vertex 7.67250061 9.59856987 -15.125001
  endloop
 endfacet

 facet normal 1 0 0
  outer loop
  vertex 7.54875088 4.84857035 -15.125001
  vertex 7.54875088 4.84857035 -15.000001
  vertex 7.54875088 2.47357035 -15.000001
  endloop
 endfacet

 facet normal 1 0 0
  outer loop
  vertex 7.54875088 9.59856987 -15.125001
  vertex 7.54875088 9.59856987 -15.000001
  vertex 7.54875088 7.22357035 -15.000001
  endloop
 endfacet

 facet normal 1 0 0
  outer loop
  vertex 7.54875088 7.22357035 -15.125001
  vertex 7.54875088 7.22357035 -15.000001
  vertex 7.54875088 4.84857035 -15.000001
  endloop
 endfacet

 facet normal -6.73400677e-08 0 -1
  outer loop
  vertex 7.54875088 4.84857035 -15.250001
  vertex 7.67250061 4.84857035 -15.250001
  vertex 7.67250061 2.47357035 -15.250001
  endloop
 endfacet

 facet normal -6.73400677e-08 0 -1
  outer loop
  vertex 7.54875088 2.47357035 -14.875001
  vertex 7.67250061 2.47357035 -14.875001
  vertex 7.67250252 0.09856987 -14.875001
  endloop
 endfacet

 facet normal 1 0 0
  outer loop
  vertex 7.54875088 2.47357035 -15.125001
  vertex 7.54875088 2.47357035 -15.000001
  vertex 7.54875088 0.09856987 -15.000001
  endloop
 endfacet

 facet normal 6.73400677e-08 0 1
  outer loop
  vertex 7.54875088 7.22357035 -14.750001
  vertex 7.67250061 7.22357035 -14.750001
  vertex 7.67250061 9.59856987 -14.750001
  endloop
 endfacet

 facet normal -6.73400677e-08 0 -1
  outer loop
  vertex 7.54875088 7.22357035 -15.250001
  vertex 7.67250061 7.22357035 -15.250001
  vertex 7.67250061 4.84857035 -15.250001
  endloop
 endfacet

 facet normal 6.73400677e-08 0 1
  outer loop
  vertex 7.54875088 4.84857035 -15.125001
  vertex 7.67250061 4.84857035 -15.125001
  vertex 7.67250061 7.22357035 -15.125001
  endloop
 endfacet

 facet normal 1 0 0
  outer loop
  vertex 7.54875088 2.47357035 -15.000001
  vertex 7.54875088 2.47357035 -14.875001
  vertex 7.54875088 0.09856987 -14.875001
  endloop
 endfacet

 facet normal 1 0 0
  outer loop
  vertex 7.54875088 4.84857035 -15.000001
  vertex 7.54875088 4.84857035 -14.875001
  vertex 7.54875088 2.47357035 -14.875001
  endloop
 endfacet

 facet normal 6.73400677e-08 1 0
  outer loop
  vertex 7.54875088 9.59856987 -15.125001
  vertex 7.67250061 9.59856987 -15.125001
  vertex 7.67250061 9.59856987 -15.250001
  endloop
 endfacet

 facet normal 1 0 0
  outer loop
  vertex 7.54875088 7.22357035 -15.000001
  vertex 7.54875088 7.22357035 -14.875001
  vertex 7.54875088 4.84857035 -14.875001
  endloop
 endfacet

 facet normal 1 0 0
  outer loop
  vertex 7.54875088 9.59856987 -15.000001
  vertex 7.54875088 9.59856987 -14.875001
  vertex 7.54875088 7.22357035 -14.875001
  endloop
 endfacet

 facet normal 1 0 0
  outer loop
  vertex 7.67250061 9.59856987 -14.875001
  vertex 7.67250061 9.59856987 -14.750001
  vertex 7.67250061 7.22357035 -14.750001
  endloop
 endfacet

 facet normal 1 0 0
  outer loop
  vertex 7.67250061 4.84857035 -14.875001
  vertex 7.67250061 4.84857035 -14.750001
  vertex 7.67250061 2.47357035 -14.750001
  endloop
 endfacet

 facet normal 1 0 0
  outer loop
  vertex 7.67250061 7.22357035 -15.250001
  vertex 7.67250061 7.22357035 -15.125001
  vertex 7.67250061 4.84857035 -15.125001
  endloop
 endfacet

 facet normal 1 0 0
  outer loop
  vertex 7.67250061 9.59856987 -15.250001
  vertex 7.67250061 9.59856987 -15.125001
  vertex 7.67250061 7.22357035 -15.125001
  endloop
 endfacet

 facet normal 1 0 0
  outer loop
  vertex 7.67250061 2.47357035 -15.250001
  vertex 7.67250061 2.47357035 -15.125001
  vertex 7.67250252 0.09856987 -15.125001
  endloop
 endfacet

 facet normal 1 0 0
  outer loop
  vertex 7.67250061 4.84857035 -15.250001
  vertex 7.67250061 4.84857035 -15.125001
  vertex 7.67250061 2.47357035 -15.125001
  endloop
 endfacet

 facet normal 1 0 0
  outer loop
  vertex 7.67250061 2.47357035 -14.875001
  vertex 7.67250061 2.47357035 -14.750001
  vertex 7.67250252 0.09856987 -14.750001
  endloop
 endfacet

 facet normal 1 0 0
  outer loop
  vertex 7.67250061 7.22357035 -14.875001
  vertex 7.67250061 7.22357035 -14.750001
  vertex 7.67250061 4.84857035 -14.750001
  endloop
 endfacet

 facet normal -6.73400677e-08 0 -1
  outer loop
  vertex 7.54875088 2.47357035 -15.250001
  vertex 7.67250061 2.47357035 -15.250001
  vertex 7.67250252 0.09856987 -15.250001
  endloop
 endfacet

 facet normal -6.73400677e-08 -1 0
  outer loop
  vertex 7.54875088 0.09856987 -15.250001
  vertex 7.67250252 0.09856987 -15.250001
  vertex 7.67250252 0.09856987 -15.125001
  endloop
 endfacet

 facet normal 6.73400677e-08 0 1
  outer loop
  vertex 7.54875088 4.84857035 -14.750001
  vertex 7.67250061 4.84857035 -14.750001
  vertex 7.67250061 7.22357035 -14.750001
  endloop
 endfacet

 facet normal 6.73400677e-08 1 0
  outer loop
  vertex 7.54875088 9.59856987 -14.750001
  vertex 7.67250061 9.59856987 -14.750001
  vertex 7.67250061 9.59856987 -14.875001
  endloop
 endfacet

 facet normal 6.73400677e-08 0 1
  outer loop
  vertex 7.54875088 2.47357035 -14.750001
  vertex 7.67250061 2.47357035 -14.750001
  vertex 7.67250061 4.84857035 -14.750001
  endloop
 endfacet

 facet normal 6.73400251e-08 -7.52895062e-07 1
  outer loop
  vertex 7.54875088 0.09856987 -15.125001
  vertex 7.67250252 0.09856987 -15.125001
  vertex 7.67250061 2.47357035 -15.125001
  endloop
 endfacet

 facet normal -6.73400677e-08 0 -1
  outer loop
  vertex 7.54875088 7.22357035 -14.875001
  vertex 7.67250061 7.22357035 -14.875001
  vertex 7.67250061 4.84857035 -14.875001
  endloop
 endfacet

 facet normal 6.73400677e-08 0 1
  outer loop
  vertex 7.54875088 0.09856987 -14.750001
  vertex 7.67250252 0.09856987 -14.750001
  vertex 7.67250061 2.47357035 -14.750001
  endloop
 endfacet

 facet normal -6.73400677e-08 0 -1
  outer loop
  vertex 7.54875088 9.59856987 -15.250001
  vertex 7.67250061 9.59856987 -15.250001
  vertex 7.67250061 7.22357035 -15.250001
  endloop
 endfacet

 facet normal 6.73400677e-08 0 1
  outer loop
  vertex 7.54875088 2.47357035 -15.125001
  vertex 7.67250061 2.47357035 -15.125001
  vertex 7.67250061 4.84857035 -15.125001
  endloop
 endfacet

 facet normal -6.73400677e-08 0 -1
  outer loop
  vertex 7.54875088 9.59856987 -14.875001
  vertex 7.67250061 9.59856987 -14.875001
  vertex 7.67250061 7.22357035 -14.875001
  endloop
 endfacet

 facet normal -6.73400677e-08 -1 0
  outer loop
  vertex 7.54875088 0.09856987 -14.875001
  vertex 7.67250252 0.09856987 -14.875001
  vertex 7.67250252 0.09856987 -14.750001
  endloop
 endfacet

 facet normal 6.73400677e-08 0 1
  outer loop
  vertex 7.30125093 9.59856987 -14.750001
  vertex 7.1775012 9.59856987 -14.750001
  vertex 7.1775012 7.22357035 -14.750001
  endloop
 endfacet

 facet normal -1 0 0
  outer loop
  vertex 7.30125093 4.84857035 -14.875001
  vertex 7.30125093 4.84857035 -15.000001
  vertex 7.30125093 2.47357035 -15.000001
  endloop
 endfacet

 facet normal -1 0 0
  outer loop
  vertex 7.30125093 9.59856987 -14.875001
  vertex 7.30125093 9.59856987 -15.000001
  vertex 7.30125093 7.22357035 -15.000001
  endloop
 endfacet

 facet normal -1 0 0
  outer loop
  vertex 7.30125093 7.22357035 -14.875001
  vertex 7.30125093 7.22357035 -15.000001
  vertex 7.30125093 4.84857035 -15.000001
  endloop
 endfacet

 facet normal 6.73400677e-08 0 1
  outer loop
  vertex 7.30125093 2.47357035 -14.750001
  vertex 7.1775012 2.47357035 -14.750001
  vertex 7.1775012 0.09856987 -14.750001
  endloop
 endfacet

 facet normal 6.73400677e-08 0 1
  outer loop
  vertex 7.30125093 9.59856987 -15.125001
  vertex 7.1775012 9.59856987 -15.125001
  vertex 7.1775012 7.22357035 -15.125001
  endloop
 endfacet

 facet normal -1 0 0
  outer loop
  vertex 7.30125093 2.47357035 -14.875001
  vertex 7.30125093 2.47357035 -15.000001
  vertex 7.30125093 0.09856987 -15.000001
  endloop
 endfacet

 facet normal -6.73400677e-08 -1 0
  outer loop
  vertex 7.30125093 0.09856987 -14.750001
  vertex 7.1775012 0.09856987 -14.750001
  vertex 7.1775012 0.09856987 -14.875001
  endloop
 endfacet

 facet normal -6.73400962e-08 -3.76447019e-07 -1
  outer loop
  vertex 7.30125093 2.47357035 -14.875001
  vertex 7.1775012 2.47357035 -14.875001
  vertex 7.1775012 4.84857035 -14.875001
  endloop
 endfacet

 facet normal -6.73400677e-08 -1 0
  outer loop
  vertex 7.30125093 0.09856987 -15.125001
  vertex 7.1775012 0.09856987 -15.125001
  vertex 7.1775012 0.09856987 -15.250001
  endloop
 endfacet

 facet normal -1 0 0
  outer loop
  vertex 7.30125093 2.47357035 -15.000001
  vertex 7.30125093 2.47357035 -15.125001
  vertex 7.30125093 0.09856987 -15.125001
  endloop
 endfacet

 facet normal -1 0 0
  outer loop
  vertex 7.30125093 4.84857035 -15.000001
  vertex 7.30125093 4.84857035 -15.125001
  vertex 7.30125093 2.47357035 -15.125001
  endloop
 endfacet

 facet normal 6.73400677e-08 0 1
  outer loop
  vertex 7.30125093 7.22357035 -15.125001
  vertex 7.1775012 7.22357035 -15.125001
  vertex 7.1775012 4.84857035 -15.125001
  endloop
 endfacet

 facet normal -1 0 0
  outer loop
  vertex 7.30125093 7.22357035 -15.000001
  vertex 7.30125093 7.22357035 -15.125001
  vertex 7.30125093 4.84857035 -15.125001
  endloop
 endfacet

 facet normal -1 0 0
  outer loop
  vertex 7.30125093 9.59856987 -15.000001
  vertex 7.30125093 9.59856987 -15.125001
  vertex 7.30125093 7.22357035 -15.125001
  endloop
 endfacet

 facet normal -1 0 0
  outer loop
  vertex 7.1775012 9.59856987 -15.125001
  vertex 7.1775012 9.59856987 -15.250001
  vertex 7.1775012 7.22357035 -15.250001
  endloop
 endfacet

 facet normal -1 0 0
  outer loop
  vertex 7.1775012 4.84857035 -15.125001
  vertex 7.1775012 4.84857035 -15.250001
  vertex 7.1775012 2.47357035 -15.250001
  endloop
 endfacet

 facet normal -1 0 0
  outer loop
  vertex 7.1775012 7.22357035 -14.750001
  vertex 7.1775012 7.22357035 -14.875001
  vertex 7.1775012 4.84857035 -14.875001
  endloop
 endfacet

 facet normal -1 0 0
  outer loop
  vertex 7.1775012 9.59856987 -14.750001
  vertex 7.1775012 9.59856987 -14.875001
  vertex 7.1775012 7.22357035 -14.875001
  endloop
 endfacet

 facet normal -1 0 0
  outer loop
  vertex 7.1775012 2.47357035 -14.750001
  vertex 7.1775012 2.47357035 -14.875001
  vertex 7.1775012 0.09856987 -14.875001
  endloop
 endfacet

 facet normal -1 0 0
  outer loop
  vertex 7.1775012 4.84857035 -14.750001
  vertex 7.1775012 4.84857035 -14.875001
  vertex 7.1775012 2.47357035 -14.875001
  endloop
 endfacet

 facet normal -1 0 0
  outer loop
  vertex 7.1775012 2.47357035 -15.125001
  vertex 7.1775012 2.47357035 -15.250001
  vertex 7.1775012 0.09856987 -15.250001
  endloop
 endfacet

 facet normal -1 0 0
  outer loop
  vertex 7.1775012 7.22357035 -15.125001
  vertex 7.1775012 7.22357035 -15.250001
  vertex 7.1775012 4.84857035 -15.250001
  endloop
 endfacet

 facet normal -6.73400677e-08 0 -1
  outer loop
  vertex 7.30125093 4.84857035 -14.875001
  vertex 7.1775012 4.84857035 -14.875001
  vertex 7.1775012 7.22357035 -14.875001
  endloop
 endfacet

 facet normal 6.73400677e-08 1 0
  outer loop
  vertex 7.30125093 9.59856987 -15.250001
  vertex 7.1775012 9.59856987 -15.250001
  vertex 7.1775012 9.59856987 -15.125001
  endloop
 endfacet

 facet normal -6.73400677e-08 0 -1
  outer loop
  vertex 7.30125093 7.22357035 -15.250001
  vertex 7.1775012 7.22357035 -15.250001
  vertex 7.1775012 9.59856987 -15.250001
  endloop
 endfacet

 facet normal 6.73400677e-08 0 1
  outer loop
  vertex 7.30125093 2.47357035 -15.125001
  vertex 7.1775012 2.47357035 -15.125001
  vertex 7.1775012 0.09856987 -15.125001
  endloop
 endfacet

 facet normal -6.73400677e-08 0 -1
  outer loop
  vertex 7.30125093 7.22357035 -14.875001
  vertex 7.1775012 7.22357035 -14.875001
  vertex 7.1775012 9.59856987 -14.875001
  endloop
 endfacet

 facet normal -6.73400677e-08 0 -1
  outer loop
  vertex 7.30125093 0.09856987 -15.250001
  vertex 7.1775012 0.09856987 -15.250001
  vertex 7.1775012 2.47357035 -15.250001
  endloop
 endfacet

 facet normal 6.73400677e-08 0 1
  outer loop
  vertex 7.30125093 4.84857035 -14.750001
  vertex 7.1775012 4.84857035 -14.750001
  vertex 7.1775012 2.47357035 -14.750001
  endloop
 endfacet

 facet normal 6.73400393e-08 -3.76447019e-07 1
  outer loop
  vertex 7.30125093 4.84857035 -15.125001
  vertex 7.1775012 4.84857035 -15.125001
  vertex 7.1775012 2.47357035 -15.125001
  endloop
 endfacet

 facet normal 6.73400677e-08 0 1
  outer loop
  vertex 7.30125093 7.22357035 -14.750001
  vertex 7.1775012 7.22357035 -14.750001
  vertex 7.1775012 4.84857035 -14.750001
  endloop
 endfacet

 facet normal -6.73400677e-08 0 -1
  outer loop
  vertex 7.30125093 4.84857035 -15.250001
  vertex 7.1775012 4.84857035 -15.250001
  vertex 7.1775012 7.22357035 -15.250001
  endloop
 endfacet

 facet normal -6.73400251e-08 7.52895062e-07 -1
  outer loop
  vertex 7.30125093 2.47357035 -15.250001
  vertex 7.1775012 2.47357035 -15.250001
  vertex 7.1775012 4.84857035 -15.250001
  endloop
 endfacet

 facet normal -6.73400677e-08 0 -1
  outer loop
  vertex 7.30125093 0.09856987 -14.875001
  vertex 7.1775012 0.09856987 -14.875001
  vertex 7.1775012 2.47357035 -14.875001
  endloop
 endfacet

 facet normal 1 0 0
  outer loop
  vertex 14.8500004 9.72356892 -14.875001
  vertex 14.8500004 9.72356892 -14.750001
  vertex 14.8500004 9.59856892 -14.750001
  endloop
 endfacet

 facet normal 6.73400677e-08 1 0
  outer loop
  vertex -14.8500004 10.0985708 -15.124999
  vertex -14.8500004 10.0985708 -14.874999
  vertex -7.42500019 10.0985708 -14.874999
  endloop
 endfacet

 facet normal 6.73400677e-08 1 0
  outer loop
  vertex 0 10.0985699 -14.875
  vertex 7.4250021 10.0985689 -14.875001
  vertex 7.4250021 10.0985689 -15.125001
  endloop
 endfacet

 facet normal 6.73400677e-08 1 0
  outer loop
  vertex 7.4250021 10.0985689 -14.875001
  vertex 14.8500004 10.0985689 -14.875001
  vertex 14.8500004 10.0985689 -15.125001
  endloop
 endfacet

 facet normal 6.73400677e-08 1 0
  outer loop
  vertex -14.8500004 10.0985708 -15.124999
  vertex -7.42500019 10.0985708 -14.874999
  vertex -7.42500019 10.0985708 -15.124999
  endloop
 endfacet

 facet normal 6.73400677e-08 1 0
  outer loop
  vertex -7.42500019 10.0985708 -14.874999
  vertex 0 10.0985699 -14.875
  vertex -7.42500019 10.0985708 -15.124999
  endloop
 endfacet

 facet normal 6.73400677e-08 1 0
  outer loop
  vertex 7.4250021 10.0985689 -15.125001
  vertex 0 10.0985699 -15.125
  vertex 0 10.0985699 -14.875
  endloop
 endfacet

 facet normal 6.73400677e-08 1 0
  outer loop
  vertex 0 10.0985699 -15.125
  vertex -7.42500019 10.0985708 -15.124999
  vertex 0 10.0985699 -14.875
  endloop
 endfacet

 facet normal 6.73400677e-08 1 0
  outer loop
  vertex 0 9.72356987 -15.125
  vertex 0 9.72356987 -15.25
  vertex -7.42500019 9.72357082 -15.249999
  endloop
 endfacet

 facet normal -6.73400677e-08 -1 0
  outer loop
  vertex -14.8500004 9.59857082 -14.874999
  vertex -14.8500004 9.59857082 -15.124999
  vertex -7.42500019 9.59856987 -15.124999
  endloop
 endfacet

 facet normal -6.73400677e-08 -1 0
  outer loop
  vertex 0 9.59856987 -15.125
  vertex 7.4250021 9.59856892 -15.125001
  vertex 7.4250021 9.59856892 -14.875001
  endloop
 endfacet

 facet normal -6.73400677e-08 -1 0
  outer loop
  vertex 7.4250021 9.59856892 -15.125001
  vertex 14.8500004 9.59856892 -15.125001
  vertex 14.8500004 9.59856892 -14.875001
  endloop
 endfacet

 facet normal -6.73400677e-08 -1 0
  outer loop
  vertex -14.8500004 9.59857082 -14.874999
  vertex -7.42500019 9.59856987 -15.124999
  vertex -7.42500019 9.59856987 -14.874999
  endloop
 endfacet

 facet normal -6.73400677e-08 -1 0
  outer loop
  vertex -7.42500019 9.59856987 -15.124999
  vertex 0 9.59856987 -15.125
  vertex -7.42500019 9.59856987 -14.874999
  endloop
 endfacet

 facet normal -6.73400677e-08 -1 0
  outer loop
  vertex 7.4250021 9.59856892 -14.875001
  vertex 0 9.59856987 -14.875
  vertex 0 9.59856987 -15.125
  endloop
 endfacet

 facet normal -6.73400677e-08 -1 0
  outer loop
  vertex 0 9.59856987 -14.875
  vertex -7.42500019 9.59856987 -14.874999
  vertex 0 9.59856987 -15.125
  endloop
 endfacet

 facet normal -1 0 0
  outer loop
  vertex -14.8500004 9.97357082 -14.874999
  vertex -14.8500004 10.0985708 -14.874999
  vertex -14.8500004 10.0985708 -15.124999
  endloop
 endfacet

 facet normal -1 0 0
  outer loop
  vertex -14.8500004 9.97357082 -15.124999
  vertex -14.8500004 9.84857082 -15.124999
  vertex -14.8500004 9.84857082 -14.874999
  endloop
 endfacet

 facet normal -1 0 0
  outer loop
  vertex -14.8500004 9.84857082 -15.124999
  vertex -14.8500004 9.72357082 -15.124999
  vertex -14.8500004 9.84857082 -14.874999
  endloop
 endfacet

 facet normal -1 0 0
  outer loop
  vertex -14.8500004 9.97357082 -14.874999
  vertex -14.8500004 10.0985708 -15.124999
  vertex -14.8500004 9.97357082 -15.124999
  endloop
 endfacet

 facet normal -1 0 0
  outer loop
  vertex -14.8500004 9.59857082 -14.874999
  vertex -14.8500004 9.72357082 -14.874999
  vertex -14.8500004 9.72357082 -15.124999
  endloop
 endfacet

 facet normal -1 0 0
  outer loop
  vertex -14.8500004 9.72357082 -14.874999
  vertex -14.8500004 9.84857082 -14.874999
  vertex -14.8500004 9.72357082 -15.124999
  endloop
 endfacet

 facet normal -1 0 0
  outer loop
  vertex -14.8500004 9.84857082 -14.874999
  vertex -14.8500004 9.97357082 -14.874999
  vertex -14.8500004 9.97357082 -15.124999
  endloop
 endfacet

 facet normal 1 0 0
  outer loop
  vertex 14.8500004 9.97356892 -15.125001
  vertex 14.8500004 10.0985689 -15.125001
  vertex 14.8500004 10.0985689 -14.875001
  endloop
 endfacet

 facet normal 1 0 0
  outer loop
  vertex 14.8500004 9.97356892 -14.875001
  vertex 14.8500004 9.84856892 -14.875001
  vertex 14.8500004 9.84856892 -15.125001
  endloop
 endfacet

 facet normal 1 0 0
  outer loop
  vertex 14.8500004 9.84856892 -14.875001
  vertex 14.8500004 9.72356892 -14.875001
  vertex 14.8500004 9.84856892 -15.125001
  endloop
 endfacet

 facet normal 1 0 0
  outer loop
  vertex 14.8500004 9.97356892 -15.125001
  vertex 14.8500004 10.0985689 -14.875001
  vertex 14.8500004 9.97356892 -14.875001
  endloop
 endfacet

 facet normal 1 0 0
  outer loop
  vertex 14.8500004 9.59856892 -15.125001
  vertex 14.8500004 9.72356892 -15.125001
  vertex 14.8500004 9.72356892 -14.875001
  endloop
 endfacet

 facet normal 1 0 0
  outer loop
  vertex 14.8500004 9.72356892 -15.125001
  vertex 14.8500004 9.84856892 -15.125001
  vertex 14.8500004 9.72356892 -14.875001
  endloop
 endfacet

 facet normal 1 0 0
  outer loop
  vertex 14.8500004 9.84856892 -15.125001
  vertex 14.8500004 9.97356892 -15.125001
  vertex 14.8500004 9.97356892 -14.875001
  endloop
 endfacet

 facet normal -6.73400677e-08 -1 0
  outer loop
  vertex 7.4250021 9.97356892 -15.125001
  vertex 7.4250021 9.97356892 -15.250001
  vertex 14.8500004 9.97356892 -15.250001
  endloop
 endfacet

 facet normal -6.73400677e-08 0 -1
  outer loop
  vertex 0 9.97356987 -15.125
  vertex 0 9.84856987 -15.125
  vertex -7.42500019 9.84857082 -15.124999
  endloop
 endfacet

 facet normal -6.73400677e-08 0 -1
  outer loop
  vertex 14.8500004 9.97356892 -15.125001
  vertex 14.8500004 9.84856892 -15.125001
  vertex 7.4250021 9.84856892 -15.125001
  endloop
 endfacet

 facet normal -6.73400677e-08 0 -1
  outer loop
  vertex 7.4250021 9.97356892 -15.125001
  vertex 7.4250021 9.84856892 -15.125001
  vertex 0 9.84856987 -15.125
  endloop
 endfacet

 facet normal 6.73400677e-08 1 0
  outer loop
  vertex 0 10.0985699 -15.125
  vertex 0 10.0985699 -15.25
  vertex -7.42500019 10.0985708 -15.249999
  endloop
 endfacet

 facet normal 6.73400677e-08 1 0
  outer loop
  vertex -7.42500019 9.72357082 -15.124999
  vertex -7.42500019 9.72357082 -15.249999
  vertex -14.8500004 9.72357082 -15.249999
  endloop
 endfacet

 facet normal -6.73400677e-08 0 -1
  outer loop
  vertex -7.42500019 9.97357082 -15.124999
  vertex -7.42500019 9.84857082 -15.124999
  vertex -14.8500004 9.84857082 -15.124999
  endloop
 endfacet

 facet normal -6.73400677e-08 -1 0
  outer loop
  vertex 7.4250021 9.59856892 -15.125001
  vertex 7.4250021 9.59856892 -15.250001
  vertex 14.8500004 9.59856892 -15.250001
  endloop
 endfacet

 facet normal 6.73400677e-08 1 0
  outer loop
  vertex 7.4250021 10.0985689 -15.125001
  vertex 7.4250021 10.0985689 -15.250001
  vertex 0 10.0985699 -15.25
  endloop
 endfacet

 facet normal -6.73400677e-08 -1 0
  outer loop
  vertex 0 9.97356987 -15.125
  vertex 0 9.97356987 -15.25
  vertex 7.4250021 9.97356892 -15.250001
  endloop
 endfacet

 facet normal -6.73400677e-08 0 -1
  outer loop
  vertex -7.42500019 9.84857082 -15.124999
  vertex -7.42500019 9.72357082 -15.124999
  vertex -14.8500004 9.72357082 -15.124999
  endloop
 endfacet

 facet normal -6.73400677e-08 0 -1
  outer loop
  vertex 0 9.84856987 -15.125
  vertex 0 9.72356987 -15.125
  vertex -7.42500019 9.72357082 -15.124999
  endloop
 endfacet

 facet normal 1 0 0
  outer loop
  vertex 14.8500004 9.97356892 -15.125001
  vertex 14.8500004 9.97356892 -15.250001
  vertex 14.8500004 10.0985689 -15.250001
  endloop
 endfacet

 facet normal -6.73400677e-08 0 -1
  outer loop
  vertex 7.4250021 9.84856892 -15.125001
  vertex 7.4250021 9.72356892 -15.125001
  vertex 0 9.72356987 -15.125
  endloop
 endfacet

 facet normal -6.73400677e-08 0 -1
  outer loop
  vertex 14.8500004 9.84856892 -15.125001
  vertex 14.8500004 9.72356892 -15.125001
  vertex 7.4250021 9.72356892 -15.125001
  endloop
 endfacet

 facet normal -6.73400677e-08 0 -1
  outer loop
  vertex 14.8500004 9.72356892 -15.250001
  vertex 14.8500004 9.59856892 -15.250001
  vertex 7.4250021 9.59856892 -15.250001
  endloop
 endfacet

 facet normal -6.73400677e-08 0 -1
  outer loop
  vertex 0 9.72356987 -15.25
  vertex 0 9.59856987 -15.25
  vertex -7.42500019 9.59856987 -15.249999
  endloop
 endfacet

 facet normal -6.73400677e-08 0 -1
  outer loop
  vertex 7.4250021 10.0985689 -15.250001
  vertex 7.4250021 9.97356892 -15.250001
  vertex 0 9.97356987 -15.25
  endloop
 endfacet

 facet normal -6.73400677e-08 0 -1
  outer loop
  vertex 14.8500004 10.0985689 -15.250001
  vertex 14.8500004 9.97356892 -15.250001
  vertex 7.4250021 9.97356892 -15.250001
  endloop
 endfacet

 facet normal -6.73400677e-08 0 -1
  outer loop
  vertex -7.42500019 10.0985708 -15.249999
  vertex -7.42500019 9.97357082 -15.249999
  vertex -14.8500004 9.97357082 -15.249999
  endloop
 endfacet

 facet normal -6.73400677e-08 0 -1
  outer loop
  vertex 0 10.0985699 -15.25
  vertex 0 9.97356987 -15.25
  vertex -7.42500019 9.97357082 -15.249999
  endloop
 endfacet

 facet normal -6.73400677e-08 0 -1
  outer loop
  vertex -7.42500019 9.72357082 -15.249999
  vertex -7.42500019 9.59856987 -15.249999
  vertex -14.8500004 9.59857082 -15.249999
  endloop
 endfacet

 facet normal -6.73400677e-08 0 -1
  outer loop
  vertex 7.4250021 9.72356892 -15.250001
  vertex 7.4250021 9.59856892 -15.250001
  vertex 0 9.59856987 -15.25
  endloop
 endfacet

 facet normal 6.73400677e-08 1 0
  outer loop
  vertex -7.42500019 10.0985708 -15.124999
  vertex -7.42500019 10.0985708 -15.249999
  vertex -14.8500004 10.0985708 -15.249999
  endloop
 endfacet

 facet normal -1 0 0
  outer loop
  vertex -14.8500004 10.0985708 -15.124999
  vertex -14.8500004 10.0985708 -15.249999
  vertex -14.8500004 9.97357082 -15.249999
  endloop
 endfacet

 facet normal -6.73400677e-08 -1 0
  outer loop
  vertex 0 9.59856987 -15.125
  vertex 0 9.59856987 -15.25
  vertex 7.4250021 9.59856892 -15.250001
  endloop
 endfacet

 facet normal 1 0 0
  outer loop
  vertex 14.8500004 9.59856892 -15.125001
  vertex 14.8500004 9.59856892 -15.250001
  vertex 14.8500004 9.72356892 -15.250001
  endloop
 endfacet

 facet normal -6.73400677e-08 -1 0
  outer loop
  vertex -7.42500019 9.59856987 -15.124999
  vertex -7.42500019 9.59856987 -15.249999
  vertex 0 9.59856987 -15.25
  endloop
 endfacet

 facet normal -6.73400677e-08 -1 0
  outer loop
  vertex -14.8500004 9.97357082 -15.124999
  vertex -14.8500004 9.97357082 -15.249999
  vertex -7.42500019 9.97357082 -15.249999
  endloop
 endfacet

 facet normal 6.73400677e-08 1 0
  outer loop
  vertex 7.4250021 9.72356892 -15.125001
  vertex 7.4250021 9.72356892 -15.250001
  vertex 0 9.72356987 -15.25
  endloop
 endfacet

 facet normal -6.73400677e-08 -1 0
  outer loop
  vertex -14.8500004 9.59857082 -15.124999
  vertex -14.8500004 9.59857082 -15.249999
  vertex -7.42500019 9.59856987 -15.249999
  endloop
 endfacet

 facet normal 6.73400677e-08 1 0
  outer loop
  vertex 14.8500004 10.0985689 -15.125001
  vertex 14.8500004 10.0985689 -15.250001
  vertex 7.4250021 10.0985689 -15.250001
  endloop
 endfacet

 facet normal -6.73400677e-08 -1 0
  outer loop
  vertex -7.42500019 9.97357082 -15.124999
  vertex -7.42500019 9.97357082 -15.249999
  vertex 0 9.97356987 -15.25
  endloop
 endfacet

 facet normal 6.73400677e-08 1 0
  outer loop
  vertex 14.8500004 9.72356892 -15.125001
  vertex 14.8500004 9.72356892 -15.250001
  vertex 7.4250021 9.72356892 -15.250001
  endloop
 endfacet

 facet normal -1 0 0
  outer loop
  vertex -14.8500004 9.72357082 -15.124999
  vertex -14.8500004 9.72357082 -15.249999
  vertex -14.8500004 9.59857082 -15.249999
  endloop
 endfacet

 facet normal -6.73400677e-08 -1 0
  outer loop
  vertex 14.8500004 9.59856892 -14.875001
  vertex 14.8500004 9.59856892 -14.750001
  vertex 7.4250021 9.59856892 -14.750001
  endloop
 endfacet

 facet normal 6.73400677e-08 0 1
  outer loop
  vertex 0 9.72356987 -14.875
  vertex 0 9.84856987 -14.875
  vertex -7.42500019 9.84857082 -14.874999
  endloop
 endfacet

 facet normal 6.73400677e-08 0 1
  outer loop
  vertex 14.8500004 9.72356892 -14.875001
  vertex 14.8500004 9.84856892 -14.875001
  vertex 7.4250021 9.84856892 -14.875001
  endloop
 endfacet

 facet normal 6.73400677e-08 0 1
  outer loop
  vertex 7.4250021 9.72356892 -14.875001
  vertex 7.4250021 9.84856892 -14.875001
  vertex 0 9.84856987 -14.875
  endloop
 endfacet

 facet normal -6.73400677e-08 -1 0
  outer loop
  vertex -7.42500019 9.59856987 -14.874999
  vertex -7.42500019 9.59856987 -14.749999
  vertex -14.8500004 9.59857082 -14.749999
  endloop
 endfacet

 facet normal -6.73400677e-08 -1 0
  outer loop
  vertex 14.8500004 9.97356892 -14.875001
  vertex 14.8500004 9.97356892 -14.750001
  vertex 7.4250021 9.97356892 -14.750001
  endloop
 endfacet

 facet normal 6.73400677e-08 0 1
  outer loop
  vertex -7.42500019 9.72357082 -14.874999
  vertex -7.42500019 9.84857082 -14.874999
  vertex -14.8500004 9.84857082 -14.874999
  endloop
 endfacet

 facet normal -1 0 0
  outer loop
  vertex -14.8500004 9.59857082 -14.874999
  vertex -14.8500004 9.59857082 -14.749999
  vertex -14.8500004 9.72357082 -14.749999
  endloop
 endfacet

 facet normal 6.73400677e-08 1 0
  outer loop
  vertex -7.42500019 9.72357082 -14.874999
  vertex -7.42500019 9.72357082 -14.749999
  vertex 0 9.72356987 -14.75
  endloop
 endfacet

 facet normal -1 0 0
  outer loop
  vertex -14.8500004 9.97357082 -14.874999
  vertex -14.8500004 9.97357082 -14.749999
  vertex -14.8500004 10.0985708 -14.749999
  endloop
 endfacet

 facet normal 6.73400677e-08 0 1
  outer loop
  vertex -7.42500019 9.84857082 -14.874999
  vertex -7.42500019 9.97357082 -14.874999
  vertex -14.8500004 9.97357082 -14.874999
  endloop
 endfacet

 facet normal 6.73400677e-08 0 1
  outer loop
  vertex 0 9.84856987 -14.875
  vertex 0 9.97356987 -14.875
  vertex -7.42500019 9.97357082 -14.874999
  endloop
 endfacet

 facet normal -6.73400677e-08 -1 0
  outer loop
  vertex 7.4250021 9.97356892 -14.875001
  vertex 7.4250021 9.97356892 -14.750001
  vertex 0 9.97356987 -14.75
  endloop
 endfacet

 facet normal 6.73400677e-08 0 1
  outer loop
  vertex 7.4250021 9.84856892 -14.875001
  vertex 7.4250021 9.97356892 -14.875001
  vertex 0 9.97356987 -14.875
  endloop
 endfacet

 facet normal 6.73400677e-08 0 1
  outer loop
  vertex 14.8500004 9.84856892 -14.875001
  vertex 14.8500004 9.97356892 -14.875001
  vertex 7.4250021 9.97356892 -14.875001
  endloop
 endfacet

 facet normal 6.73400677e-08 0 1
  outer loop
  vertex 14.8500004 9.97356892 -14.750001
  vertex 14.8500004 10.0985689 -14.750001
  vertex 7.4250021 10.0985689 -14.750001
  endloop
 endfacet

 facet normal 6.73400677e-08 0 1
  outer loop
  vertex 0 9.97356987 -14.75
  vertex 0 10.0985699 -14.75
  vertex -7.42500019 10.0985708 -14.749999
  endloop
 endfacet

 facet normal 6.73400677e-08 0 1
  outer loop
  vertex 7.4250021 9.59856892 -14.750001
  vertex 7.4250021 9.72356892 -14.750001
  vertex 0 9.72356987 -14.75
  endloop
 endfacet

 facet normal 6.73400677e-08 0 1
  outer loop
  vertex 14.8500004 9.59856892 -14.750001
  vertex 14.8500004 9.72356892 -14.750001
  vertex 7.4250021 9.72356892 -14.750001
  endloop
 endfacet

 facet normal 6.73400677e-08 0 1
  outer loop
  vertex -7.42500019 9.59856987 -14.749999
  vertex -7.42500019 9.72357082 -14.749999
  vertex -14.8500004 9.72357082 -14.749999
  endloop
 endfacet

 facet normal 6.73400677e-08 0 1
  outer loop
  vertex 0 9.59856987 -14.75
  vertex 0 9.72356987 -14.75
  vertex -7.42500019 9.72357082 -14.749999
  endloop
 endfacet

 facet normal 6.73400677e-08 0 1
  outer loop
  vertex -7.42500019 9.97357082 -14.749999
  vertex -7.42500019 10.0985708 -14.749999
  vertex -14.8500004 10.0985708 -14.749999
  endloop
 endfacet

 facet normal 6.73400677e-08 0 1
  outer loop
  vertex 7.4250021 9.97356892 -14.750001
  vertex 7.4250021 10.0985689 -14.750001
  vertex 0 10.0985699 -14.75
  endloop
 endfacet

 facet normal 6.73400677e-08 1 0
  outer loop
  vertex 0 9.72356987 -14.875
  vertex 0 9.72356987 -14.75
  vertex 7.4250021 9.72356892 -14.750001
  endloop
 endfacet

 facet normal 1 0 0
  outer loop
  vertex 14.8500004 10.0985689 -14.875001
  vertex 14.8500004 10.0985689 -14.750001
  vertex 14.8500004 9.97356892 -14.750001
  endloop
 endfacet

 facet normal 6.73400677e-08 1 0
  outer loop
  vertex 7.4250021 10.0985689 -14.875001
  vertex 7.4250021 10.0985689 -14.750001
  vertex 14.8500004 10.0985689 -14.750001
  endloop
 endfacet

 facet normal -6.73400677e-08 -1 0
  outer loop
  vertex -7.42500019 9.97357082 -14.874999
  vertex -7.42500019 9.97357082 -14.749999
  vertex -14.8500004 9.97357082 -14.749999
  endloop
 endfacet

 facet normal 6.73400677e-08 1 0
  outer loop
  vertex 7.4250021 9.72356892 -14.875001
  vertex 7.4250021 9.72356892 -14.750001
  vertex 14.8500004 9.72356892 -14.750001
  endloop
 endfacet

 facet normal 6.73400677e-08 1 0
  outer loop
  vertex -14.8500004 10.0985708 -14.874999
  vertex -14.8500004 10.0985708 -14.749999
  vertex -7.42500019 10.0985708 -14.749999
  endloop
 endfacet

 facet normal -6.73400677e-08 -1 0
  outer loop
  vertex 0 9.59856987 -14.875
  vertex 0 9.59856987 -14.75
  vertex -7.42500019 9.59856987 -14.749999
  endloop
 endfacet

 facet normal -6.73400677e-08 -1 0
  outer loop
  vertex 0 9.97356987 -14.875
  vertex 0 9.97356987 -14.75
  vertex -7.42500019 9.97357082 -14.749999
  endloop
 endfacet

 facet normal -6.73400677e-08 -1 0
  outer loop
  vertex 7.4250021 9.59856892 -14.875001
  vertex 7.4250021 9.59856892 -14.750001
  vertex 0 9.59856987 -14.75
  endloop
 endfacet

 facet normal 6.73400677e-08 1 0
  outer loop
  vertex 0 10.0985699 -14.875
  vertex 0 10.0985699 -14.75
  vertex 7.4250021 10.0985689 -14.750001
  endloop
 endfacet

 facet normal 6.73400677e-08 1 0
  outer loop
  vertex -7.42500019 10.0985708 -14.874999
  vertex -7.42500019 10.0985708 -14.749999
  vertex 0 10.0985699 -14.75
  endloop
 endfacet

 facet normal 6.73400677e-08 1 0
  outer loop
  vertex -14.8500004 9.72357082 -14.874999
  vertex -14.8500004 9.72357082 -14.749999
  vertex -7.42500019 9.72357082 -14.749999
  endloop
 endfacet

 facet normal 6.73400677e-08 1 0
  outer loop
  vertex -7.54874992 9.59856987 -14.874999
  vertex -7.67250061 9.59856987 -14.874999
  vertex -7.67250061 9.59856987 -14.749999
  endloop
 endfacet

 facet normal -6.73400251e-08 7.52900064e-07 -1
  outer loop
  vertex -7.30124903 0.0985689163 -15.249999
  vertex -7.54874992 0.0985689163 -15.249999
  vertex -7.54874992 2.47356892 -15.249999
  endloop
 endfacet

 facet normal -6.73400677e-08 0 -1
  outer loop
  vertex -7.54874992 4.84856892 -15.249999
  vertex -7.54874992 7.22356892 -15.249999
  vertex -7.30124903 4.84856892 -15.249999
  endloop
 endfacet

 facet normal -6.73400677e-08 0 -1
  outer loop
  vertex -7.54874992 7.22356892 -15.249999
  vertex -7.54874992 9.59856987 -15.249999
  vertex -7.30124903 7.22356892 -15.249999
  endloop
 endfacet

 facet normal -6.73400677e-08 0 -1
  outer loop
  vertex -7.30124903 4.84856892 -15.249999
  vertex -7.54874992 7.22356892 -15.249999
  vertex -7.30124903 7.22356892 -15.249999
  endloop
 endfacet

 facet normal -6.73400677e-08 0 -1
  outer loop
  vertex -7.30124903 0.0985689163 -15.249999
  vertex -7.54874992 2.47356892 -15.249999
  vertex -7.30124903 2.47356892 -15.249999
  endloop
 endfacet

 facet normal -6.73400677e-08 0 -1
  outer loop
  vertex -7.54874992 2.47356892 -15.249999
  vertex -7.54874992 4.84856892 -15.249999
  vertex -7.30124903 2.47356892 -15.249999
  endloop
 endfacet

 facet normal -6.73400677e-08 0 -1
  outer loop
  vertex -7.30124903 4.84856892 -15.249999
  vertex -7.30124903 2.47356892 -15.249999
  vertex -7.54874992 4.84856892 -15.249999
  endloop
 endfacet

 facet normal -6.73400677e-08 0 -1
  outer loop
  vertex -7.30124903 4.84856892 -14.874999
  vertex -7.17749977 4.84856892 -14.874999
  vertex -7.17749977 2.47356892 -14.874999
  endloop
 endfacet

 facet normal 6.73400393e-08 -3.76449492e-07 1
  outer loop
  vertex -7.54874992 0.0985689163 -14.749999
  vertex -7.30124903 0.0985689163 -14.749999
  vertex -7.30124903 2.47356892 -14.749999
  endloop
 endfacet

 facet normal 6.73400677e-08 0 1
  outer loop
  vertex -7.30124903 4.84856892 -14.749999
  vertex -7.30124903 7.22356892 -14.749999
  vertex -7.54874992 7.22356892 -14.749999
  endloop
 endfacet

 facet normal 6.73400677e-08 0 1
  outer loop
  vertex -7.30124903 7.22356892 -14.749999
  vertex -7.30124903 9.59856987 -14.749999
  vertex -7.54874992 7.22356892 -14.749999
  endloop
 endfacet

 facet normal 6.73400677e-08 0 1
  outer loop
  vertex -7.30124903 4.84856892 -14.749999
  vertex -7.54874992 7.22356892 -14.749999
  vertex -7.54874992 4.84856892 -14.749999
  endloop
 endfacet

 facet normal 6.73401175e-08 7.52900064e-07 1
  outer loop
  vertex -7.54874992 0.0985689163 -14.749999
  vertex -7.30124903 2.47356892 -14.749999
  vertex -7.54874992 2.47356892 -14.749999
  endloop
 endfacet

 facet normal 6.73400677e-08 0 1
  outer loop
  vertex -7.30124903 2.47356892 -14.749999
  vertex -7.30124903 4.84856892 -14.749999
  vertex -7.54874992 2.47356892 -14.749999
  endloop
 endfacet

 facet normal 6.73400677e-08 0 1
  outer loop
  vertex -7.54874992 4.84856892 -14.749999
  vertex -7.54874992 2.47356892 -14.749999
  vertex -7.30124903 4.84856892 -14.749999
  endloop
 endfacet

 facet normal -6.73400677e-08 -1 0
  outer loop
  vertex -7.54874992 0.0985689163 -15.124999
  vertex -7.54874992 0.0985689163 -15.249999
  vertex -7.30124903 0.0985689163 -15.249999
  endloop
 endfacet

 facet normal -6.73400677e-08 -1 0
  outer loop
  vertex -7.30124903 0.0985689163 -15.124999
  vertex -7.30124903 0.0985689163 -14.999999
  vertex -7.54874992 0.0985689163 -14.999999
  endloop
 endfacet

 facet normal -6.73400677e-08 -1 0
  outer loop
  vertex -7.30124903 0.0985689163 -14.999999
  vertex -7.30124903 0.0985689163 -14.874999
  vertex -7.54874992 0.0985689163 -14.999999
  endloop
 endfacet

 facet normal -6.73400677e-08 -1 0
  outer loop
  vertex -7.54874992 0.0985689163 -15.124999
  vertex -7.30124903 0.0985689163 -15.249999
  vertex -7.30124903 0.0985689163 -15.124999
  endloop
 endfacet

 facet normal -6.73400677e-08 -1 0
  outer loop
  vertex -7.54874992 0.0985689163 -14.749999
  vertex -7.54874992 0.0985689163 -14.874999
  vertex -7.30124903 0.0985689163 -14.874999
  endloop
 endfacet

 facet normal -6.73400677e-08 -1 0
  outer loop
  vertex -7.54874992 0.0985689163 -14.874999
  vertex -7.54874992 0.0985689163 -14.999999
  vertex -7.30124903 0.0985689163 -14.874999
  endloop
 endfacet

 facet normal -6.73400677e-08 -1 0
  outer loop
  vertex -7.54874992 0.0985689163 -14.999999
  vertex -7.54874992 0.0985689163 -15.124999
  vertex -7.30124903 0.0985689163 -15.124999
  endloop
 endfacet

 facet normal 6.73400677e-08 1 0
  outer loop
  vertex -7.30124903 9.59856987 -15.124999
  vertex -7.30124903 9.59856987 -15.249999
  vertex -7.54874992 9.59856987 -15.249999
  endloop
 endfacet

 facet normal 6.73400677e-08 1 0
  outer loop
  vertex -7.54874992 9.59856987 -15.124999
  vertex -7.54874992 9.59856987 -14.999999
  vertex -7.30124903 9.59856987 -14.999999
  endloop
 endfacet

 facet normal 6.73400677e-08 1 0
  outer loop
  vertex -7.54874992 9.59856987 -14.999999
  vertex -7.54874992 9.59856987 -14.874999
  vertex -7.30124903 9.59856987 -14.999999
  endloop
 endfacet

 facet normal 6.73400677e-08 1 0
  outer loop
  vertex -7.30124903 9.59856987 -15.124999
  vertex -7.54874992 9.59856987 -15.249999
  vertex -7.54874992 9.59856987 -15.124999
  endloop
 endfacet

 facet normal 6.73400677e-08 1 0
  outer loop
  vertex -7.30124903 9.59856987 -14.749999
  vertex -7.30124903 9.59856987 -14.874999
  vertex -7.54874992 9.59856987 -14.874999
  endloop
 endfacet

 facet normal 6.73400677e-08 1 0
  outer loop
  vertex -7.30124903 9.59856987 -14.874999
  vertex -7.30124903 9.59856987 -14.999999
  vertex -7.54874992 9.59856987 -14.874999
  endloop
 endfacet

 facet normal 6.73400677e-08 1 0
  outer loop
  vertex -7.30124903 9.59856987 -14.999999
  vertex -7.30124903 9.59856987 -15.124999
  vertex -7.54874992 9.59856987 -15.124999
  endloop
 endfacet

 facet normal 6.73400677e-08 0 1
  outer loop
  vertex -7.30124903 7.22356892 -15.124999
  vertex -7.17749977 7.22356892 -15.124999
  vertex -7.17749977 9.59856987 -15.124999
  endloop
 endfacet

 facet normal 1 0 0
  outer loop
  vertex -7.30124903 4.84856892 -15.124999
  vertex -7.30124903 4.84856892 -14.999999
  vertex -7.30124903 2.47356892 -14.999999
  endloop
 endfacet

 facet normal 1 0 0
  outer loop
  vertex -7.30124903 9.59856987 -15.124999
  vertex -7.30124903 9.59856987 -14.999999
  vertex -7.30124903 7.22356892 -14.999999
  endloop
 endfacet

 facet normal 1 0 0
  outer loop
  vertex -7.30124903 7.22356892 -15.124999
  vertex -7.30124903 7.22356892 -14.999999
  vertex -7.30124903 4.84856892 -14.999999
  endloop
 endfacet

 facet normal -6.73400677e-08 0 -1
  outer loop
  vertex -7.30124903 4.84856892 -15.249999
  vertex -7.17749977 4.84856892 -15.249999
  vertex -7.17749977 2.47356892 -15.249999
  endloop
 endfacet

 facet normal -6.73400677e-08 0 -1
  outer loop
  vertex -7.30124903 2.47356892 -14.874999
  vertex -7.17749977 2.47356892 -14.874999
  vertex -7.17749977 0.0985689163 -14.874999
  endloop
 endfacet

 facet normal 1 0 0
  outer loop
  vertex -7.30124903 2.47356892 -15.124999
  vertex -7.30124903 2.47356892 -14.999999
  vertex -7.30124903 0.0985689163 -14.999999
  endloop
 endfacet

 facet normal 6.73400677e-08 0 1
  outer loop
  vertex -7.30124903 7.22356892 -14.749999
  vertex -7.17749977 7.22356892 -14.749999
  vertex -7.17749977 9.59856987 -14.749999
  endloop
 endfacet

 facet normal -6.73401175e-08 -7.52905066e-07 -1
  outer loop
  vertex -7.30124903 7.22356892 -15.249999
  vertex -7.17749977 7.22356892 -15.249999
  vertex -7.17749977 4.84856892 -15.249999
  endloop
 endfacet

 facet normal 6.73400962e-08 3.76447019e-07 1
  outer loop
  vertex -7.30124903 4.84856892 -15.124999
  vertex -7.17749977 4.84856892 -15.124999
  vertex -7.17749977 7.22356892 -15.124999
  endloop
 endfacet

 facet normal 1 0 0
  outer loop
  vertex -7.30124903 2.47356892 -14.999999
  vertex -7.30124903 2.47356892 -14.874999
  vertex -7.30124903 0.0985689163 -14.874999
  endloop
 endfacet

 facet normal 1 0 0
  outer loop
  vertex -7.30124903 4.84856892 -14.999999
  vertex -7.30124903 4.84856892 -14.874999
  vertex -7.30124903 2.47356892 -14.874999
  endloop
 endfacet

 facet normal 6.73400677e-08 1 0
  outer loop
  vertex -7.30124903 9.59856987 -15.124999
  vertex -7.17749977 9.59856987 -15.124999
  vertex -7.17749977 9.59856987 -15.249999
  endloop
 endfacet

 facet normal 1 0 0
  outer loop
  vertex -7.30124903 7.22356892 -14.999999
  vertex -7.30124903 7.22356892 -14.874999
  vertex -7.30124903 4.84856892 -14.874999
  endloop
 endfacet

 facet normal 1 0 0
  outer loop
  vertex -7.30124903 9.59856987 -14.999999
  vertex -7.30124903 9.59856987 -14.874999
  vertex -7.30124903 7.22356892 -14.874999
  endloop
 endfacet

 facet normal 1 0 0
  outer loop
  vertex -7.17749977 9.59856987 -14.874999
  vertex -7.17749977 9.59856987 -14.749999
  vertex -7.17749977 7.22356892 -14.749999
  endloop
 endfacet

 facet normal 1 0 0
  outer loop
  vertex -7.17749977 4.84856892 -14.874999
  vertex -7.17749977 4.84856892 -14.749999
  vertex -7.17749977 2.47356892 -14.749999
  endloop
 endfacet

 facet normal 1 0 0
  outer loop
  vertex -7.17749977 7.22356892 -15.249999
  vertex -7.17749977 7.22356892 -15.124999
  vertex -7.17749977 4.84856892 -15.124999
  endloop
 endfacet

 facet normal 1 0 0
  outer loop
  vertex -7.17749977 9.59856987 -15.249999
  vertex -7.17749977 9.59856987 -15.124999
  vertex -7.17749977 7.22356892 -15.124999
  endloop
 endfacet

 facet normal 1 0 0
  outer loop
  vertex -7.17749977 2.47356892 -15.249999
  vertex -7.17749977 2.47356892 -15.124999
  vertex -7.17749977 0.0985689163 -15.124999
  endloop
 endfacet

 facet normal 1 0 0
  outer loop
  vertex -7.17749977 4.84856892 -15.249999
  vertex -7.17749977 4.84856892 -15.124999
  vertex -7.17749977 2.47356892 -15.124999
  endloop
 endfacet

 facet normal 1 0 0
  outer loop
  vertex -7.17749977 2.47356892 -14.874999
  vertex -7.17749977 2.47356892 -14.749999
  vertex -7.17749977 0.0985689163 -14.749999
  endloop
 endfacet

 facet normal 1 0 0
  outer loop
  vertex -7.17749977 7.22356892 -14.874999
  vertex -7.17749977 7.22356892 -14.749999
  vertex -7.17749977 4.84856892 -14.749999
  endloop
 endfacet

 facet normal -6.73400677e-08 0 -1
  outer loop
  vertex -7.30124903 2.47356892 -15.249999
  vertex -7.17749977 2.47356892 -15.249999
  vertex -7.17749977 0.0985689163 -15.249999
  endloop
 endfacet

 facet normal -6.73400677e-08 -1 0
  outer loop
  vertex -7.30124903 0.0985689163 -15.249999
  vertex -7.17749977 0.0985689163 -15.249999
  vertex -7.17749977 0.0985689163 -15.124999
  endloop
 endfacet

 facet normal 6.73400677e-08 0 1
  outer loop
  vertex -7.30124903 4.84856892 -14.749999
  vertex -7.17749977 4.84856892 -14.749999
  vertex -7.17749977 7.22356892 -14.749999
  endloop
 endfacet

 facet normal 6.73400677e-08 1 0
  outer loop
  vertex -7.30124903 9.59856987 -14.749999
  vertex -7.17749977 9.59856987 -14.749999
  vertex -7.17749977 9.59856987 -14.874999
  endloop
 endfacet

 facet normal 6.73400677e-08 0 1
  outer loop
  vertex -7.30124903 2.47356892 -14.749999
  vertex -7.17749977 2.47356892 -14.749999
  vertex -7.17749977 4.84856892 -14.749999
  endloop
 endfacet

 facet normal 6.73400677e-08 0 1
  outer loop
  vertex -7.30124903 0.0985689163 -15.124999
  vertex -7.17749977 0.0985689163 -15.124999
  vertex -7.17749977 2.47356892 -15.124999
  endloop
 endfacet

 facet normal -6.73400393e-08 3.76451538e-07 -1
  outer loop
  vertex -7.30124903 7.22356892 -14.874999
  vertex -7.17749977 7.22356892 -14.874999
  vertex -7.17749977 4.84856892 -14.874999
  endloop
 endfacet

 facet normal 6.73400677e-08 0 1
  outer loop
  vertex -7.30124903 0.0985689163 -14.749999
  vertex -7.17749977 0.0985689163 -14.749999
  vertex -7.17749977 2.47356892 -14.749999
  endloop
 endfacet

 facet normal -6.73400677e-08 0 -1
  outer loop
  vertex -7.30124903 9.59856987 -15.249999
  vertex -7.17749977 9.59856987 -15.249999
  vertex -7.17749977 7.22356892 -15.249999
  endloop
 endfacet

 facet normal 6.73400677e-08 0 1
  outer loop
  vertex -7.30124903 2.47356892 -15.124999
  vertex -7.17749977 2.47356892 -15.124999
  vertex -7.17749977 4.84856892 -15.124999
  endloop
 endfacet

 facet normal -6.73400677e-08 0 -1
  outer loop
  vertex -7.30124903 9.59856987 -14.874999
  vertex -7.17749977 9.59856987 -14.874999
  vertex -7.17749977 7.22356892 -14.874999
  endloop
 endfacet

 facet normal -6.73400677e-08 -1 0
  outer loop
  vertex -7.30124903 0.0985689163 -14.874999
  vertex -7.17749977 0.0985689163 -14.874999
  vertex -7.17749977 0.0985689163 -14.749999
  endloop
 endfacet

 facet normal 6.73400677e-08 0 1
  outer loop
  vertex -7.54874992 9.59856987 -14.749999
  vertex -7.67250061 9.59856987 -14.749999
  vertex -7.67250061 7.22356892 -14.749999
  endloop
 endfacet

 facet normal -1 0 0
  outer loop
  vertex -7.54874992 4.84856892 -14.874999
  vertex -7.54874992 4.84856892 -14.999999
  vertex -7.54874992 2.47356892 -14.999999
  endloop
 endfacet

 facet normal -1 0 0
  outer loop
  vertex -7.54874992 9.59856987 -14.874999
  vertex -7.54874992 9.59856987 -14.999999
  vertex -7.54874992 7.22356892 -14.999999
  endloop
 endfacet

 facet normal -1 0 0
  outer loop
  vertex -7.54874992 7.22356892 -14.874999
  vertex -7.54874992 7.22356892 -14.999999
  vertex -7.54874992 4.84856892 -14.999999
  endloop
 endfacet

 facet normal 6.73400677e-08 0 1
  outer loop
  vertex -7.54874992 2.47356892 -14.749999
  vertex -7.67250061 2.47356892 -14.749999
  vertex -7.67250061 0.0985689163 -14.749999
  endloop
 endfacet

 facet normal 6.73400677e-08 0 1
  outer loop
  vertex -7.54874992 9.59856987 -15.124999
  vertex -7.67250061 9.59856987 -15.124999
  vertex -7.67250061 7.22356892 -15.124999
  endloop
 endfacet

 facet normal -1 0 0
  outer loop
  vertex -7.54874992 2.47356892 -14.874999
  vertex -7.54874992 2.47356892 -14.999999
  vertex -7.54874992 0.0985689163 -14.999999
  endloop
 endfacet

 facet normal -6.73400677e-08 -1 0
  outer loop
  vertex -7.54874992 0.0985689163 -14.749999
  vertex -7.67250061 0.0985689163 -14.749999
  vertex -7.67250061 0.0985689163 -14.874999
  endloop
 endfacet

 facet normal -6.73400677e-08 0 -1
  outer loop
  vertex -7.54874992 2.47356892 -14.874999
  vertex -7.67250061 2.47356892 -14.874999
  vertex -7.67250061 4.84856892 -14.874999
  endloop
 endfacet

 facet normal -6.73400677e-08 -1 0
  outer loop
  vertex -7.54874992 0.0985689163 -15.124999
  vertex -7.67250061 0.0985689163 -15.124999
  vertex -7.67250061 0.0985689163 -15.249999
  endloop
 endfacet

 facet normal -1 0 0
  outer loop
  vertex -7.54874992 2.47356892 -14.999999
  vertex -7.54874992 2.47356892 -15.124999
  vertex -7.54874992 0.0985689163 -15.124999
  endloop
 endfacet

 facet normal -1 0 0
  outer loop
  vertex -7.54874992 4.84856892 -14.999999
  vertex -7.54874992 4.84856892 -15.124999
  vertex -7.54874992 2.47356892 -15.124999
  endloop
 endfacet

 facet normal 6.73400677e-08 0 1
  outer loop
  vertex -7.54874992 7.22356892 -15.124999
  vertex -7.67250061 7.22356892 -15.124999
  vertex -7.67250061 4.84856892 -15.124999
  endloop
 endfacet

 facet normal -1 0 0
  outer loop
  vertex -7.54874992 7.22356892 -14.999999
  vertex -7.54874992 7.22356892 -15.124999
  vertex -7.54874992 4.84856892 -15.124999
  endloop
 endfacet

 facet normal -1 0 0
  outer loop
  vertex -7.54874992 9.59856987 -14.999999
  vertex -7.54874992 9.59856987 -15.124999
  vertex -7.54874992 7.22356892 -15.124999
  endloop
 endfacet

 facet normal -1 0 0
  outer loop
  vertex -7.67250061 9.59856987 -15.124999
  vertex -7.67250061 9.59856987 -15.249999
  vertex -7.67250061 7.22356892 -15.249999
  endloop
 endfacet

 facet normal -1 0 0
  outer loop
  vertex -7.67250061 4.84856892 -15.124999
  vertex -7.67250061 4.84856892 -15.249999
  vertex -7.67250061 2.47356892 -15.249999
  endloop
 endfacet

 facet normal -1 0 0
  outer loop
  vertex -7.67250061 7.22356892 -14.749999
  vertex -7.67250061 7.22356892 -14.874999
  vertex -7.67250061 4.84856892 -14.874999
  endloop
 endfacet

 facet normal -1 0 0
  outer loop
  vertex -7.67250061 9.59856987 -14.749999
  vertex -7.67250061 9.59856987 -14.874999
  vertex -7.67250061 7.22356892 -14.874999
  endloop
 endfacet

 facet normal -1 0 0
  outer loop
  vertex -7.67250061 2.47356892 -14.749999
  vertex -7.67250061 2.47356892 -14.874999
  vertex -7.67250061 0.0985689163 -14.874999
  endloop
 endfacet

 facet normal -1 0 0
  outer loop
  vertex -7.67250061 4.84856892 -14.749999
  vertex -7.67250061 4.84856892 -14.874999
  vertex -7.67250061 2.47356892 -14.874999
  endloop
 endfacet

 facet normal -1 0 0
  outer loop
  vertex -7.67250061 2.47356892 -15.124999
  vertex -7.67250061 2.47356892 -15.249999
  vertex -7.67250061 0.0985689163 -15.249999
  endloop
 endfacet

 facet normal -1 0 0
  outer loop
  vertex -7.67250061 7.22356892 -15.124999
  vertex -7.67250061 7.22356892 -15.249999
  vertex -7.67250061 4.84856892 -15.249999
  endloop
 endfacet

 facet normal -6.73400677e-08 0 -1
  outer loop
  vertex -7.54874992 4.84856892 -14.874999
  vertex -7.67250061 4.84856892 -14.874999
  vertex -7.67250061 7.22356892 -14.874999
  endloop
 endfacet

 facet normal 6.73400677e-08 1 0
  outer loop
  vertex -7.54874992 9.59856987 -15.249999
  vertex -7.67250061 9.59856987 -15.249999
  vertex -7.67250061 9.59856987 -15.124999
  endloop
 endfacet

 facet normal -6.73400677e-08 0 -1
  outer loop
  vertex -7.54874992 7.22356892 -15.249999
  vertex -7.67250061 7.22356892 -15.249999
  vertex -7.67250061 9.59856987 -15.249999
  endloop
 endfacet

 facet normal 6.73400677e-08 0 1
  outer loop
  vertex -7.54874992 2.47356892 -15.124999
  vertex -7.67250061 2.47356892 -15.124999
  vertex -7.67250061 0.0985689163 -15.124999
  endloop
 endfacet

 facet normal -6.73400677e-08 0 -1
  outer loop
  vertex -7.54874992 7.22356892 -14.874999
  vertex -7.67250061 7.22356892 -14.874999
  vertex -7.67250061 9.59856987 -14.874999
  endloop
 endfacet

 facet normal -6.73400677e-08 0 -1
  outer loop
  vertex -7.54874992 0.0985689163 -15.249999
  vertex -7.67250061 0.0985689163 -15.249999
  vertex -7.67250061 2.47356892 -15.249999
  endloop
 endfacet

 facet normal 6.73400677e-08 0 1
  outer loop
  vertex -7.54874992 4.84856892 -14.749999
  vertex -7.67250061 4.84856892 -14.749999
  vertex -7.67250061 2.47356892 -14.749999
  endloop
 endfacet

 facet normal 6.73400677e-08 0 1
  outer loop
  vertex -7.54874992 4.84856892 -15.124999
  vertex -7.67250061 4.84856892 -15.124999
  vertex -7.67250061 2.47356892 -15.124999
  endloop
 endfacet

 facet normal 6.73400677e-08 0 1
  outer loop
  vertex -7.54874992 7.22356892 -14.749999
  vertex -7.67250061 7.22356892 -14.749999
  vertex -7.67250061 4.84856892 -14.749999
  endloop
 endfacet

 facet normal -6.73400677e-08 0 -1
  outer loop
  vertex -7.54874992 4.84856892 -15.249999
  vertex -7.67250061 4.84856892 -15.249999
  vertex -7.67250061 7.22356892 -15.249999
  endloop
 endfacet

 facet normal -6.73400677e-08 0 -1
  outer loop
  vertex -7.54874992 2.47356892 -15.249999
  vertex -7.67250061 2.47356892 -15.249999
  vertex -7.67250061 4.84856892 -15.249999
  endloop
 endfacet

 facet normal -6.73400677e-08 0 -1
  outer loop
  vertex -7.54874992 0.0985689163 -14.874999
  vertex -7.67250061 0.0985689163 -14.874999
  vertex -7.67250061 2.47356892 -14.874999
  endloop
 endfacet

 facet normal 6.73400677e-08 1 0
  outer loop
  vertex 7.30124903 9.59856987 7.62499952
  vertex 7.17749977 9.59856987 7.62499952
  vertex 7.17749977 9.59856987 7.74999952
  endloop
 endfacet

 facet normal -6.73400677e-08 0 -1
  outer loop
  vertex 7.54874992 0.09856987 7.24999952
  vertex 7.30124903 0.09856987 7.24999952
  vertex 7.30124903 2.47357035 7.24999952
  endloop
 endfacet

 facet normal -6.73400677e-08 0 -1
  outer loop
  vertex 7.30124903 2.47357035 7.24999952
  vertex 7.30124903 4.84857035 7.24999952
  vertex 7.54874992 4.84857035 7.24999952
  endloop
 endfacet

 facet normal -6.73400677e-08 0 -1
  outer loop
  vertex 7.30124903 4.84857035 7.24999952
  vertex 7.30124903 7.22357035 7.24999952
  vertex 7.54874992 4.84857035 7.24999952
  endloop
 endfacet

 facet normal -6.73400677e-08 0 -1
  outer loop
  vertex 7.54874992 2.47357035 7.24999952
  vertex 7.54874992 0.09856987 7.24999952
  vertex 7.30124903 2.47357035 7.24999952
  endloop
 endfacet

 facet normal -6.73400677e-08 0 -1
  outer loop
  vertex 7.54874992 9.59856987 7.24999952
  vertex 7.54874992 7.22357035 7.24999952
  vertex 7.30124903 7.22357035 7.24999952
  endloop
 endfacet

 facet normal -6.73400677e-08 0 -1
  outer loop
  vertex 7.54874992 7.22357035 7.24999952
  vertex 7.54874992 4.84857035 7.24999952
  vertex 7.30124903 7.22357035 7.24999952
  endloop
 endfacet

 facet normal -6.73400677e-08 0 -1
  outer loop
  vertex 7.54874992 4.84857035 7.24999952
  vertex 7.54874992 2.47357035 7.24999952
  vertex 7.30124903 2.47357035 7.24999952
  endloop
 endfacet

 facet normal -6.73400677e-08 0 -1
  outer loop
  vertex 7.54874992 4.84857035 7.62499952
  vertex 7.67250061 4.84857035 7.62499952
  vertex 7.67250061 2.47357035 7.62499952
  endloop
 endfacet

 facet normal 6.73400677e-08 0 1
  outer loop
  vertex 7.30124903 0.09856987 7.74999952
  vertex 7.54874992 0.09856987 7.74999952
  vertex 7.54874992 2.47357035 7.74999952
  endloop
 endfacet

 facet normal 6.73400677e-08 0 1
  outer loop
  vertex 7.54874992 4.84857035 7.74999952
  vertex 7.54874992 7.22357035 7.74999952
  vertex 7.30124903 4.84857035 7.74999952
  endloop
 endfacet

 facet normal 6.73400677e-08 0 1
  outer loop
  vertex 7.54874992 7.22357035 7.74999952
  vertex 7.54874992 9.59856987 7.74999952
  vertex 7.30124903 7.22357035 7.74999952
  endloop
 endfacet

 facet normal 6.73400677e-08 0 1
  outer loop
  vertex 7.30124903 4.84857035 7.74999952
  vertex 7.54874992 7.22357035 7.74999952
  vertex 7.30124903 7.22357035 7.74999952
  endloop
 endfacet

 facet normal 6.73400677e-08 0 1
  outer loop
  vertex 7.30124903 0.09856987 7.74999952
  vertex 7.54874992 2.47357035 7.74999952
  vertex 7.30124903 2.47357035 7.74999952
  endloop
 endfacet

 facet normal 6.73400677e-08 0 1
  outer loop
  vertex 7.54874992 2.47357035 7.74999952
  vertex 7.54874992 4.84857035 7.74999952
  vertex 7.30124903 2.47357035 7.74999952
  endloop
 endfacet

 facet normal 6.73400677e-08 0 1
  outer loop
  vertex 7.30124903 4.84857035 7.74999952
  vertex 7.30124903 2.47357035 7.74999952
  vertex 7.54874992 4.84857035 7.74999952
  endloop
 endfacet

 facet normal -6.73400677e-08 -1 0
  outer loop
  vertex 7.30124903 0.09856987 7.37499952
  vertex 7.30124903 0.09856987 7.24999952
  vertex 7.54874992 0.09856987 7.24999952
  endloop
 endfacet

 facet normal -6.73400677e-08 -1 0
  outer loop
  vertex 7.54874992 0.09856987 7.37499952
  vertex 7.54874992 0.09856987 7.49999952
  vertex 7.30124903 0.09856987 7.49999952
  endloop
 endfacet

 facet normal -6.73400677e-08 -1 0
  outer loop
  vertex 7.54874992 0.09856987 7.49999952
  vertex 7.54874992 0.09856987 7.62499952
  vertex 7.30124903 0.09856987 7.49999952
  endloop
 endfacet

 facet normal -6.73400677e-08 -1 0
  outer loop
  vertex 7.30124903 0.09856987 7.37499952
  vertex 7.54874992 0.09856987 7.24999952
  vertex 7.54874992 0.09856987 7.37499952
  endloop
 endfacet

 facet normal -6.73400677e-08 -1 0
  outer loop
  vertex 7.30124903 0.09856987 7.74999952
  vertex 7.30124903 0.09856987 7.62499952
  vertex 7.54874992 0.09856987 7.62499952
  endloop
 endfacet

 facet normal -6.73400677e-08 -1 0
  outer loop
  vertex 7.30124903 0.09856987 7.62499952
  vertex 7.30124903 0.09856987 7.49999952
  vertex 7.54874992 0.09856987 7.62499952
  endloop
 endfacet

 facet normal -6.73400677e-08 -1 0
  outer loop
  vertex 7.30124903 0.09856987 7.49999952
  vertex 7.30124903 0.09856987 7.37499952
  vertex 7.54874992 0.09856987 7.37499952
  endloop
 endfacet

 facet normal 6.73400677e-08 1 0
  outer loop
  vertex 7.54874992 9.59856987 7.37499952
  vertex 7.54874992 9.59856987 7.24999952
  vertex 7.30124903 9.59856987 7.24999952
  endloop
 endfacet

 facet normal 6.73400677e-08 1 0
  outer loop
  vertex 7.30124903 9.59856987 7.37499952
  vertex 7.30124903 9.59856987 7.49999952
  vertex 7.54874992 9.59856987 7.49999952
  endloop
 endfacet

 facet normal 6.73400677e-08 1 0
  outer loop
  vertex 7.30124903 9.59856987 7.49999952
  vertex 7.30124903 9.59856987 7.62499952
  vertex 7.54874992 9.59856987 7.49999952
  endloop
 endfacet

 facet normal 6.73400677e-08 1 0
  outer loop
  vertex 7.54874992 9.59856987 7.37499952
  vertex 7.30124903 9.59856987 7.24999952
  vertex 7.30124903 9.59856987 7.37499952
  endloop
 endfacet

 facet normal 6.73400677e-08 1 0
  outer loop
  vertex 7.54874992 9.59856987 7.74999952
  vertex 7.54874992 9.59856987 7.62499952
  vertex 7.30124903 9.59856987 7.62499952
  endloop
 endfacet

 facet normal 6.73400677e-08 1 0
  outer loop
  vertex 7.54874992 9.59856987 7.62499952
  vertex 7.54874992 9.59856987 7.49999952
  vertex 7.30124903 9.59856987 7.62499952
  endloop
 endfacet

 facet normal 6.73400677e-08 1 0
  outer loop
  vertex 7.54874992 9.59856987 7.49999952
  vertex 7.54874992 9.59856987 7.37499952
  vertex 7.30124903 9.59856987 7.37499952
  endloop
 endfacet

 facet normal 6.73400677e-08 0 1
  outer loop
  vertex 7.54874992 7.22357035 7.37499952
  vertex 7.67250061 7.22357035 7.37499952
  vertex 7.67250061 9.59856987 7.37499952
  endloop
 endfacet

 facet normal 1 0 0
  outer loop
  vertex 7.54874992 4.84857035 7.37499952
  vertex 7.54874992 4.84857035 7.49999952
  vertex 7.54874992 2.47357035 7.49999952
  endloop
 endfacet

 facet normal 1 0 0
  outer loop
  vertex 7.54874992 9.59856987 7.37499952
  vertex 7.54874992 9.59856987 7.49999952
  vertex 7.54874992 7.22357035 7.49999952
  endloop
 endfacet

 facet normal 1 0 0
  outer loop
  vertex 7.54874992 7.22357035 7.37499952
  vertex 7.54874992 7.22357035 7.49999952
  vertex 7.54874992 4.84857035 7.49999952
  endloop
 endfacet

 facet normal -6.73400677e-08 0 -1
  outer loop
  vertex 7.54874992 4.84857035 7.24999952
  vertex 7.67250061 4.84857035 7.24999952
  vertex 7.67250061 2.47357035 7.24999952
  endloop
 endfacet

 facet normal -6.73400677e-08 0 -1
  outer loop
  vertex 7.54874992 2.47357035 7.62499952
  vertex 7.67250061 2.47357035 7.62499952
  vertex 7.67250061 0.09856987 7.62499952
  endloop
 endfacet

 facet normal 1 0 0
  outer loop
  vertex 7.54874992 2.47357035 7.37499952
  vertex 7.54874992 2.47357035 7.49999952
  vertex 7.54874992 0.09856987 7.49999952
  endloop
 endfacet

 facet normal 6.73400677e-08 0 1
  outer loop
  vertex 7.54874992 7.22357035 7.74999952
  vertex 7.67250061 7.22357035 7.74999952
  vertex 7.67250061 9.59856987 7.74999952
  endloop
 endfacet

 facet normal -6.73400677e-08 0 -1
  outer loop
  vertex 7.54874992 7.22357035 7.24999952
  vertex 7.67250061 7.22357035 7.24999952
  vertex 7.67250061 4.84857035 7.24999952
  endloop
 endfacet

 facet normal 6.73400677e-08 0 1
  outer loop
  vertex 7.54874992 4.84857035 7.37499952
  vertex 7.67250061 4.84857035 7.37499952
  vertex 7.67250061 7.22357035 7.37499952
  endloop
 endfacet

 facet normal 1 0 0
  outer loop
  vertex 7.54874992 2.47357035 7.49999952
  vertex 7.54874992 2.47357035 7.62499952
  vertex 7.54874992 0.09856987 7.62499952
  endloop
 endfacet

 facet normal 1 0 0
  outer loop
  vertex 7.54874992 4.84857035 7.49999952
  vertex 7.54874992 4.84857035 7.62499952
  vertex 7.54874992 2.47357035 7.62499952
  endloop
 endfacet

 facet normal 6.73400677e-08 1 0
  outer loop
  vertex 7.54874992 9.59856987 7.37499952
  vertex 7.67250061 9.59856987 7.37499952
  vertex 7.67250061 9.59856987 7.24999952
  endloop
 endfacet

 facet normal 1 0 0
  outer loop
  vertex 7.54874992 7.22357035 7.49999952
  vertex 7.54874992 7.22357035 7.62499952
  vertex 7.54874992 4.84857035 7.62499952
  endloop
 endfacet

 facet normal 1 0 0
  outer loop
  vertex 7.54874992 9.59856987 7.49999952
  vertex 7.54874992 9.59856987 7.62499952
  vertex 7.54874992 7.22357035 7.62499952
  endloop
 endfacet

 facet normal 1 0 0
  outer loop
  vertex 7.67250061 9.59856987 7.62499952
  vertex 7.67250061 9.59856987 7.74999952
  vertex 7.67250061 7.22357035 7.74999952
  endloop
 endfacet

 facet normal 1 0 0
  outer loop
  vertex 7.67250061 4.84857035 7.62499952
  vertex 7.67250061 4.84857035 7.74999952
  vertex 7.67250061 2.47357035 7.74999952
  endloop
 endfacet

 facet normal 1 0 0
  outer loop
  vertex 7.67250061 7.22357035 7.24999952
  vertex 7.67250061 7.22357035 7.37499952
  vertex 7.67250061 4.84857035 7.37499952
  endloop
 endfacet

 facet normal 1 0 0
  outer loop
  vertex 7.67250061 9.59856987 7.24999952
  vertex 7.67250061 9.59856987 7.37499952
  vertex 7.67250061 7.22357035 7.37499952
  endloop
 endfacet

 facet normal 1 0 0
  outer loop
  vertex 7.67250061 2.47357035 7.24999952
  vertex 7.67250061 2.47357035 7.37499952
  vertex 7.67250061 0.09856987 7.37499952
  endloop
 endfacet

 facet normal 1 0 0
  outer loop
  vertex 7.67250061 4.84857035 7.24999952
  vertex 7.67250061 4.84857035 7.37499952
  vertex 7.67250061 2.47357035 7.37499952
  endloop
 endfacet

 facet normal 1 0 0
  outer loop
  vertex 7.67250061 2.47357035 7.62499952
  vertex 7.67250061 2.47357035 7.74999952
  vertex 7.67250061 0.09856987 7.74999952
  endloop
 endfacet

 facet normal 1 0 0
  outer loop
  vertex 7.67250061 7.22357035 7.62499952
  vertex 7.67250061 7.22357035 7.74999952
  vertex 7.67250061 4.84857035 7.74999952
  endloop
 endfacet

 facet normal -6.73400677e-08 0 -1
  outer loop
  vertex 7.54874992 2.47357035 7.24999952
  vertex 7.67250061 2.47357035 7.24999952
  vertex 7.67250061 0.09856987 7.24999952
  endloop
 endfacet

 facet normal -6.73400677e-08 -1 0
  outer loop
  vertex 7.54874992 0.09856987 7.24999952
  vertex 7.67250061 0.09856987 7.24999952
  vertex 7.67250061 0.09856987 7.37499952
  endloop
 endfacet

 facet normal 6.73400677e-08 0 1
  outer loop
  vertex 7.54874992 4.84857035 7.74999952
  vertex 7.67250061 4.84857035 7.74999952
  vertex 7.67250061 7.22357035 7.74999952
  endloop
 endfacet

 facet normal 6.73400677e-08 1 0
  outer loop
  vertex 7.54874992 9.59856987 7.74999952
  vertex 7.67250061 9.59856987 7.74999952
  vertex 7.67250061 9.59856987 7.62499952
  endloop
 endfacet

 facet normal 6.73400677e-08 0 1
  outer loop
  vertex 7.54874992 2.47357035 7.74999952
  vertex 7.67250061 2.47357035 7.74999952
  vertex 7.67250061 4.84857035 7.74999952
  endloop
 endfacet

 facet normal 6.73400677e-08 0 1
  outer loop
  vertex 7.54874992 0.09856987 7.37499952
  vertex 7.67250061 0.09856987 7.37499952
  vertex 7.67250061 2.47357035 7.37499952
  endloop
 endfacet

 facet normal -6.73400677e-08 0 -1
  outer loop
  vertex 7.54874992 7.22357035 7.62499952
  vertex 7.67250061 7.22357035 7.62499952
  vertex 7.67250061 4.84857035 7.62499952
  endloop
 endfacet

 facet normal 6.73400677e-08 0 1
  outer loop
  vertex 7.54874992 0.09856987 7.74999952
  vertex 7.67250061 0.09856987 7.74999952
  vertex 7.67250061 2.47357035 7.74999952
  endloop
 endfacet

 facet normal -6.73400677e-08 0 -1
  outer loop
  vertex 7.54874992 9.59856987 7.24999952
  vertex 7.67250061 9.59856987 7.24999952
  vertex 7.67250061 7.22357035 7.24999952
  endloop
 endfacet

 facet normal 6.73400677e-08 0 1
  outer loop
  vertex 7.54874992 2.47357035 7.37499952
  vertex 7.67250061 2.47357035 7.37499952
  vertex 7.67250061 4.84857035 7.37499952
  endloop
 endfacet

 facet normal -6.73400677e-08 0 -1
  outer loop
  vertex 7.54874992 9.59856987 7.62499952
  vertex 7.67250061 9.59856987 7.62499952
  vertex 7.67250061 7.22357035 7.62499952
  endloop
 endfacet

 facet normal -6.73400677e-08 -1 0
  outer loop
  vertex 7.54874992 0.09856987 7.62499952
  vertex 7.67250061 0.09856987 7.62499952
  vertex 7.67250061 0.09856987 7.74999952
  endloop
 endfacet

 facet normal 6.73400677e-08 0 1
  outer loop
  vertex 7.30124903 9.59856987 7.74999952
  vertex 7.17749977 9.59856987 7.74999952
  vertex 7.17749977 7.22357035 7.74999952
  endloop
 endfacet

 facet normal -1 0 0
  outer loop
  vertex 7.30124903 4.84857035 7.62499952
  vertex 7.30124903 4.84857035 7.49999952
  vertex 7.30124903 2.47357035 7.49999952
  endloop
 endfacet

 facet normal -1 0 0
  outer loop
  vertex 7.30124903 9.59856987 7.62499952
  vertex 7.30124903 9.59856987 7.49999952
  vertex 7.30124903 7.22357035 7.49999952
  endloop
 endfacet

 facet normal -1 0 0
  outer loop
  vertex 7.30124903 7.22357035 7.62499952
  vertex 7.30124903 7.22357035 7.49999952
  vertex 7.30124903 4.84857035 7.49999952
  endloop
 endfacet

 facet normal 6.73400677e-08 0 1
  outer loop
  vertex 7.30124903 2.47357035 7.74999952
  vertex 7.17749977 2.47357035 7.74999952
  vertex 7.17749977 0.09856987 7.74999952
  endloop
 endfacet

 facet normal 6.73400677e-08 0 1
  outer loop
  vertex 7.30124903 9.59856987 7.37499952
  vertex 7.17749977 9.59856987 7.37499952
  vertex 7.17749977 7.22357035 7.37499952
  endloop
 endfacet

 facet normal -1 0 0
  outer loop
  vertex 7.30124903 2.47357035 7.62499952
  vertex 7.30124903 2.47357035 7.49999952
  vertex 7.30124903 0.09856987 7.49999952
  endloop
 endfacet

 facet normal -6.73400677e-08 -1 0
  outer loop
  vertex 7.30124903 0.09856987 7.74999952
  vertex 7.17749977 0.09856987 7.74999952
  vertex 7.17749977 0.09856987 7.62499952
  endloop
 endfacet

 facet normal -6.73400962e-08 -3.76452988e-07 -1
  outer loop
  vertex 7.30124903 2.47357035 7.62499952
  vertex 7.17749977 2.47357035 7.62499952
  vertex 7.17749977 4.84857035 7.62499952
  endloop
 endfacet

 facet normal -6.73400677e-08 -1 0
  outer loop
  vertex 7.30124903 0.09856987 7.37499952
  vertex 7.17749977 0.09856987 7.37499952
  vertex 7.17749977 0.09856987 7.24999952
  endloop
 endfacet

 facet normal -1 0 0
  outer loop
  vertex 7.30124903 2.47357035 7.49999952
  vertex 7.30124903 2.47357035 7.37499952
  vertex 7.30124903 0.09856987 7.37499952
  endloop
 endfacet

 facet normal -1 0 0
  outer loop
  vertex 7.30124903 4.84857035 7.49999952
  vertex 7.30124903 4.84857035 7.37499952
  vertex 7.30124903 2.47357035 7.37499952
  endloop
 endfacet

 facet normal 6.73400677e-08 0 1
  outer loop
  vertex 7.30124903 7.22357035 7.37499952
  vertex 7.17749977 7.22357035 7.37499952
  vertex 7.17749977 4.84857035 7.37499952
  endloop
 endfacet

 facet normal -1 0 0
  outer loop
  vertex 7.30124903 7.22357035 7.49999952
  vertex 7.30124903 7.22357035 7.37499952
  vertex 7.30124903 4.84857035 7.37499952
  endloop
 endfacet

 facet normal -1 0 0
  outer loop
  vertex 7.30124903 9.59856987 7.49999952
  vertex 7.30124903 9.59856987 7.37499952
  vertex 7.30124903 7.22357035 7.37499952
  endloop
 endfacet

 facet normal -1 0 0
  outer loop
  vertex 7.17749977 9.59856987 7.37499952
  vertex 7.17749977 9.59856987 7.24999952
  vertex 7.17749977 7.22357035 7.24999952
  endloop
 endfacet

 facet normal -1 0 0
  outer loop
  vertex 7.17749977 4.84857035 7.37499952
  vertex 7.17749977 4.84857035 7.24999952
  vertex 7.17749977 2.47357035 7.24999952
  endloop
 endfacet

 facet normal -1 0 0
  outer loop
  vertex 7.17749977 7.22357035 7.74999952
  vertex 7.17749977 7.22357035 7.62499952
  vertex 7.17749977 4.84857035 7.62499952
  endloop
 endfacet

 facet normal -1 0 0
  outer loop
  vertex 7.17749977 9.59856987 7.74999952
  vertex 7.17749977 9.59856987 7.62499952
  vertex 7.17749977 7.22357035 7.62499952
  endloop
 endfacet

 facet normal -1 0 0
  outer loop
  vertex 7.17749977 2.47357035 7.74999952
  vertex 7.17749977 2.47357035 7.62499952
  vertex 7.17749977 0.09856987 7.62499952
  endloop
 endfacet

 facet normal -1 0 0
  outer loop
  vertex 7.17749977 4.84857035 7.74999952
  vertex 7.17749977 4.84857035 7.62499952
  vertex 7.17749977 2.47357035 7.62499952
  endloop
 endfacet

 facet normal -1 0 0
  outer loop
  vertex 7.17749977 2.47357035 7.37499952
  vertex 7.17749977 2.47357035 7.24999952
  vertex 7.17749977 0.09856987 7.24999952
  endloop
 endfacet

 facet normal -1 0 0
  outer loop
  vertex 7.17749977 7.22357035 7.37499952
  vertex 7.17749977 7.22357035 7.24999952
  vertex 7.17749977 4.84857035 7.24999952
  endloop
 endfacet

 facet normal -6.73400677e-08 0 -1
  outer loop
  vertex 7.30124903 4.84857035 7.62499952
  vertex 7.17749977 4.84857035 7.62499952
  vertex 7.17749977 7.22357035 7.62499952
  endloop
 endfacet

 facet normal 6.73400677e-08 1 0
  outer loop
  vertex 7.30124903 9.59856987 7.24999952
  vertex 7.17749977 9.59856987 7.24999952
  vertex 7.17749977 9.59856987 7.37499952
  endloop
 endfacet

 facet normal -6.73400677e-08 0 -1
  outer loop
  vertex 7.30124903 7.22357035 7.24999952
  vertex 7.17749977 7.22357035 7.24999952
  vertex 7.17749977 9.59856987 7.24999952
  endloop
 endfacet

 facet normal 6.73400677e-08 0 1
  outer loop
  vertex 7.30124903 2.47357035 7.37499952
  vertex 7.17749977 2.47357035 7.37499952
  vertex 7.17749977 0.09856987 7.37499952
  endloop
 endfacet

 facet normal -6.73400677e-08 0 -1
  outer loop
  vertex 7.30124903 7.22357035 7.62499952
  vertex 7.17749977 7.22357035 7.62499952
  vertex 7.17749977 9.59856987 7.62499952
  endloop
 endfacet

 facet normal -6.73400677e-08 0 -1
  outer loop
  vertex 7.30124903 0.09856987 7.24999952
  vertex 7.17749977 0.09856987 7.24999952
  vertex 7.17749977 2.47357035 7.24999952
  endloop
 endfacet

 facet normal 6.73400677e-08 0 1
  outer loop
  vertex 7.30124903 4.84857035 7.74999952
  vertex 7.17749977 4.84857035 7.74999952
  vertex 7.17749977 2.47357035 7.74999952
  endloop
 endfacet

 facet normal 6.73400677e-08 0 1
  outer loop
  vertex 7.30124903 4.84857035 7.37499952
  vertex 7.17749977 4.84857035 7.37499952
  vertex 7.17749977 2.47357035 7.37499952
  endloop
 endfacet

 facet normal 6.73400677e-08 0 1
  outer loop
  vertex 7.30124903 7.22357035 7.74999952
  vertex 7.17749977 7.22357035 7.74999952
  vertex 7.17749977 4.84857035 7.74999952
  endloop
 endfacet

 facet normal -6.73400677e-08 0 -1
  outer loop
  vertex 7.30124903 4.84857035 7.24999952
  vertex 7.17749977 4.84857035 7.24999952
  vertex 7.17749977 7.22357035 7.24999952
  endloop
 endfacet

 facet normal -6.73400677e-08 0 -1
  outer loop
  vertex 7.30124903 2.47357035 7.24999952
  vertex 7.17749977 2.47357035 7.24999952
  vertex 7.17749977 4.84857035 7.24999952
  endloop
 endfacet

 facet normal -6.73400677e-08 0 -1
  outer loop
  vertex 7.30124903 0.09856987 7.62499952
  vertex 7.17749977 0.09856987 7.62499952
  vertex 7.17749977 2.47357035 7.62499952
  endloop
 endfacet

 facet normal 1 0 0
  outer loop
  vertex 14.8500004 9.72356892 7.62499905
  vertex 14.8500004 9.72356892 7.74999905
  vertex 14.8500004 9.59856892 7.74999905
  endloop
 endfacet

 facet normal 6.73400677e-08 1 0
  outer loop
  vertex -14.8500004 10.0985708 7.37500095
  vertex -14.8500004 10.0985708 7.62500095
  vertex -7.42500019 10.0985708 7.62500048
  endloop
 endfacet

 facet normal 6.73400677e-08 1 0
  outer loop
  vertex 0 10.0985699 7.625
  vertex 7.42500019 10.0985689 7.62499952
  vertex 7.42500019 10.0985689 7.37499952
  endloop
 endfacet

 facet normal 6.73400677e-08 1 0
  outer loop
  vertex 7.42500019 10.0985689 7.62499952
  vertex 14.8500004 10.0985689 7.62499905
  vertex 14.8500004 10.0985689 7.37499905
  endloop
 endfacet

 facet normal 6.73400677e-08 1 0
  outer loop
  vertex -14.8500004 10.0985708 7.37500095
  vertex -7.42500019 10.0985708 7.62500048
  vertex -7.42500019 10.0985708 7.37500048
  endloop
 endfacet

 facet normal 6.73400677e-08 1 0
  outer loop
  vertex -7.42500019 10.0985708 7.62500048
  vertex 0 10.0985699 7.625
  vertex -7.42500019 10.0985708 7.37500048
  endloop
 endfacet

 facet normal 6.73400677e-08 1 0
  outer loop
  vertex 7.42500019 10.0985689 7.37499952
  vertex 0 10.0985699 7.375
  vertex 0 10.0985699 7.625
  endloop
 endfacet

 facet normal 6.73400677e-08 1 0
  outer loop
  vertex 0 10.0985699 7.375
  vertex -7.42500019 10.0985708 7.37500048
  vertex 0 10.0985699 7.625
  endloop
 endfacet

 facet normal 6.73400677e-08 1 0
  outer loop
  vertex 0 9.72356987 7.375
  vertex 0 9.72356987 7.25
  vertex -7.42500019 9.72357082 7.25000048
  endloop
 endfacet

 facet normal -6.73400677e-08 -1 0
  outer loop
  vertex -14.8500004 9.59857082 7.62500095
  vertex -14.8500004 9.59857082 7.37500095
  vertex -7.42500019 9.59856987 7.37500048
  endloop
 endfacet

 facet normal -6.73400677e-08 -1 0
  outer loop
  vertex 0 9.59856987 7.375
  vertex 7.42500019 9.59856892 7.37499952
  vertex 7.42500019 9.59856892 7.62499952
  endloop
 endfacet

 facet normal -6.73400677e-08 -1 0
  outer loop
  vertex 7.42500019 9.59856892 7.37499952
  vertex 14.8500004 9.59856892 7.37499905
  vertex 14.8500004 9.59856892 7.62499905
  endloop
 endfacet

 facet normal -6.73400677e-08 -1 0
  outer loop
  vertex -14.8500004 9.59857082 7.62500095
  vertex -7.42500019 9.59856987 7.37500048
  vertex -7.42500019 9.59856987 7.62500048
  endloop
 endfacet

 facet normal -6.73400677e-08 -1 0
  outer loop
  vertex -7.42500019 9.59856987 7.37500048
  vertex 0 9.59856987 7.375
  vertex -7.42500019 9.59856987 7.62500048
  endloop
 endfacet

 facet normal -6.73400677e-08 -1 0
  outer loop
  vertex 7.42500019 9.59856892 7.62499952
  vertex 0 9.59856987 7.625
  vertex 0 9.59856987 7.375
  endloop
 endfacet

 facet normal -6.73400677e-08 -1 0
  outer loop
  vertex 0 9.59856987 7.625
  vertex -7.42500019 9.59856987 7.62500048
  vertex 0 9.59856987 7.375
  endloop
 endfacet

 facet normal -1 0 0
  outer loop
  vertex -14.8500004 9.97357082 7.62500095
  vertex -14.8500004 10.0985708 7.62500095
  vertex -14.8500004 10.0985708 7.37500095
  endloop
 endfacet

 facet normal -1 0 0
  outer loop
  vertex -14.8500004 9.97357082 7.37500095
  vertex -14.8500004 9.84857082 7.37500095
  vertex -14.8500004 9.84857082 7.62500095
  endloop
 endfacet

 facet normal -1 0 0
  outer loop
  vertex -14.8500004 9.84857082 7.37500095
  vertex -14.8500004 9.72357082 7.37500095
  vertex -14.8500004 9.84857082 7.62500095
  endloop
 endfacet

 facet normal -1 0 0
  outer loop
  vertex -14.8500004 9.97357082 7.62500095
  vertex -14.8500004 10.0985708 7.37500095
  vertex -14.8500004 9.97357082 7.37500095
  endloop
 endfacet

 facet normal -1 0 0
  outer loop
  vertex -14.8500004 9.59857082 7.62500095
  vertex -14.8500004 9.72357082 7.62500095
  vertex -14.8500004 9.72357082 7.37500095
  endloop
 endfacet

 facet normal -1 0 0
  outer loop
  vertex -14.8500004 9.72357082 7.62500095
  vertex -14.8500004 9.84857082 7.62500095
  vertex -14.8500004 9.72357082 7.37500095
  endloop
 endfacet

 facet normal -1 0 0
  outer loop
  vertex -14.8500004 9.84857082 7.62500095
  vertex -14.8500004 9.97357082 7.62500095
  vertex -14.8500004 9.97357082 7.37500095
  endloop
 endfacet

 facet normal 1 0 0
  outer loop
  vertex 14.8500004 9.97356892 7.37499905
  vertex 14.8500004 10.0985689 7.37499905
  vertex 14.8500004 10.0985689 7.62499905
  endloop
 endfacet

 facet normal 1 0 0
  outer loop
  vertex 14.8500004 9.97356892 7.62499905
  vertex 14.8500004 9.84856892 7.62499905
  vertex 14.8500004 9.84856892 7.37499905
  endloop
 endfacet

 facet normal 1 0 0
  outer loop
  vertex 14.8500004 9.84856892 7.62499905
  vertex 14.8500004 9.72356892 7.62499905
  vertex 14.8500004 9.84856892 7.37499905
  endloop
 endfacet

 facet normal 1 0 0
  outer loop
  vertex 14.8500004 9.97356892 7.37499905
  vertex 14.8500004 10.0985689 7.62499905
  vertex 14.8500004 9.97356892 7.62499905
  endloop
 endfacet

 facet normal 1 0 0
  outer loop
  vertex 14.8500004 9.59856892 7.37499905
  vertex 14.8500004 9.72356892 7.37499905
  vertex 14.8500004 9.72356892 7.62499905
  endloop
 endfacet

 facet normal 1 0 0
  outer loop
  vertex 14.8500004 9.72356892 7.37499905
  vertex 14.8500004 9.84856892 7.37499905
  vertex 14.8500004 9.72356892 7.62499905
  endloop
 endfacet

 facet normal 1 0 0
  outer loop
  vertex 14.8500004 9.84856892 7.37499905
  vertex 14.8500004 9.97356892 7.37499905
  vertex 14.8500004 9.97356892 7.62499905
  endloop
 endfacet

 facet normal -6.73400677e-08 -1 0
  outer loop
  vertex 7.42500019 9.97356892 7.37499952
  vertex 7.42500019 9.97356892 7.24999952
  vertex 14.8500004 9.97356892 7.24999905
  endloop
 endfacet

 facet normal -6.73400677e-08 0 -1
  outer loop
  vertex 0 9.97356987 7.375
  vertex 0 9.84856987 7.375
  vertex -7.42500019 9.84857082 7.37500048
  endloop
 endfacet

 facet normal -6.73400677e-08 0 -1
  outer loop
  vertex 14.8500004 9.97356892 7.37499905
  vertex 14.8500004 9.84856892 7.37499905
  vertex 7.42500019 9.84856892 7.37499952
  endloop
 endfacet

 facet normal -6.73400677e-08 0 -1
  outer loop
  vertex 7.42500019 9.97356892 7.37499952
  vertex 7.42500019 9.84856892 7.37499952
  vertex 0 9.84856987 7.375
  endloop
 endfacet

 facet normal 6.73400677e-08 1 0
  outer loop
  vertex 0 10.0985699 7.375
  vertex 0 10.0985699 7.25
  vertex -7.42500019 10.0985708 7.25000048
  endloop
 endfacet

 facet normal 6.73400677e-08 1 0
  outer loop
  vertex -7.42500019 9.72357082 7.37500048
  vertex -7.42500019 9.72357082 7.25000048
  vertex -14.8500004 9.72357082 7.25000095
  endloop
 endfacet

 facet normal -6.73400677e-08 0 -1
  outer loop
  vertex -7.42500019 9.97357082 7.37500048
  vertex -7.42500019 9.84857082 7.37500048
  vertex -14.8500004 9.84857082 7.37500095
  endloop
 endfacet

 facet normal -6.73400677e-08 -1 0
  outer loop
  vertex 7.42500019 9.59856892 7.37499952
  vertex 7.42500019 9.59856892 7.24999952
  vertex 14.8500004 9.59856892 7.24999905
  endloop
 endfacet

 facet normal 6.73400677e-08 1 0
  outer loop
  vertex 7.42500019 10.0985689 7.37499952
  vertex 7.42500019 10.0985689 7.24999952
  vertex 0 10.0985699 7.25
  endloop
 endfacet

 facet normal -6.73400677e-08 -1 0
  outer loop
  vertex 0 9.97356987 7.375
  vertex 0 9.97356987 7.25
  vertex 7.42500019 9.97356892 7.24999952
  endloop
 endfacet

 facet normal -6.73400677e-08 0 -1
  outer loop
  vertex -7.42500019 9.84857082 7.37500048
  vertex -7.42500019 9.72357082 7.37500048
  vertex -14.8500004 9.72357082 7.37500095
  endloop
 endfacet

 facet normal -6.73400677e-08 0 -1
  outer loop
  vertex 0 9.84856987 7.375
  vertex 0 9.72356987 7.375
  vertex -7.42500019 9.72357082 7.37500048
  endloop
 endfacet

 facet normal 1 0 0
  outer loop
  vertex 14.8500004 9.97356892 7.37499905
  vertex 14.8500004 9.97356892 7.24999905
  vertex 14.8500004 10.0985689 7.24999905
  endloop
 endfacet

 facet normal -6.73400677e-08 0 -1
  outer loop
  vertex 7.42500019 9.84856892 7.37499952
  vertex 7.42500019 9.72356892 7.37499952
  vertex 0 9.72356987 7.375
  endloop
 endfacet

 facet normal -6.73400677e-08 0 -1
  outer loop
  vertex 14.8500004 9.84856892 7.37499905
  vertex 14.8500004 9.72356892 7.37499905
  vertex 7.42500019 9.72356892 7.37499952
  endloop
 endfacet

 facet normal -6.73400677e-08 0 -1
  outer loop
  vertex 14.8500004 9.72356892 7.24999905
  vertex 14.8500004 9.59856892 7.24999905
  vertex 7.42500019 9.59856892 7.24999952
  endloop
 endfacet

 facet normal -6.73400677e-08 0 -1
  outer loop
  vertex 0 9.72356987 7.25
  vertex 0 9.59856987 7.25
  vertex -7.42500019 9.59856987 7.25000048
  endloop
 endfacet

 facet normal -6.73400677e-08 0 -1
  outer loop
  vertex 7.42500019 10.0985689 7.24999952
  vertex 7.42500019 9.97356892 7.24999952
  vertex 0 9.97356987 7.25
  endloop
 endfacet

 facet normal -6.73400677e-08 0 -1
  outer loop
  vertex 14.8500004 10.0985689 7.24999905
  vertex 14.8500004 9.97356892 7.24999905
  vertex 7.42500019 9.97356892 7.24999952
  endloop
 endfacet

 facet normal -6.73400677e-08 0 -1
  outer loop
  vertex -7.42500019 10.0985708 7.25000048
  vertex -7.42500019 9.97357082 7.25000048
  vertex -14.8500004 9.97357082 7.25000095
  endloop
 endfacet

 facet normal -6.73400677e-08 0 -1
  outer loop
  vertex 0 10.0985699 7.25
  vertex 0 9.97356987 7.25
  vertex -7.42500019 9.97357082 7.25000048
  endloop
 endfacet

 facet normal -6.73400677e-08 0 -1
  outer loop
  vertex -7.42500019 9.72357082 7.25000048
  vertex -7.42500019 9.59856987 7.25000048
  vertex -14.8500004 9.59857082 7.25000095
  endloop
 endfacet

 facet normal -6.73400677e-08 0 -1
  outer loop
  vertex 7.42500019 9.72356892 7.24999952
  vertex 7.42500019 9.59856892 7.24999952
  vertex 0 9.59856987 7.25
  endloop
 endfacet

 facet normal 6.73400677e-08 1 0
  outer loop
  vertex -7.42500019 10.0985708 7.37500048
  vertex -7.42500019 10.0985708 7.25000048
  vertex -14.8500004 10.0985708 7.25000095
  endloop
 endfacet

 facet normal -1 0 0
  outer loop
  vertex -14.8500004 10.0985708 7.37500095
  vertex -14.8500004 10.0985708 7.25000095
  vertex -14.8500004 9.97357082 7.25000095
  endloop
 endfacet

 facet normal -6.73400677e-08 -1 0
  outer loop
  vertex 0 9.59856987 7.375
  vertex 0 9.59856987 7.25
  vertex 7.42500019 9.59856892 7.24999952
  endloop
 endfacet

 facet normal 1 0 0
  outer loop
  vertex 14.8500004 9.59856892 7.37499905
  vertex 14.8500004 9.59856892 7.24999905
  vertex 14.8500004 9.72356892 7.24999905
  endloop
 endfacet

 facet normal -6.73400677e-08 -1 0
  outer loop
  vertex -7.42500019 9.59856987 7.37500048
  vertex -7.42500019 9.59856987 7.25000048
  vertex 0 9.59856987 7.25
  endloop
 endfacet

 facet normal -6.73400677e-08 -1 0
  outer loop
  vertex -14.8500004 9.97357082 7.37500095
  vertex -14.8500004 9.97357082 7.25000095
  vertex -7.42500019 9.97357082 7.25000048
  endloop
 endfacet

 facet normal 6.73400677e-08 1 0
  outer loop
  vertex 7.42500019 9.72356892 7.37499952
  vertex 7.42500019 9.72356892 7.24999952
  vertex 0 9.72356987 7.25
  endloop
 endfacet

 facet normal -6.73400677e-08 -1 0
  outer loop
  vertex -14.8500004 9.59857082 7.37500095
  vertex -14.8500004 9.59857082 7.25000095
  vertex -7.42500019 9.59856987 7.25000048
  endloop
 endfacet

 facet normal 6.73400677e-08 1 0
  outer loop
  vertex 14.8500004 10.0985689 7.37499905
  vertex 14.8500004 10.0985689 7.24999905
  vertex 7.42500019 10.0985689 7.24999952
  endloop
 endfacet

 facet normal -6.73400677e-08 -1 0
  outer loop
  vertex -7.42500019 9.97357082 7.37500048
  vertex -7.42500019 9.97357082 7.25000048
  vertex 0 9.97356987 7.25
  endloop
 endfacet

 facet normal 6.73400677e-08 1 0
  outer loop
  vertex 14.8500004 9.72356892 7.37499905
  vertex 14.8500004 9.72356892 7.24999905
  vertex 7.42500019 9.72356892 7.24999952
  endloop
 endfacet

 facet normal -1 0 0
  outer loop
  vertex -14.8500004 9.72357082 7.37500095
  vertex -14.8500004 9.72357082 7.25000095
  vertex -14.8500004 9.59857082 7.25000095
  endloop
 endfacet

 facet normal -6.73400677e-08 -1 0
  outer loop
  vertex 14.8500004 9.59856892 7.62499905
  vertex 14.8500004 9.59856892 7.74999905
  vertex 7.42500019 9.59856892 7.74999952
  endloop
 endfacet

 facet normal 6.73400677e-08 0 1
  outer loop
  vertex 0 9.72356987 7.625
  vertex 0 9.84856987 7.625
  vertex -7.42500019 9.84857082 7.62500048
  endloop
 endfacet

 facet normal 6.73400677e-08 0 1
  outer loop
  vertex 14.8500004 9.72356892 7.62499905
  vertex 14.8500004 9.84856892 7.62499905
  vertex 7.42500019 9.84856892 7.62499952
  endloop
 endfacet

 facet normal 6.73400677e-08 0 1
  outer loop
  vertex 7.42500019 9.72356892 7.62499952
  vertex 7.42500019 9.84856892 7.62499952
  vertex 0 9.84856987 7.625
  endloop
 endfacet

 facet normal -6.73400677e-08 -1 0
  outer loop
  vertex -7.42500019 9.59856987 7.62500048
  vertex -7.42500019 9.59856987 7.75000048
  vertex -14.8500004 9.59857082 7.75000095
  endloop
 endfacet

 facet normal -6.73400677e-08 -1 0
  outer loop
  vertex 14.8500004 9.97356892 7.62499905
  vertex 14.8500004 9.97356892 7.74999905
  vertex 7.42500019 9.97356892 7.74999952
  endloop
 endfacet

 facet normal 6.73400677e-08 0 1
  outer loop
  vertex -7.42500019 9.72357082 7.62500048
  vertex -7.42500019 9.84857082 7.62500048
  vertex -14.8500004 9.84857082 7.62500095
  endloop
 endfacet

 facet normal -1 0 0
  outer loop
  vertex -14.8500004 9.59857082 7.62500095
  vertex -14.8500004 9.59857082 7.75000095
  vertex -14.8500004 9.72357082 7.75000095
  endloop
 endfacet

 facet normal 6.73400677e-08 1 0
  outer loop
  vertex -7.42500019 9.72357082 7.62500048
  vertex -7.42500019 9.72357082 7.75000048
  vertex 0 9.72356987 7.75
  endloop
 endfacet

 facet normal -1 0 0
  outer loop
  vertex -14.8500004 9.97357082 7.62500095
  vertex -14.8500004 9.97357082 7.75000095
  vertex -14.8500004 10.0985708 7.75000095
  endloop
 endfacet

 facet normal 6.73400677e-08 0 1
  outer loop
  vertex -7.42500019 9.84857082 7.62500048
  vertex -7.42500019 9.97357082 7.62500048
  vertex -14.8500004 9.97357082 7.62500095
  endloop
 endfacet

 facet normal 6.73400677e-08 0 1
  outer loop
  vertex 0 9.84856987 7.625
  vertex 0 9.97356987 7.625
  vertex -7.42500019 9.97357082 7.62500048
  endloop
 endfacet

 facet normal -6.73400677e-08 -1 0
  outer loop
  vertex 7.42500019 9.97356892 7.62499952
  vertex 7.42500019 9.97356892 7.74999952
  vertex 0 9.97356987 7.75
  endloop
 endfacet

 facet normal 6.73400677e-08 0 1
  outer loop
  vertex 7.42500019 9.84856892 7.62499952
  vertex 7.42500019 9.97356892 7.62499952
  vertex 0 9.97356987 7.625
  endloop
 endfacet

 facet normal 6.73400677e-08 0 1
  outer loop
  vertex 14.8500004 9.84856892 7.62499905
  vertex 14.8500004 9.97356892 7.62499905
  vertex 7.42500019 9.97356892 7.62499952
  endloop
 endfacet

 facet normal 6.73400677e-08 0 1
  outer loop
  vertex 14.8500004 9.97356892 7.74999905
  vertex 14.8500004 10.0985689 7.74999905
  vertex 7.42500019 10.0985689 7.74999952
  endloop
 endfacet

 facet normal 6.73400677e-08 0 1
  outer loop
  vertex 0 9.97356987 7.75
  vertex 0 10.0985699 7.75
  vertex -7.42500019 10.0985708 7.75000048
  endloop
 endfacet

 facet normal 6.73400677e-08 0 1
  outer loop
  vertex 7.42500019 9.59856892 7.74999952
  vertex 7.42500019 9.72356892 7.74999952
  vertex 0 9.72356987 7.75
  endloop
 endfacet

 facet normal 6.73400677e-08 0 1
  outer loop
  vertex 14.8500004 9.59856892 7.74999905
  vertex 14.8500004 9.72356892 7.74999905
  vertex 7.42500019 9.72356892 7.74999952
  endloop
 endfacet

 facet normal 6.73400677e-08 0 1
  outer loop
  vertex -7.42500019 9.59856987 7.75000048
  vertex -7.42500019 9.72357082 7.75000048
  vertex -14.8500004 9.72357082 7.75000095
  endloop
 endfacet

 facet normal 6.73400677e-08 0 1
  outer loop
  vertex 0 9.59856987 7.75
  vertex 0 9.72356987 7.75
  vertex -7.42500019 9.72357082 7.75000048
  endloop
 endfacet

 facet normal 6.73400677e-08 0 1
  outer loop
  vertex -7.42500019 9.97357082 7.75000048
  vertex -7.42500019 10.0985708 7.75000048
  vertex -14.8500004 10.0985708 7.75000095
  endloop
 endfacet

 facet normal 6.73400677e-08 0 1
  outer loop
  vertex 7.42500019 9.97356892 7.74999952
  vertex 7.42500019 10.0985689 7.74999952
  vertex 0 10.0985699 7.75
  endloop
 endfacet

 facet normal 6.73400677e-08 1 0
  outer loop
  vertex 0 9.72356987 7.625
  vertex 0 9.72356987 7.75
  vertex 7.42500019 9.72356892 7.74999952
  endloop
 endfacet

 facet normal 1 0 0
  outer loop
  vertex 14.8500004 10.0985689 7.62499905
  vertex 14.8500004 10.0985689 7.74999905
  vertex 14.8500004 9.97356892 7.74999905
  endloop
 endfacet

 facet normal 6.73400677e-08 1 0
  outer loop
  vertex 7.42500019 10.0985689 7.62499952
  vertex 7.42500019 10.0985689 7.74999952
  vertex 14.8500004 10.0985689 7.74999905
  endloop
 endfacet

 facet normal -6.73400677e-08 -1 0
  outer loop
  vertex -7.42500019 9.97357082 7.62500048
  vertex -7.42500019 9.97357082 7.75000048
  vertex -14.8500004 9.97357082 7.75000095
  endloop
 endfacet

 facet normal 6.73400677e-08 1 0
  outer loop
  vertex 7.42500019 9.72356892 7.62499952
  vertex 7.42500019 9.72356892 7.74999952
  vertex 14.8500004 9.72356892 7.74999905
  endloop
 endfacet

 facet normal 6.73400677e-08 1 0
  outer loop
  vertex -14.8500004 10.0985708 7.62500095
  vertex -14.8500004 10.0985708 7.75000095
  vertex -7.42500019 10.0985708 7.75000048
  endloop
 endfacet

 facet normal -6.73400677e-08 -1 0
  outer loop
  vertex 0 9.59856987 7.625
  vertex 0 9.59856987 7.75
  vertex -7.42500019 9.59856987 7.75000048
  endloop
 endfacet

 facet normal -6.73400677e-08 -1 0
  outer loop
  vertex 0 9.97356987 7.625
  vertex 0 9.97356987 7.75
  vertex -7.42500019 9.97357082 7.75000048
  endloop
 endfacet

 facet normal -6.73400677e-08 -1 0
  outer loop
  vertex 7.42500019 9.59856892 7.62499952
  vertex 7.42500019 9.59856892 7.74999952
  vertex 0 9.59856987 7.75
  endloop
 endfacet

 facet normal 6.73400677e-08 1 0
  outer loop
  vertex 0 10.0985699 7.625
  vertex 0 10.0985699 7.75
  vertex 7.42500019 10.0985689 7.74999952
  endloop
 endfacet

 facet normal 6.73400677e-08 1 0
  outer loop
  vertex -7.42500019 10.0985708 7.62500048
  vertex -7.42500019 10.0985708 7.75000048
  vertex 0 10.0985699 7.75
  endloop
 endfacet

 facet normal 6.73400677e-08 1 0
  outer loop
  vertex -14.8500004 9.72357082 7.62500095
  vertex -14.8500004 9.72357082 7.75000095
  vertex -7.42500019 9.72357082 7.75000048
  endloop
 endfacet

 facet normal 6.73400677e-08 1 0
  outer loop
  vertex -7.54874992 9.59856987 7.62500048
  vertex -7.67250061 9.59856987 7.62500048
  vertex -7.67250061 9.59856987 7.75000048
  endloop
 endfacet

 facet normal -6.73400677e-08 0 -1
  outer loop
  vertex -7.30124903 0.0985689163 7.25000048
  vertex -7.54874992 0.0985689163 7.25000048
  vertex -7.54874992 2.47356892 7.25000048
  endloop
 endfacet

 facet normal -6.73400677e-08 0 -1
  outer loop
  vertex -7.54874992 4.84856892 7.25000048
  vertex -7.54874992 7.22356892 7.25000048
  vertex -7.30125093 4.84856892 7.25000048
  endloop
 endfacet

 facet normal -6.73400677e-08 0 -1
  outer loop
  vertex -7.54874992 7.22356892 7.25000048
  vertex -7.54874992 9.59856987 7.25000048
  vertex -7.30125093 7.22356892 7.25000048
  endloop
 endfacet

 facet normal -6.73400677e-08 0 -1
  outer loop
  vertex -7.30125093 4.84856892 7.25000048
  vertex -7.54874992 7.22356892 7.25000048
  vertex -7.30125093 7.22356892 7.25000048
  endloop
 endfacet

 facet normal -6.73400677e-08 0 -1
  outer loop
  vertex -7.30124903 0.0985689163 7.25000048
  vertex -7.54874992 2.47356892 7.25000048
  vertex -7.30124903 2.47356892 7.25000048
  endloop
 endfacet

 facet normal -6.73400677e-08 0 -1
  outer loop
  vertex -7.54874992 2.47356892 7.25000048
  vertex -7.54874992 4.84856892 7.25000048
  vertex -7.30124903 2.47356892 7.25000048
  endloop
 endfacet

 facet normal -6.73400677e-08 0 -1
  outer loop
  vertex -7.30125093 4.84856892 7.25000048
  vertex -7.30124903 2.47356892 7.25000048
  vertex -7.54874992 4.84856892 7.25000048
  endloop
 endfacet

 facet normal -6.73400677e-08 0 -1
  outer loop
  vertex -7.30125093 4.84856892 7.62500048
  vertex -7.17749977 4.84856892 7.62500048
  vertex -7.17749977 2.47356892 7.62500048
  endloop
 endfacet

 facet normal 6.73400962e-08 3.76452533e-07 1
  outer loop
  vertex -7.54874992 0.0985689163 7.75000048
  vertex -7.30124903 0.0985689163 7.75000048
  vertex -7.30125093 2.47356892 7.75000048
  endloop
 endfacet

 facet normal 6.73400677e-08 0 1
  outer loop
  vertex -7.30125093 4.84856892 7.75000048
  vertex -7.30125093 7.22356892 7.75000048
  vertex -7.54874992 7.22356892 7.75000048
  endloop
 endfacet

 facet normal 6.73400677e-08 0 1
  outer loop
  vertex -7.30125093 7.22356892 7.75000048
  vertex -7.30125093 9.59856987 7.75000048
  vertex -7.54874992 9.59856987 7.75000048
  endloop
 endfacet

 facet normal 6.73400677e-08 0 1
  outer loop
  vertex -7.54874992 0.0985689163 7.75000048
  vertex -7.30125093 2.47356892 7.75000048
  vertex -7.54874992 2.47356892 7.75000048
  endloop
 endfacet

 facet normal 6.73400677e-08 0 1
  outer loop
  vertex -7.30125093 2.47356892 7.75000048
  vertex -7.30125093 4.84856892 7.75000048
  vertex -7.54874992 2.47356892 7.75000048
  endloop
 endfacet

 facet normal 6.73400677e-08 0 1
  outer loop
  vertex -7.54874992 7.22356892 7.75000048
  vertex -7.54874992 4.84856892 7.75000048
  vertex -7.30125093 4.84856892 7.75000048
  endloop
 endfacet

 facet normal 6.73400677e-08 0 1
  outer loop
  vertex -7.54874992 4.84856892 7.75000048
  vertex -7.54874992 2.47356892 7.75000048
  vertex -7.30125093 4.84856892 7.75000048
  endloop
 endfacet

 facet normal -6.73400677e-08 -1 0
  outer loop
  vertex -7.54874992 0.0985689163 7.37500048
  vertex -7.54874992 0.0985689163 7.25000048
  vertex -7.30124903 0.0985689163 7.25000048
  endloop
 endfacet

 facet normal -6.73400677e-08 -1 0
  outer loop
  vertex -7.30124903 0.0985689163 7.37500048
  vertex -7.30124903 0.0985689163 7.50000048
  vertex -7.54874992 0.0985689163 7.50000048
  endloop
 endfacet

 facet normal -6.73400677e-08 -1 0
  outer loop
  vertex -7.30124903 0.0985689163 7.50000048
  vertex -7.30124903 0.0985689163 7.62500048
  vertex -7.54874992 0.0985689163 7.50000048
  endloop
 endfacet

 facet normal -6.73400677e-08 -1 0
  outer loop
  vertex -7.54874992 0.0985689163 7.37500048
  vertex -7.30124903 0.0985689163 7.25000048
  vertex -7.30124903 0.0985689163 7.37500048
  endloop
 endfacet

 facet normal -6.73400677e-08 -1 0
  outer loop
  vertex -7.54874992 0.0985689163 7.75000048
  vertex -7.54874992 0.0985689163 7.62500048
  vertex -7.30124903 0.0985689163 7.62500048
  endloop
 endfacet

 facet normal -6.73400677e-08 -1 0
  outer loop
  vertex -7.54874992 0.0985689163 7.62500048
  vertex -7.54874992 0.0985689163 7.50000048
  vertex -7.30124903 0.0985689163 7.62500048
  endloop
 endfacet

 facet normal -6.73400677e-08 -1 0
  outer loop
  vertex -7.54874992 0.0985689163 7.50000048
  vertex -7.54874992 0.0985689163 7.37500048
  vertex -7.30124903 0.0985689163 7.37500048
  endloop
 endfacet

 facet normal 6.73400677e-08 1 0
  outer loop
  vertex -7.30125093 9.59856987 7.37500048
  vertex -7.30125093 9.59856987 7.25000048
  vertex -7.54874992 9.59856987 7.25000048
  endloop
 endfacet

 facet normal 6.73400677e-08 1 0
  outer loop
  vertex -7.54874992 9.59856987 7.37500048
  vertex -7.54874992 9.59856987 7.50000048
  vertex -7.30125093 9.59856987 7.50000048
  endloop
 endfacet

 facet normal 6.73400677e-08 1 0
  outer loop
  vertex -7.54874992 9.59856987 7.50000048
  vertex -7.54874992 9.59856987 7.62500048
  vertex -7.30125093 9.59856987 7.50000048
  endloop
 endfacet

 facet normal 6.73400677e-08 1 0
  outer loop
  vertex -7.30125093 9.59856987 7.37500048
  vertex -7.54874992 9.59856987 7.25000048
  vertex -7.54874992 9.59856987 7.37500048
  endloop
 endfacet

 facet normal 6.73400677e-08 1 0
  outer loop
  vertex -7.30125093 9.59856987 7.75000048
  vertex -7.30125093 9.59856987 7.62500048
  vertex -7.54874992 9.59856987 7.62500048
  endloop
 endfacet

 facet normal 6.73400677e-08 1 0
  outer loop
  vertex -7.30125093 9.59856987 7.62500048
  vertex -7.30125093 9.59856987 7.50000048
  vertex -7.54874992 9.59856987 7.62500048
  endloop
 endfacet

 facet normal 6.73400677e-08 1 0
  outer loop
  vertex -7.30125093 9.59856987 7.50000048
  vertex -7.30125093 9.59856987 7.37500048
  vertex -7.54874992 9.59856987 7.37500048
  endloop
 endfacet

 facet normal 6.73400677e-08 0 1
  outer loop
  vertex -7.30125093 7.22356892 7.37500048
  vertex -7.1775012 7.22356892 7.37500048
  vertex -7.1775012 9.59856987 7.37500048
  endloop
 endfacet

 facet normal 1 0 0
  outer loop
  vertex -7.30125093 4.84856892 7.37500048
  vertex -7.30125093 4.84856892 7.50000048
  vertex -7.30125093 2.47356892 7.50000048
  endloop
 endfacet

 facet normal 1 0 0
  outer loop
  vertex -7.30125093 9.59856987 7.37500048
  vertex -7.30125093 9.59856987 7.50000048
  vertex -7.30125093 7.22356892 7.50000048
  endloop
 endfacet

 facet normal 1 0 0
  outer loop
  vertex -7.30125093 7.22356892 7.37500048
  vertex -7.30125093 7.22356892 7.50000048
  vertex -7.30125093 4.84856892 7.50000048
  endloop
 endfacet

 facet normal -6.73400677e-08 0 -1
  outer loop
  vertex -7.30125093 4.84856892 7.25000048
  vertex -7.17749977 4.84856892 7.25000048
  vertex -7.17749977 2.47356892 7.25000048
  endloop
 endfacet

 facet normal -6.73400677e-08 0 -1
  outer loop
  vertex -7.30125093 2.47356892 7.62500048
  vertex -7.17749977 2.47356892 7.62500048
  vertex -7.17749977 0.0985689163 7.62500048
  endloop
 endfacet

 facet normal 1 0 0
  outer loop
  vertex -7.30125093 2.47356892 7.37500048
  vertex -7.30125093 2.47356892 7.50000048
  vertex -7.30124903 0.0985689163 7.50000048
  endloop
 endfacet

 facet normal 6.73400677e-08 0 1
  outer loop
  vertex -7.30125093 7.22356892 7.75000048
  vertex -7.1775012 7.22356892 7.75000048
  vertex -7.1775012 9.59856987 7.75000048
  endloop
 endfacet

 facet normal -6.73400677e-08 0 -1
  outer loop
  vertex -7.30125093 7.22356892 7.25000048
  vertex -7.1775012 7.22356892 7.25000048
  vertex -7.17749977 4.84856892 7.25000048
  endloop
 endfacet

 facet normal 6.73400677e-08 0 1
  outer loop
  vertex -7.30125093 4.84856892 7.37500048
  vertex -7.17749977 4.84856892 7.37500048
  vertex -7.1775012 7.22356892 7.37500048
  endloop
 endfacet

 facet normal 1 0 0
  outer loop
  vertex -7.30125093 2.47356892 7.50000048
  vertex -7.30125093 2.47356892 7.62500048
  vertex -7.30124903 0.0985689163 7.62500048
  endloop
 endfacet

 facet normal 1 0 0
  outer loop
  vertex -7.30125093 4.84856892 7.50000048
  vertex -7.30125093 4.84856892 7.62500048
  vertex -7.30125093 2.47356892 7.62500048
  endloop
 endfacet

 facet normal 6.73400677e-08 1 0
  outer loop
  vertex -7.30125093 9.59856987 7.37500048
  vertex -7.1775012 9.59856987 7.37500048
  vertex -7.1775012 9.59856987 7.25000048
  endloop
 endfacet

 facet normal 1 0 0
  outer loop
  vertex -7.30125093 7.22356892 7.50000048
  vertex -7.30125093 7.22356892 7.62500048
  vertex -7.30125093 4.84856892 7.62500048
  endloop
 endfacet

 facet normal 1 0 0
  outer loop
  vertex -7.30125093 9.59856987 7.50000048
  vertex -7.30125093 9.59856987 7.62500048
  vertex -7.30125093 7.22356892 7.62500048
  endloop
 endfacet

 facet normal 1 0 0
  outer loop
  vertex -7.1775012 9.59856987 7.62500048
  vertex -7.1775012 9.59856987 7.75000048
  vertex -7.1775012 7.22356892 7.75000048
  endloop
 endfacet

 facet normal 1 0 0
  outer loop
  vertex -7.17749977 4.84856892 7.62500048
  vertex -7.17749977 4.84856892 7.75000048
  vertex -7.17749977 2.47356892 7.75000048
  endloop
 endfacet

 facet normal 1 0 0
  outer loop
  vertex -7.1775012 7.22356892 7.25000048
  vertex -7.1775012 7.22356892 7.37500048
  vertex -7.17749977 4.84856892 7.37500048
  endloop
 endfacet

 facet normal 1 0 0
  outer loop
  vertex -7.1775012 9.59856987 7.25000048
  vertex -7.1775012 9.59856987 7.37500048
  vertex -7.1775012 7.22356892 7.37500048
  endloop
 endfacet

 facet normal 1 0 0
  outer loop
  vertex -7.17749977 2.47356892 7.25000048
  vertex -7.17749977 2.47356892 7.37500048
  vertex -7.17749977 0.0985689163 7.37500048
  endloop
 endfacet

 facet normal 1 0 0
  outer loop
  vertex -7.17749977 4.84856892 7.25000048
  vertex -7.17749977 4.84856892 7.37500048
  vertex -7.17749977 2.47356892 7.37500048
  endloop
 endfacet

 facet normal 1 0 0
  outer loop
  vertex -7.17749977 2.47356892 7.62500048
  vertex -7.17749977 2.47356892 7.75000048
  vertex -7.17749977 0.0985689163 7.75000048
  endloop
 endfacet

 facet normal 1 0 0
  outer loop
  vertex -7.1775012 7.22356892 7.62500048
  vertex -7.1775012 7.22356892 7.75000048
  vertex -7.17749977 4.84856892 7.75000048
  endloop
 endfacet

 facet normal -6.73400677e-08 0 -1
  outer loop
  vertex -7.30124903 2.47356892 7.25000048
  vertex -7.17749977 2.47356892 7.25000048
  vertex -7.17749977 0.0985689163 7.25000048
  endloop
 endfacet

 facet normal -6.73400677e-08 -1 0
  outer loop
  vertex -7.30124903 0.0985689163 7.25000048
  vertex -7.17749977 0.0985689163 7.25000048
  vertex -7.17749977 0.0985689163 7.37500048
  endloop
 endfacet

 facet normal 6.73400677e-08 0 1
  outer loop
  vertex -7.30125093 4.84856892 7.75000048
  vertex -7.17749977 4.84856892 7.75000048
  vertex -7.1775012 7.22356892 7.75000048
  endloop
 endfacet

 facet normal 6.73400677e-08 1 0
  outer loop
  vertex -7.30125093 9.59856987 7.75000048
  vertex -7.1775012 9.59856987 7.75000048
  vertex -7.1775012 9.59856987 7.62500048
  endloop
 endfacet

 facet normal 6.73400677e-08 0 1
  outer loop
  vertex -7.30125093 2.47356892 7.75000048
  vertex -7.17749977 2.47356892 7.75000048
  vertex -7.17749977 4.84856892 7.75000048
  endloop
 endfacet

 facet normal 6.73400677e-08 0 1
  outer loop
  vertex -7.30124903 0.0985689163 7.37500048
  vertex -7.17749977 0.0985689163 7.37500048
  vertex -7.17749977 2.47356892 7.37500048
  endloop
 endfacet

 facet normal -6.73400962e-08 -3.76452988e-07 -1
  outer loop
  vertex -7.30125093 7.22356892 7.62500048
  vertex -7.1775012 7.22356892 7.62500048
  vertex -7.17749977 4.84856892 7.62500048
  endloop
 endfacet

 facet normal 6.73400677e-08 0 1
  outer loop
  vertex -7.30124903 0.0985689163 7.75000048
  vertex -7.17749977 0.0985689163 7.75000048
  vertex -7.17749977 2.47356892 7.75000048
  endloop
 endfacet

 facet normal -6.73400677e-08 0 -1
  outer loop
  vertex -7.30125093 9.59856987 7.25000048
  vertex -7.1775012 9.59856987 7.25000048
  vertex -7.1775012 7.22356892 7.25000048
  endloop
 endfacet

 facet normal 6.73400677e-08 0 1
  outer loop
  vertex -7.30125093 2.47356892 7.37500048
  vertex -7.17749977 2.47356892 7.37500048
  vertex -7.17749977 4.84856892 7.37500048
  endloop
 endfacet

 facet normal -6.73400677e-08 0 -1
  outer loop
  vertex -7.30125093 9.59856987 7.62500048
  vertex -7.1775012 9.59856987 7.62500048
  vertex -7.1775012 7.22356892 7.62500048
  endloop
 endfacet

 facet normal -6.73400677e-08 -1 0
  outer loop
  vertex -7.30124903 0.0985689163 7.62500048
  vertex -7.17749977 0.0985689163 7.62500048
  vertex -7.17749977 0.0985689163 7.75000048
  endloop
 endfacet

 facet normal 6.73400677e-08 0 1
  outer loop
  vertex -7.54874992 9.59856987 7.75000048
  vertex -7.67250061 9.59856987 7.75000048
  vertex -7.67250061 7.22356892 7.75000048
  endloop
 endfacet

 facet normal -1 0 0
  outer loop
  vertex -7.54874992 4.84856892 7.62500048
  vertex -7.54874992 4.84856892 7.50000048
  vertex -7.54874992 2.47356892 7.50000048
  endloop
 endfacet

 facet normal -1 0 0
  outer loop
  vertex -7.54874992 9.59856987 7.62500048
  vertex -7.54874992 9.59856987 7.50000048
  vertex -7.54874992 7.22356892 7.50000048
  endloop
 endfacet

 facet normal -1 0 0
  outer loop
  vertex -7.54874992 7.22356892 7.62500048
  vertex -7.54874992 7.22356892 7.50000048
  vertex -7.54874992 4.84856892 7.50000048
  endloop
 endfacet

 facet normal 6.73400677e-08 0 1
  outer loop
  vertex -7.54874992 2.47356892 7.75000048
  vertex -7.67250061 2.47356892 7.75000048
  vertex -7.67250061 0.0985689163 7.75000048
  endloop
 endfacet

 facet normal 6.73400677e-08 0 1
  outer loop
  vertex -7.54874992 9.59856987 7.37500048
  vertex -7.67250061 9.59856987 7.37500048
  vertex -7.67250061 7.22356892 7.37500048
  endloop
 endfacet

 facet normal -1 0 0
  outer loop
  vertex -7.54874992 2.47356892 7.62500048
  vertex -7.54874992 2.47356892 7.50000048
  vertex -7.54874992 0.0985689163 7.50000048
  endloop
 endfacet

 facet normal -6.73400677e-08 -1 0
  outer loop
  vertex -7.54874992 0.0985689163 7.75000048
  vertex -7.67250061 0.0985689163 7.75000048
  vertex -7.67250061 0.0985689163 7.62500048
  endloop
 endfacet

 facet normal -6.73400677e-08 0 -1
  outer loop
  vertex -7.54874992 2.47356892 7.62500048
  vertex -7.67250061 2.47356892 7.62500048
  vertex -7.67250061 4.84856892 7.62500048
  endloop
 endfacet

 facet normal -6.73400677e-08 -1 0
  outer loop
  vertex -7.54874992 0.0985689163 7.37500048
  vertex -7.67250061 0.0985689163 7.37500048
  vertex -7.67250061 0.0985689163 7.25000048
  endloop
 endfacet

 facet normal -1 0 0
  outer loop
  vertex -7.54874992 2.47356892 7.50000048
  vertex -7.54874992 2.47356892 7.37500048
  vertex -7.54874992 0.0985689163 7.37500048
  endloop
 endfacet

 facet normal -1 0 0
  outer loop
  vertex -7.54874992 4.84856892 7.50000048
  vertex -7.54874992 4.84856892 7.37500048
  vertex -7.54874992 2.47356892 7.37500048
  endloop
 endfacet

 facet normal 6.73400677e-08 0 1
  outer loop
  vertex -7.54874992 7.22356892 7.37500048
  vertex -7.67250061 7.22356892 7.37500048
  vertex -7.67250061 4.84856892 7.37500048
  endloop
 endfacet

 facet normal -1 0 0
  outer loop
  vertex -7.54874992 7.22356892 7.50000048
  vertex -7.54874992 7.22356892 7.37500048
  vertex -7.54874992 4.84856892 7.37500048
  endloop
 endfacet

 facet normal -1 0 0
  outer loop
  vertex -7.54874992 9.59856987 7.50000048
  vertex -7.54874992 9.59856987 7.37500048
  vertex -7.54874992 7.22356892 7.37500048
  endloop
 endfacet

 facet normal -1 0 0
  outer loop
  vertex -7.67250061 9.59856987 7.37500048
  vertex -7.67250061 9.59856987 7.25000048
  vertex -7.67250061 7.22356892 7.25000048
  endloop
 endfacet

 facet normal -1 0 0
  outer loop
  vertex -7.67250061 4.84856892 7.37500048
  vertex -7.67250061 4.84856892 7.25000048
  vertex -7.67250061 2.47356892 7.25000048
  endloop
 endfacet

 facet normal -1 0 0
  outer loop
  vertex -7.67250061 7.22356892 7.75000048
  vertex -7.67250061 7.22356892 7.62500048
  vertex -7.67250061 4.84856892 7.62500048
  endloop
 endfacet

 facet normal -1 0 0
  outer loop
  vertex -7.67250061 9.59856987 7.75000048
  vertex -7.67250061 9.59856987 7.62500048
  vertex -7.67250061 7.22356892 7.62500048
  endloop
 endfacet

 facet normal -1 0 0
  outer loop
  vertex -7.67250061 2.47356892 7.75000048
  vertex -7.67250061 2.47356892 7.62500048
  vertex -7.67250061 0.0985689163 7.62500048
  endloop
 endfacet

 facet normal -1 0 0
  outer loop
  vertex -7.67250061 4.84856892 7.75000048
  vertex -7.67250061 4.84856892 7.62500048
  vertex -7.67250061 2.47356892 7.62500048
  endloop
 endfacet

 facet normal -1 0 0
  outer loop
  vertex -7.67250061 2.47356892 7.37500048
  vertex -7.67250061 2.47356892 7.25000048
  vertex -7.67250061 0.0985689163 7.25000048
  endloop
 endfacet

 facet normal -1 0 0
  outer loop
  vertex -7.67250061 7.22356892 7.37500048
  vertex -7.67250061 7.22356892 7.25000048
  vertex -7.67250061 4.84856892 7.25000048
  endloop
 endfacet

 facet normal -6.73400677e-08 0 -1
  outer loop
  vertex -7.54874992 4.84856892 7.62500048
  vertex -7.67250061 4.84856892 7.62500048
  vertex -7.67250061 7.22356892 7.62500048
  endloop
 endfacet

 facet normal 6.73400677e-08 1 0
  outer loop
  vertex -7.54874992 9.59856987 7.25000048
  vertex -7.67250061 9.59856987 7.25000048
  vertex -7.67250061 9.59856987 7.37500048
  endloop
 endfacet

 facet normal -6.73400677e-08 0 -1
  outer loop
  vertex -7.54874992 7.22356892 7.25000048
  vertex -7.67250061 7.22356892 7.25000048
  vertex -7.67250061 9.59856987 7.25000048
  endloop
 endfacet

 facet normal 6.73400677e-08 0 1
  outer loop
  vertex -7.54874992 2.47356892 7.37500048
  vertex -7.67250061 2.47356892 7.37500048
  vertex -7.67250061 0.0985689163 7.37500048
  endloop
 endfacet

 facet normal -6.73400677e-08 0 -1
  outer loop
  vertex -7.54874992 7.22356892 7.62500048
  vertex -7.67250061 7.22356892 7.62500048
  vertex -7.67250061 9.59856987 7.62500048
  endloop
 endfacet

 facet normal -6.73400677e-08 0 -1
  outer loop
  vertex -7.54874992 0.0985689163 7.25000048
  vertex -7.67250061 0.0985689163 7.25000048
  vertex -7.67250061 2.47356892 7.25000048
  endloop
 endfacet

 facet normal 6.73400677e-08 0 1
  outer loop
  vertex -7.54874992 4.84856892 7.75000048
  vertex -7.67250061 4.84856892 7.75000048
  vertex -7.67250061 2.47356892 7.75000048
  endloop
 endfacet

 facet normal 6.73400677e-08 0 1
  outer loop
  vertex -7.54874992 4.84856892 7.37500048
  vertex -7.67250061 4.84856892 7.37500048
  vertex -7.67250061 2.47356892 7.37500048
  endloop
 endfacet

 facet normal 6.73400677e-08 0 1
  outer loop
  vertex -7.54874992 7.22356892 7.75000048
  vertex -7.67250061 7.22356892 7.75000048
  vertex -7.67250061 4.84856892 7.75000048
  endloop
 endfacet

 facet normal -6.73400677e-08 0 -1
  outer loop
  vertex -7.54874992 4.84856892 7.25000048
  vertex -7.67250061 4.84856892 7.25000048
  vertex -7.67250061 7.22356892 7.25000048
  endloop
 endfacet

 facet normal -6.73400677e-08 0 -1
  outer loop
  vertex -7.54874992 2.47356892 7.25000048
  vertex -7.67250061 2.47356892 7.25000048
  vertex -7.67250061 4.84856892 7.25000048
  endloop
 endfacet

 facet normal -6.73400677e-08 0 -1
  outer loop
  vertex -7.54874992 0.0985689163 7.62500048
  vertex -7.67250061 0.0985689163 7.62500048
  vertex -7.67250061 2.47356892 7.62500048
  endloop
 endfacet

 facet normal 6.73400677e-08 1 0
  outer loop
  vertex 7.30124903 9.59856987 15.124999
  vertex 7.17749977 9.59856987 15.124999
  vertex 7.17749977 9.59856987 15.249999
  endloop
 endfacet

 facet normal -6.73400677e-08 0 -1
  outer loop
  vertex 7.54874992 0.09856987 14.749999
  vertex 7.30124903 0.09856987 14.749999
  vertex 7.30124903 2.47357035 14.749999
  endloop
 endfacet

 facet normal -6.73400677e-08 0 -1
  outer loop
  vertex 7.30124903 2.47357035 14.749999
  vertex 7.30124903 4.84857035 14.749999
  vertex 7.54874992 4.84857035 14.749999
  endloop
 endfacet

 facet normal -6.73400677e-08 0 -1
  outer loop
  vertex 7.30124903 4.84857035 14.749999
  vertex 7.30124903 7.22357035 14.749999
  vertex 7.54874992 4.84857035 14.749999
  endloop
 endfacet

 facet normal -6.73400677e-08 0 -1
  outer loop
  vertex 7.54874992 2.47357035 14.749999
  vertex 7.54874992 0.09856987 14.749999
  vertex 7.30124903 2.47357035 14.749999
  endloop
 endfacet

 facet normal -6.73401175e-08 -7.52900064e-07 -1
  outer loop
  vertex 7.54874992 9.59856987 14.749999
  vertex 7.54874992 7.22357035 14.749999
  vertex 7.30124903 7.22357035 14.749999
  endloop
 endfacet

 facet normal -6.73400677e-08 0 -1
  outer loop
  vertex 7.54874992 7.22357035 14.749999
  vertex 7.54874992 4.84857035 14.749999
  vertex 7.30124903 7.22357035 14.749999
  endloop
 endfacet

 facet normal -6.73400677e-08 0 -1
  outer loop
  vertex 7.54874992 4.84857035 14.749999
  vertex 7.54874992 2.47357035 14.749999
  vertex 7.30124903 2.47357035 14.749999
  endloop
 endfacet

 facet normal -6.73400677e-08 0 -1
  outer loop
  vertex 7.54874992 4.84857035 15.124999
  vertex 7.67250061 4.84857035 15.124999
  vertex 7.67250061 2.47357035 15.124999
  endloop
 endfacet

 facet normal 6.73400677e-08 0 1
  outer loop
  vertex 7.30124903 0.09856987 15.249999
  vertex 7.54874992 0.09856987 15.249999
  vertex 7.54874992 2.47357035 15.249999
  endloop
 endfacet

 facet normal 6.73400677e-08 0 1
  outer loop
  vertex 7.54874992 4.84857035 15.249999
  vertex 7.54874992 7.22357035 15.249999
  vertex 7.30124903 4.84857035 15.249999
  endloop
 endfacet

 facet normal 6.73400677e-08 0 1
  outer loop
  vertex 7.54874992 7.22357035 15.249999
  vertex 7.54874992 9.59856987 15.249999
  vertex 7.30124903 7.22357035 15.249999
  endloop
 endfacet

 facet normal 6.73400677e-08 0 1
  outer loop
  vertex 7.30124903 4.84857035 15.249999
  vertex 7.54874992 7.22357035 15.249999
  vertex 7.30124903 7.22357035 15.249999
  endloop
 endfacet

 facet normal 6.73400677e-08 0 1
  outer loop
  vertex 7.30124903 0.09856987 15.249999
  vertex 7.54874992 2.47357035 15.249999
  vertex 7.30124903 2.47357035 15.249999
  endloop
 endfacet

 facet normal 6.73400677e-08 0 1
  outer loop
  vertex 7.54874992 2.47357035 15.249999
  vertex 7.54874992 4.84857035 15.249999
  vertex 7.30124903 2.47357035 15.249999
  endloop
 endfacet

 facet normal 6.73400677e-08 0 1
  outer loop
  vertex 7.30124903 4.84857035 15.249999
  vertex 7.30124903 2.47357035 15.249999
  vertex 7.54874992 4.84857035 15.249999
  endloop
 endfacet

 facet normal -6.73400677e-08 -1 0
  outer loop
  vertex 7.30124903 0.09856987 14.874999
  vertex 7.30124903 0.09856987 14.749999
  vertex 7.54874992 0.09856987 14.749999
  endloop
 endfacet

 facet normal -6.73400677e-08 -1 0
  outer loop
  vertex 7.54874992 0.09856987 14.874999
  vertex 7.54874992 0.09856987 14.999999
  vertex 7.30124903 0.09856987 14.999999
  endloop
 endfacet

 facet normal -6.73400677e-08 -1 0
  outer loop
  vertex 7.54874992 0.09856987 14.999999
  vertex 7.54874992 0.09856987 15.124999
  vertex 7.30124903 0.09856987 14.999999
  endloop
 endfacet

 facet normal -6.73400677e-08 -1 0
  outer loop
  vertex 7.30124903 0.09856987 14.874999
  vertex 7.54874992 0.09856987 14.749999
  vertex 7.54874992 0.09856987 14.874999
  endloop
 endfacet

 facet normal -6.73400677e-08 -1 0
  outer loop
  vertex 7.30124903 0.09856987 15.249999
  vertex 7.30124903 0.09856987 15.124999
  vertex 7.54874992 0.09856987 15.124999
  endloop
 endfacet

 facet normal -6.73400677e-08 -1 0
  outer loop
  vertex 7.30124903 0.09856987 15.124999
  vertex 7.30124903 0.09856987 14.999999
  vertex 7.54874992 0.09856987 15.124999
  endloop
 endfacet

 facet normal -6.73400677e-08 -1 0
  outer loop
  vertex 7.30124903 0.09856987 14.999999
  vertex 7.30124903 0.09856987 14.874999
  vertex 7.54874992 0.09856987 14.874999
  endloop
 endfacet

 facet normal 6.73400677e-08 1 0
  outer loop
  vertex 7.54874992 9.59856987 14.874999
  vertex 7.54874992 9.59856987 14.749999
  vertex 7.30124903 9.59856987 14.749999
  endloop
 endfacet

 facet normal 6.73400677e-08 1 0
  outer loop
  vertex 7.30124903 9.59856987 14.874999
  vertex 7.30124903 9.59856987 14.999999
  vertex 7.54874992 9.59856987 14.999999
  endloop
 endfacet

 facet normal 6.73400677e-08 1 0
  outer loop
  vertex 7.30124903 9.59856987 14.999999
  vertex 7.30124903 9.59856987 15.124999
  vertex 7.54874992 9.59856987 14.999999
  endloop
 endfacet

 facet normal 6.73400677e-08 1 0
  outer loop
  vertex 7.54874992 9.59856987 14.874999
  vertex 7.30124903 9.59856987 14.749999
  vertex 7.30124903 9.59856987 14.874999
  endloop
 endfacet

 facet normal 6.73400677e-08 1 0
  outer loop
  vertex 7.54874992 9.59856987 15.249999
  vertex 7.54874992 9.59856987 15.124999
  vertex 7.30124903 9.59856987 15.124999
  endloop
 endfacet

 facet normal 6.73400677e-08 1 0
  outer loop
  vertex 7.54874992 9.59856987 15.124999
  vertex 7.54874992 9.59856987 14.999999
  vertex 7.30124903 9.59856987 15.124999
  endloop
 endfacet

 facet normal 6.73400677e-08 1 0
  outer loop
  vertex 7.54874992 9.59856987 14.999999
  vertex 7.54874992 9.59856987 14.874999
  vertex 7.30124903 9.59856987 14.874999
  endloop
 endfacet

 facet normal 6.73400677e-08 0 1
  outer loop
  vertex 7.54874992 7.22357035 14.874999
  vertex 7.67250061 7.22357035 14.874999
  vertex 7.67250061 9.59856987 14.874999
  endloop
 endfacet

 facet normal 1 0 0
  outer loop
  vertex 7.54874992 4.84857035 14.874999
  vertex 7.54874992 4.84857035 14.999999
  vertex 7.54874992 2.47357035 14.999999
  endloop
 endfacet

 facet normal 1 0 0
  outer loop
  vertex 7.54874992 9.59856987 14.874999
  vertex 7.54874992 9.59856987 14.999999
  vertex 7.54874992 7.22357035 14.999999
  endloop
 endfacet

 facet normal 1 0 0
  outer loop
  vertex 7.54874992 7.22357035 14.874999
  vertex 7.54874992 7.22357035 14.999999
  vertex 7.54874992 4.84857035 14.999999
  endloop
 endfacet

 facet normal -6.73400677e-08 0 -1
  outer loop
  vertex 7.54874992 4.84857035 14.749999
  vertex 7.67250061 4.84857035 14.749999
  vertex 7.67250061 2.47357035 14.749999
  endloop
 endfacet

 facet normal -6.73400677e-08 0 -1
  outer loop
  vertex 7.54874992 2.47357035 15.124999
  vertex 7.67250061 2.47357035 15.124999
  vertex 7.67250061 0.09856987 15.124999
  endloop
 endfacet

 facet normal 1 0 0
  outer loop
  vertex 7.54874992 2.47357035 14.874999
  vertex 7.54874992 2.47357035 14.999999
  vertex 7.54874992 0.09856987 14.999999
  endloop
 endfacet

 facet normal 6.73400677e-08 0 1
  outer loop
  vertex 7.54874992 7.22357035 15.249999
  vertex 7.67250061 7.22357035 15.249999
  vertex 7.67250061 9.59856987 15.249999
  endloop
 endfacet

 facet normal -6.73400677e-08 0 -1
  outer loop
  vertex 7.54874992 7.22357035 14.749999
  vertex 7.67250061 7.22357035 14.749999
  vertex 7.67250061 4.84857035 14.749999
  endloop
 endfacet

 facet normal 6.73400677e-08 0 1
  outer loop
  vertex 7.54874992 4.84857035 14.874999
  vertex 7.67250061 4.84857035 14.874999
  vertex 7.67250061 7.22357035 14.874999
  endloop
 endfacet

 facet normal 1 0 0
  outer loop
  vertex 7.54874992 2.47357035 14.999999
  vertex 7.54874992 2.47357035 15.124999
  vertex 7.54874992 0.09856987 15.124999
  endloop
 endfacet

 facet normal 1 0 0
  outer loop
  vertex 7.54874992 4.84857035 14.999999
  vertex 7.54874992 4.84857035 15.124999
  vertex 7.54874992 2.47357035 15.124999
  endloop
 endfacet

 facet normal 6.73400677e-08 1 0
  outer loop
  vertex 7.54874992 9.59856987 14.874999
  vertex 7.67250061 9.59856987 14.874999
  vertex 7.67250061 9.59856987 14.749999
  endloop
 endfacet

 facet normal 1 0 0
  outer loop
  vertex 7.54874992 7.22357035 14.999999
  vertex 7.54874992 7.22357035 15.124999
  vertex 7.54874992 4.84857035 15.124999
  endloop
 endfacet

 facet normal 1 0 0
  outer loop
  vertex 7.54874992 9.59856987 14.999999
  vertex 7.54874992 9.59856987 15.124999
  vertex 7.54874992 7.22357035 15.124999
  endloop
 endfacet

 facet normal 1 0 0
  outer loop
  vertex 7.67250061 9.59856987 15.124999
  vertex 7.67250061 9.59856987 15.249999
  vertex 7.67250061 7.22357035 15.249999
  endloop
 endfacet

 facet normal 1 0 0
  outer loop
  vertex 7.67250061 4.84857035 15.124999
  vertex 7.67250061 4.84857035 15.249999
  vertex 7.67250061 2.47357035 15.249999
  endloop
 endfacet

 facet normal 1 0 0
  outer loop
  vertex 7.67250061 7.22357035 14.749999
  vertex 7.67250061 7.22357035 14.874999
  vertex 7.67250061 4.84857035 14.874999
  endloop
 endfacet

 facet normal 1 0 0
  outer loop
  vertex 7.67250061 9.59856987 14.749999
  vertex 7.67250061 9.59856987 14.874999
  vertex 7.67250061 7.22357035 14.874999
  endloop
 endfacet

 facet normal 1 0 0
  outer loop
  vertex 7.67250061 2.47357035 14.749999
  vertex 7.67250061 2.47357035 14.874999
  vertex 7.67250061 0.09856987 14.874999
  endloop
 endfacet

 facet normal 1 0 0
  outer loop
  vertex 7.67250061 4.84857035 14.749999
  vertex 7.67250061 4.84857035 14.874999
  vertex 7.67250061 2.47357035 14.874999
  endloop
 endfacet

 facet normal 1 0 0
  outer loop
  vertex 7.67250061 2.47357035 15.124999
  vertex 7.67250061 2.47357035 15.249999
  vertex 7.67250061 0.09856987 15.249999
  endloop
 endfacet

 facet normal 1 0 0
  outer loop
  vertex 7.67250061 7.22357035 15.124999
  vertex 7.67250061 7.22357035 15.249999
  vertex 7.67250061 4.84857035 15.249999
  endloop
 endfacet

 facet normal -6.73400677e-08 0 -1
  outer loop
  vertex 7.54874992 2.47357035 14.749999
  vertex 7.67250061 2.47357035 14.749999
  vertex 7.67250061 0.09856987 14.749999
  endloop
 endfacet

 facet normal -6.73400677e-08 -1 0
  outer loop
  vertex 7.54874992 0.09856987 14.749999
  vertex 7.67250061 0.09856987 14.749999
  vertex 7.67250061 0.09856987 14.874999
  endloop
 endfacet

 facet normal 6.73400677e-08 0 1
  outer loop
  vertex 7.54874992 4.84857035 15.249999
  vertex 7.67250061 4.84857035 15.249999
  vertex 7.67250061 7.22357035 15.249999
  endloop
 endfacet

 facet normal 6.73400677e-08 1 0
  outer loop
  vertex 7.54874992 9.59856987 15.249999
  vertex 7.67250061 9.59856987 15.249999
  vertex 7.67250061 9.59856987 15.124999
  endloop
 endfacet

 facet normal 6.73400677e-08 0 1
  outer loop
  vertex 7.54874992 2.47357035 15.249999
  vertex 7.67250061 2.47357035 15.249999
  vertex 7.67250061 4.84857035 15.249999
  endloop
 endfacet

 facet normal 6.73400677e-08 0 1
  outer loop
  vertex 7.54874992 0.09856987 14.874999
  vertex 7.67250061 0.09856987 14.874999
  vertex 7.67250061 2.47357035 14.874999
  endloop
 endfacet

 facet normal -6.73400677e-08 0 -1
  outer loop
  vertex 7.54874992 7.22357035 15.124999
  vertex 7.67250061 7.22357035 15.124999
  vertex 7.67250061 4.84857035 15.124999
  endloop
 endfacet

 facet normal 6.73400677e-08 0 1
  outer loop
  vertex 7.54874992 0.09856987 15.249999
  vertex 7.67250061 0.09856987 15.249999
  vertex 7.67250061 2.47357035 15.249999
  endloop
 endfacet

 facet normal -6.73400677e-08 0 -1
  outer loop
  vertex 7.54874992 9.59856987 14.749999
  vertex 7.67250061 9.59856987 14.749999
  vertex 7.67250061 7.22357035 14.749999
  endloop
 endfacet

 facet normal 6.73400677e-08 0 1
  outer loop
  vertex 7.54874992 2.47357035 14.874999
  vertex 7.67250061 2.47357035 14.874999
  vertex 7.67250061 4.84857035 14.874999
  endloop
 endfacet

 facet normal -6.73400677e-08 0 -1
  outer loop
  vertex 7.54874992 9.59856987 15.124999
  vertex 7.67250061 9.59856987 15.124999
  vertex 7.67250061 7.22357035 15.124999
  endloop
 endfacet

 facet normal -6.73400677e-08 -1 0
  outer loop
  vertex 7.54874992 0.09856987 15.124999
  vertex 7.67250061 0.09856987 15.124999
  vertex 7.67250061 0.09856987 15.249999
  endloop
 endfacet

 facet normal 6.73400677e-08 0 1
  outer loop
  vertex 7.30124903 9.59856987 15.249999
  vertex 7.17749977 9.59856987 15.249999
  vertex 7.17749977 7.22357035 15.249999
  endloop
 endfacet

 facet normal -1 0 0
  outer loop
  vertex 7.30124903 4.84857035 15.124999
  vertex 7.30124903 4.84857035 14.999999
  vertex 7.30124903 2.47357035 14.999999
  endloop
 endfacet

 facet normal -1 0 0
  outer loop
  vertex 7.30124903 9.59856987 15.124999
  vertex 7.30124903 9.59856987 14.999999
  vertex 7.30124903 7.22357035 14.999999
  endloop
 endfacet

 facet normal -1 0 0
  outer loop
  vertex 7.30124903 7.22357035 15.124999
  vertex 7.30124903 7.22357035 14.999999
  vertex 7.30124903 4.84857035 14.999999
  endloop
 endfacet

 facet normal 6.73400677e-08 0 1
  outer loop
  vertex 7.30124903 2.47357035 15.249999
  vertex 7.17749977 2.47357035 15.249999
  vertex 7.17749977 0.09856987 15.249999
  endloop
 endfacet

 facet normal 6.73400677e-08 0 1
  outer loop
  vertex 7.30124903 9.59856987 14.874999
  vertex 7.17749977 9.59856987 14.874999
  vertex 7.17749977 7.22357035 14.874999
  endloop
 endfacet

 facet normal -1 0 0
  outer loop
  vertex 7.30124903 2.47357035 15.124999
  vertex 7.30124903 2.47357035 14.999999
  vertex 7.30124903 0.09856987 14.999999
  endloop
 endfacet

 facet normal -6.73400677e-08 -1 0
  outer loop
  vertex 7.30124903 0.09856987 15.249999
  vertex 7.17749977 0.09856987 15.249999
  vertex 7.17749977 0.09856987 15.124999
  endloop
 endfacet

 facet normal -6.73400962e-08 -3.76451538e-07 -1
  outer loop
  vertex 7.30124903 2.47357035 15.124999
  vertex 7.17749977 2.47357035 15.124999
  vertex 7.17749977 4.84857035 15.124999
  endloop
 endfacet

 facet normal -6.73400677e-08 -1 0
  outer loop
  vertex 7.30124903 0.09856987 14.874999
  vertex 7.17749977 0.09856987 14.874999
  vertex 7.17749977 0.09856987 14.749999
  endloop
 endfacet

 facet normal -1 0 0
  outer loop
  vertex 7.30124903 2.47357035 14.999999
  vertex 7.30124903 2.47357035 14.874999
  vertex 7.30124903 0.09856987 14.874999
  endloop
 endfacet

 facet normal -1 0 0
  outer loop
  vertex 7.30124903 4.84857035 14.999999
  vertex 7.30124903 4.84857035 14.874999
  vertex 7.30124903 2.47357035 14.874999
  endloop
 endfacet

 facet normal 6.73400677e-08 0 1
  outer loop
  vertex 7.30124903 7.22357035 14.874999
  vertex 7.17749977 7.22357035 14.874999
  vertex 7.17749977 4.84857035 14.874999
  endloop
 endfacet

 facet normal -1 0 0
  outer loop
  vertex 7.30124903 7.22357035 14.999999
  vertex 7.30124903 7.22357035 14.874999
  vertex 7.30124903 4.84857035 14.874999
  endloop
 endfacet

 facet normal -1 0 0
  outer loop
  vertex 7.30124903 9.59856987 14.999999
  vertex 7.30124903 9.59856987 14.874999
  vertex 7.30124903 7.22357035 14.874999
  endloop
 endfacet

 facet normal -1 0 0
  outer loop
  vertex 7.17749977 9.59856987 14.874999
  vertex 7.17749977 9.59856987 14.749999
  vertex 7.17749977 7.22357035 14.749999
  endloop
 endfacet

 facet normal -1 0 0
  outer loop
  vertex 7.17749977 4.84857035 14.874999
  vertex 7.17749977 4.84857035 14.749999
  vertex 7.17749977 2.47357035 14.749999
  endloop
 endfacet

 facet normal -1 0 0
  outer loop
  vertex 7.17749977 7.22357035 15.249999
  vertex 7.17749977 7.22357035 15.124999
  vertex 7.17749977 4.84857035 15.124999
  endloop
 endfacet

 facet normal -1 0 0
  outer loop
  vertex 7.17749977 9.59856987 15.249999
  vertex 7.17749977 9.59856987 15.124999
  vertex 7.17749977 7.22357035 15.124999
  endloop
 endfacet

 facet normal -1 0 0
  outer loop
  vertex 7.17749977 2.47357035 15.249999
  vertex 7.17749977 2.47357035 15.124999
  vertex 7.17749977 0.09856987 15.124999
  endloop
 endfacet

 facet normal -1 0 0
  outer loop
  vertex 7.17749977 4.84857035 15.249999
  vertex 7.17749977 4.84857035 15.124999
  vertex 7.17749977 2.47357035 15.124999
  endloop
 endfacet

 facet normal -1 0 0
  outer loop
  vertex 7.17749977 2.47357035 14.874999
  vertex 7.17749977 2.47357035 14.749999
  vertex 7.17749977 0.09856987 14.749999
  endloop
 endfacet

 facet normal -1 0 0
  outer loop
  vertex 7.17749977 7.22357035 14.874999
  vertex 7.17749977 7.22357035 14.749999
  vertex 7.17749977 4.84857035 14.749999
  endloop
 endfacet

 facet normal -6.73400677e-08 0 -1
  outer loop
  vertex 7.30124903 4.84857035 15.124999
  vertex 7.17749977 4.84857035 15.124999
  vertex 7.17749977 7.22357035 15.124999
  endloop
 endfacet

 facet normal 6.73400677e-08 1 0
  outer loop
  vertex 7.30124903 9.59856987 14.749999
  vertex 7.17749977 9.59856987 14.749999
  vertex 7.17749977 9.59856987 14.874999
  endloop
 endfacet

 facet normal -6.73400677e-08 0 -1
  outer loop
  vertex 7.30124903 7.22357035 14.749999
  vertex 7.17749977 7.22357035 14.749999
  vertex 7.17749977 9.59856987 14.749999
  endloop
 endfacet

 facet normal 6.73400677e-08 0 1
  outer loop
  vertex 7.30124903 2.47357035 14.874999
  vertex 7.17749977 2.47357035 14.874999
  vertex 7.17749977 0.09856987 14.874999
  endloop
 endfacet

 facet normal -6.73400677e-08 0 -1
  outer loop
  vertex 7.30124903 7.22357035 15.124999
  vertex 7.17749977 7.22357035 15.124999
  vertex 7.17749977 9.59856987 15.124999
  endloop
 endfacet

 facet normal -6.73400677e-08 0 -1
  outer loop
  vertex 7.30124903 0.09856987 14.749999
  vertex 7.17749977 0.09856987 14.749999
  vertex 7.17749977 2.47357035 14.749999
  endloop
 endfacet

 facet normal 6.73401175e-08 7.52895062e-07 1
  outer loop
  vertex 7.30124903 4.84857035 15.249999
  vertex 7.17749977 4.84857035 15.249999
  vertex 7.17749977 2.47357035 15.249999
  endloop
 endfacet

 facet normal 6.73400393e-08 -3.76447019e-07 1
  outer loop
  vertex 7.30124903 4.84857035 14.874999
  vertex 7.17749977 4.84857035 14.874999
  vertex 7.17749977 2.47357035 14.874999
  endloop
 endfacet

 facet normal 6.73400677e-08 0 1
  outer loop
  vertex 7.30124903 7.22357035 15.249999
  vertex 7.17749977 7.22357035 15.249999
  vertex 7.17749977 4.84857035 15.249999
  endloop
 endfacet

 facet normal -6.73400677e-08 0 -1
  outer loop
  vertex 7.30124903 4.84857035 14.749999
  vertex 7.17749977 4.84857035 14.749999
  vertex 7.17749977 7.22357035 14.749999
  endloop
 endfacet

 facet normal -6.73400677e-08 0 -1
  outer loop
  vertex 7.30124903 2.47357035 14.749999
  vertex 7.17749977 2.47357035 14.749999
  vertex 7.17749977 4.84857035 14.749999
  endloop
 endfacet

 facet normal -6.73400677e-08 0 -1
  outer loop
  vertex 7.30124903 0.09856987 15.124999
  vertex 7.17749977 0.09856987 15.124999
  vertex 7.17749977 2.47357035 15.124999
  endloop
 endfacet

 facet normal 1 0 0
  outer loop
  vertex 14.8500004 9.72356892 15.124999
  vertex 14.8500004 9.72356892 15.249999
  vertex 14.8500004 9.59856892 15.249999
  endloop
 endfacet

 facet normal 6.73400677e-08 1 0
  outer loop
  vertex -14.8500004 10.0985708 14.875001
  vertex -14.8500004 10.0985708 15.125001
  vertex -7.4250021 10.0985708 15.125001
  endloop
 endfacet

 facet normal 6.73400677e-08 1 0
  outer loop
  vertex 0 10.0985699 15.125
  vertex 7.42500019 10.0985689 15.124999
  vertex 7.42500019 10.0985689 14.874999
  endloop
 endfacet

 facet normal 6.73400677e-08 1 0
  outer loop
  vertex 7.42500019 10.0985689 15.124999
  vertex 14.8500004 10.0985689 15.124999
  vertex 14.8500004 10.0985689 14.874999
  endloop
 endfacet

 facet normal 6.73400677e-08 1 0
  outer loop
  vertex -14.8500004 10.0985708 14.875001
  vertex -7.4250021 10.0985708 15.125001
  vertex -7.4250021 10.0985708 14.875001
  endloop
 endfacet

 facet normal 6.73400677e-08 1 0
  outer loop
  vertex -7.4250021 10.0985708 15.125001
  vertex 0 10.0985699 15.125
  vertex -7.4250021 10.0985708 14.875001
  endloop
 endfacet

 facet normal 6.73400677e-08 1 0
  outer loop
  vertex 7.42500019 10.0985689 14.874999
  vertex 0 10.0985699 14.875
  vertex 0 10.0985699 15.125
  endloop
 endfacet

 facet normal 6.73400677e-08 1 0
  outer loop
  vertex 0 10.0985699 14.875
  vertex -7.4250021 10.0985708 14.875001
  vertex 0 10.0985699 15.125
  endloop
 endfacet

 facet normal 6.73400677e-08 1 0
  outer loop
  vertex 0 9.72356987 14.875
  vertex 0 9.72356987 14.75
  vertex -7.4250021 9.72357082 14.750001
  endloop
 endfacet

 facet normal -6.73400677e-08 -1 0
  outer loop
  vertex -14.8500004 9.59857082 15.125001
  vertex -14.8500004 9.59857082 14.875001
  vertex -7.4250021 9.59856987 14.875001
  endloop
 endfacet

 facet normal -6.73400677e-08 -1 0
  outer loop
  vertex 0 9.59856987 14.875
  vertex 7.42500019 9.59856892 14.874999
  vertex 7.42500019 9.59856892 15.124999
  endloop
 endfacet

 facet normal -6.73400677e-08 -1 0
  outer loop
  vertex 7.42500019 9.59856892 14.874999
  vertex 14.8500004 9.59856892 14.874999
  vertex 14.8500004 9.59856892 15.124999
  endloop
 endfacet

 facet normal -6.73400677e-08 -1 0
  outer loop
  vertex -14.8500004 9.59857082 15.125001
  vertex -7.4250021 9.59856987 14.875001
  vertex -7.4250021 9.59856987 15.125001
  endloop
 endfacet

 facet normal -6.73400677e-08 -1 0
  outer loop
  vertex -7.4250021 9.59856987 14.875001
  vertex 0 9.59856987 14.875
  vertex -7.4250021 9.59856987 15.125001
  endloop
 endfacet

 facet normal -6.73400677e-08 -1 0
  outer loop
  vertex 7.42500019 9.59856892 15.124999
  vertex 0 9.59856987 15.125
  vertex 0 9.59856987 14.875
  endloop
 endfacet

 facet normal -6.73400677e-08 -1 0
  outer loop
  vertex 0 9.59856987 15.125
  vertex -7.4250021 9.59856987 15.125001
  vertex 0 9.59856987 14.875
  endloop
 endfacet

 facet normal -1 0 0
  outer loop
  vertex -14.8500004 9.97357082 15.125001
  vertex -14.8500004 10.0985708 15.125001
  vertex -14.8500004 10.0985708 14.875001
  endloop
 endfacet

 facet normal -1 0 0
  outer loop
  vertex -14.8500004 9.97357082 14.875001
  vertex -14.8500004 9.84857082 14.875001
  vertex -14.8500004 9.84857082 15.125001
  endloop
 endfacet

 facet normal -1 0 0
  outer loop
  vertex -14.8500004 9.84857082 14.875001
  vertex -14.8500004 9.72357082 14.875001
  vertex -14.8500004 9.84857082 15.125001
  endloop
 endfacet

 facet normal -1 0 0
  outer loop
  vertex -14.8500004 9.97357082 15.125001
  vertex -14.8500004 10.0985708 14.875001
  vertex -14.8500004 9.97357082 14.875001
  endloop
 endfacet

 facet normal -1 0 0
  outer loop
  vertex -14.8500004 9.59857082 15.125001
  vertex -14.8500004 9.72357082 15.125001
  vertex -14.8500004 9.72357082 14.875001
  endloop
 endfacet

 facet normal -1 0 0
  outer loop
  vertex -14.8500004 9.72357082 15.125001
  vertex -14.8500004 9.84857082 15.125001
  vertex -14.8500004 9.72357082 14.875001
  endloop
 endfacet

 facet normal -1 0 0
  outer loop
  vertex -14.8500004 9.84857082 15.125001
  vertex -14.8500004 9.97357082 15.125001
  vertex -14.8500004 9.97357082 14.875001
  endloop
 endfacet

 facet normal 1 0 0
  outer loop
  vertex 14.8500004 9.97356892 14.874999
  vertex 14.8500004 10.0985689 14.874999
  vertex 14.8500004 10.0985689 15.124999
  endloop
 endfacet

 facet normal 1 0 0
  outer loop
  vertex 14.8500004 9.97356892 15.124999
  vertex 14.8500004 9.84856892 15.124999
  vertex 14.8500004 9.84856892 14.874999
  endloop
 endfacet

 facet normal 1 0 0
  outer loop
  vertex 14.8500004 9.84856892 15.124999
  vertex 14.8500004 9.72356892 15.124999
  vertex 14.8500004 9.84856892 14.874999
  endloop
 endfacet

 facet normal 1 0 0
  outer loop
  vertex 14.8500004 9.97356892 14.874999
  vertex 14.8500004 10.0985689 15.124999
  vertex 14.8500004 9.97356892 15.124999
  endloop
 endfacet

 facet normal 1 0 0
  outer loop
  vertex 14.8500004 9.59856892 14.874999
  vertex 14.8500004 9.72356892 14.874999
  vertex 14.8500004 9.72356892 15.124999
  endloop
 endfacet

 facet normal 1 0 0
  outer loop
  vertex 14.8500004 9.72356892 14.874999
  vertex 14.8500004 9.84856892 14.874999
  vertex 14.8500004 9.72356892 15.124999
  endloop
 endfacet

 facet normal 1 0 0
  outer loop
  vertex 14.8500004 9.84856892 14.874999
  vertex 14.8500004 9.97356892 14.874999
  vertex 14.8500004 9.97356892 15.124999
  endloop
 endfacet

 facet normal -6.73400677e-08 -1 0
  outer loop
  vertex 7.42500019 9.97356892 14.874999
  vertex 7.42500019 9.97356892 14.749999
  vertex 14.8500004 9.97356892 14.749999
  endloop
 endfacet

 facet normal -6.73400677e-08 0 -1
  outer loop
  vertex 0 9.97356987 14.875
  vertex 0 9.84856987 14.875
  vertex -7.4250021 9.84857082 14.875001
  endloop
 endfacet

 facet normal -6.73400677e-08 0 -1
  outer loop
  vertex 14.8500004 9.97356892 14.874999
  vertex 14.8500004 9.84856892 14.874999
  vertex 7.42500019 9.84856892 14.874999
  endloop
 endfacet

 facet normal -6.73400677e-08 0 -1
  outer loop
  vertex 7.42500019 9.97356892 14.874999
  vertex 7.42500019 9.84856892 14.874999
  vertex 0 9.84856987 14.875
  endloop
 endfacet

 facet normal 6.73400677e-08 1 0
  outer loop
  vertex 0 10.0985699 14.875
  vertex 0 10.0985699 14.75
  vertex -7.4250021 10.0985708 14.750001
  endloop
 endfacet

 facet normal 6.73400677e-08 1 0
  outer loop
  vertex -7.4250021 9.72357082 14.875001
  vertex -7.4250021 9.72357082 14.750001
  vertex -14.8500004 9.72357082 14.750001
  endloop
 endfacet

 facet normal -6.73400677e-08 0 -1
  outer loop
  vertex -7.4250021 9.97357082 14.875001
  vertex -7.4250021 9.84857082 14.875001
  vertex -14.8500004 9.84857082 14.875001
  endloop
 endfacet

 facet normal -6.73400677e-08 -1 0
  outer loop
  vertex 7.42500019 9.59856892 14.874999
  vertex 7.42500019 9.59856892 14.749999
  vertex 14.8500004 9.59856892 14.749999
  endloop
 endfacet

 facet normal 6.73400677e-08 1 0
  outer loop
  vertex 7.42500019 10.0985689 14.874999
  vertex 7.42500019 10.0985689 14.749999
  vertex 0 10.0985699 14.75
  endloop
 endfacet

 facet normal -6.73400677e-08 -1 0
  outer loop
  vertex 0 9.97356987 14.875
  vertex 0 9.97356987 14.75
  vertex 7.42500019 9.97356892 14.749999
  endloop
 endfacet

 facet normal -6.73400677e-08 0 -1
  outer loop
  vertex -7.4250021 9.84857082 14.875001
  vertex -7.4250021 9.72357082 14.875001
  vertex -14.8500004 9.72357082 14.875001
  endloop
 endfacet

 facet normal -6.73400677e-08 0 -1
  outer loop
  vertex 0 9.84856987 14.875
  vertex 0 9.72356987 14.875
  vertex -7.4250021 9.72357082 14.875001
  endloop
 endfacet

 facet normal 1 0 0
  outer loop
  vertex 14.8500004 9.97356892 14.874999
  vertex 14.8500004 9.97356892 14.749999
  vertex 14.8500004 10.0985689 14.749999
  endloop
 endfacet

 facet normal -6.73400677e-08 0 -1
  outer loop
  vertex 7.42500019 9.84856892 14.874999
  vertex 7.42500019 9.72356892 14.874999
  vertex 0 9.72356987 14.875
  endloop
 endfacet

 facet normal -6.73400677e-08 0 -1
  outer loop
  vertex 14.8500004 9.84856892 14.874999
  vertex 14.8500004 9.72356892 14.874999
  vertex 7.42500019 9.72356892 14.874999
  endloop
 endfacet

 facet normal -6.73400677e-08 0 -1
  outer loop
  vertex 14.8500004 9.72356892 14.749999
  vertex 14.8500004 9.59856892 14.749999
  vertex 7.42500019 9.59856892 14.749999
  endloop
 endfacet

 facet normal -6.73400677e-08 0 -1
  outer loop
  vertex 0 9.72356987 14.75
  vertex 0 9.59856987 14.75
  vertex -7.4250021 9.59856987 14.750001
  endloop
 endfacet

 facet normal -6.73400677e-08 0 -1
  outer loop
  vertex 7.42500019 10.0985689 14.749999
  vertex 7.42500019 9.97356892 14.749999
  vertex 0 9.97356987 14.75
  endloop
 endfacet

 facet normal -6.73400677e-08 0 -1
  outer loop
  vertex 14.8500004 10.0985689 14.749999
  vertex 14.8500004 9.97356892 14.749999
  vertex 7.42500019 9.97356892 14.749999
  endloop
 endfacet

 facet normal -6.73400677e-08 0 -1
  outer loop
  vertex -7.4250021 10.0985708 14.750001
  vertex -7.4250021 9.97357082 14.750001
  vertex -14.8500004 9.97357082 14.750001
  endloop
 endfacet

 facet normal -6.73400677e-08 0 -1
  outer loop
  vertex 0 10.0985699 14.75
  vertex 0 9.97356987 14.75
  vertex -7.4250021 9.97357082 14.750001
  endloop
 endfacet

 facet normal -6.73400677e-08 0 -1
  outer loop
  vertex -7.4250021 9.72357082 14.750001
  vertex -7.4250021 9.59856987 14.750001
  vertex -14.8500004 9.59857082 14.750001
  endloop
 endfacet

 facet normal -6.73400677e-08 0 -1
  outer loop
  vertex 7.42500019 9.72356892 14.749999
  vertex 7.42500019 9.59856892 14.749999
  vertex 0 9.59856987 14.75
  endloop
 endfacet

 facet normal 6.73400677e-08 1 0
  outer loop
  vertex -7.4250021 10.0985708 14.875001
  vertex -7.4250021 10.0985708 14.750001
  vertex -14.8500004 10.0985708 14.750001
  endloop
 endfacet

 facet normal -1 0 0
  outer loop
  vertex -14.8500004 10.0985708 14.875001
  vertex -14.8500004 10.0985708 14.750001
  vertex -14.8500004 9.97357082 14.750001
  endloop
 endfacet

 facet normal -6.73400677e-08 -1 0
  outer loop
  vertex 0 9.59856987 14.875
  vertex 0 9.59856987 14.75
  vertex 7.42500019 9.59856892 14.749999
  endloop
 endfacet

 facet normal 1 0 0
  outer loop
  vertex 14.8500004 9.59856892 14.874999
  vertex 14.8500004 9.59856892 14.749999
  vertex 14.8500004 9.72356892 14.749999
  endloop
 endfacet

 facet normal -6.73400677e-08 -1 0
  outer loop
  vertex -7.4250021 9.59856987 14.875001
  vertex -7.4250021 9.59856987 14.750001
  vertex 0 9.59856987 14.75
  endloop
 endfacet

 facet normal -6.73400677e-08 -1 0
  outer loop
  vertex -14.8500004 9.97357082 14.875001
  vertex -14.8500004 9.97357082 14.750001
  vertex -7.4250021 9.97357082 14.750001
  endloop
 endfacet

 facet normal 6.73400677e-08 1 0
  outer loop
  vertex 7.42500019 9.72356892 14.874999
  vertex 7.42500019 9.72356892 14.749999
  vertex 0 9.72356987 14.75
  endloop
 endfacet

 facet normal -6.73400677e-08 -1 0
  outer loop
  vertex -14.8500004 9.59857082 14.875001
  vertex -14.8500004 9.59857082 14.750001
  vertex -7.4250021 9.59856987 14.750001
  endloop
 endfacet

 facet normal 6.73400677e-08 1 0
  outer loop
  vertex 14.8500004 10.0985689 14.874999
  vertex 14.8500004 10.0985689 14.749999
  vertex 7.42500019 10.0985689 14.749999
  endloop
 endfacet

 facet normal -6.73400677e-08 -1 0
  outer loop
  vertex -7.4250021 9.97357082 14.875001
  vertex -7.4250021 9.97357082 14.750001
  vertex 0 9.97356987 14.75
  endloop
 endfacet

 facet normal 6.73400677e-08 1 0
  outer loop
  vertex 14.8500004 9.72356892 14.874999
  vertex 14.8500004 9.72356892 14.749999
  vertex 7.42500019 9.72356892 14.749999
  endloop
 endfacet

 facet normal -1 0 0
  outer loop
  vertex -14.8500004 9.72357082 14.875001
  vertex -14.8500004 9.72357082 14.750001
  vertex -14.8500004 9.59857082 14.750001
  endloop
 endfacet

 facet normal -6.73400677e-08 -1 0
  outer loop
  vertex 14.8500004 9.59856892 15.124999
  vertex 14.8500004 9.59856892 15.249999
  vertex 7.42500019 9.59856892 15.249999
  endloop
 endfacet

 facet normal 6.73400677e-08 0 1
  outer loop
  vertex 0 9.72356987 15.125
  vertex 0 9.84856987 15.125
  vertex -7.4250021 9.84857082 15.125001
  endloop
 endfacet

 facet normal 6.73400677e-08 0 1
  outer loop
  vertex 14.8500004 9.72356892 15.124999
  vertex 14.8500004 9.84856892 15.124999
  vertex 7.42500019 9.84856892 15.124999
  endloop
 endfacet

 facet normal 6.73400677e-08 0 1
  outer loop
  vertex 7.42500019 9.72356892 15.124999
  vertex 7.42500019 9.84856892 15.124999
  vertex 0 9.84856987 15.125
  endloop
 endfacet

 facet normal -6.73400677e-08 -1 0
  outer loop
  vertex -7.4250021 9.59856987 15.125001
  vertex -7.4250021 9.59856987 15.250001
  vertex -14.8500004 9.59857082 15.250001
  endloop
 endfacet

 facet normal -6.73400677e-08 -1 0
  outer loop
  vertex 14.8500004 9.97356892 15.124999
  vertex 14.8500004 9.97356892 15.249999
  vertex 7.42500019 9.97356892 15.249999
  endloop
 endfacet

 facet normal 6.73400677e-08 0 1
  outer loop
  vertex -7.4250021 9.72357082 15.125001
  vertex -7.4250021 9.84857082 15.125001
  vertex -14.8500004 9.84857082 15.125001
  endloop
 endfacet

 facet normal -1 0 0
  outer loop
  vertex -14.8500004 9.59857082 15.125001
  vertex -14.8500004 9.59857082 15.250001
  vertex -14.8500004 9.72357082 15.250001
  endloop
 endfacet

 facet normal 6.73400677e-08 1 0
  outer loop
  vertex -7.4250021 9.72357082 15.125001
  vertex -7.4250021 9.72357082 15.250001
  vertex 0 9.72356987 15.25
  endloop
 endfacet

 facet normal -1 0 0
  outer loop
  vertex -14.8500004 9.97357082 15.125001
  vertex -14.8500004 9.97357082 15.250001
  vertex -14.8500004 10.0985708 15.250001
  endloop
 endfacet

 facet normal 6.73400677e-08 0 1
  outer loop
  vertex -7.4250021 9.84857082 15.125001
  vertex -7.4250021 9.97357082 15.125001
  vertex -14.8500004 9.97357082 15.125001
  endloop
 endfacet

 facet normal 6.73400677e-08 0 1
  outer loop
  vertex 0 9.84856987 15.125
  vertex 0 9.97356987 15.125
  vertex -7.4250021 9.97357082 15.125001
  endloop
 endfacet

 facet normal -6.73400677e-08 -1 0
  outer loop
  vertex 7.42500019 9.97356892 15.124999
  vertex 7.42500019 9.97356892 15.249999
  vertex 0 9.97356987 15.25
  endloop
 endfacet

 facet normal 6.73400677e-08 0 1
  outer loop
  vertex 7.42500019 9.84856892 15.124999
  vertex 7.42500019 9.97356892 15.124999
  vertex 0 9.97356987 15.125
  endloop
 endfacet

 facet normal 6.73400677e-08 0 1
  outer loop
  vertex 14.8500004 9.84856892 15.124999
  vertex 14.8500004 9.97356892 15.124999
  vertex 7.42500019 9.97356892 15.124999
  endloop
 endfacet

 facet normal 6.73400677e-08 0 1
  outer loop
  vertex 14.8500004 9.97356892 15.249999
  vertex 14.8500004 10.0985689 15.249999
  vertex 7.42500019 10.0985689 15.249999
  endloop
 endfacet

 facet normal 6.73400677e-08 0 1
  outer loop
  vertex 0 9.97356987 15.25
  vertex 0 10.0985699 15.25
  vertex -7.4250021 10.0985708 15.250001
  endloop
 endfacet

 facet normal 6.73400677e-08 0 1
  outer loop
  vertex 7.42500019 9.59856892 15.249999
  vertex 7.42500019 9.72356892 15.249999
  vertex 0 9.72356987 15.25
  endloop
 endfacet

 facet normal 6.73400677e-08 0 1
  outer loop
  vertex 14.8500004 9.59856892 15.249999
  vertex 14.8500004 9.72356892 15.249999
  vertex 7.42500019 9.72356892 15.249999
  endloop
 endfacet

 facet normal 6.73400677e-08 0 1
  outer loop
  vertex -7.4250021 9.59856987 15.250001
  vertex -7.4250021 9.72357082 15.250001
  vertex -14.8500004 9.72357082 15.250001
  endloop
 endfacet

 facet normal 6.73400677e-08 0 1
  outer loop
  vertex 0 9.59856987 15.25
  vertex 0 9.72356987 15.25
  vertex -7.4250021 9.72357082 15.250001
  endloop
 endfacet

 facet normal 6.73400677e-08 0 1
  outer loop
  vertex -7.4250021 9.97357082 15.250001
  vertex -7.4250021 10.0985708 15.250001
  vertex -14.8500004 10.0985708 15.250001
  endloop
 endfacet

 facet normal 6.73400677e-08 0 1
  outer loop
  vertex 7.42500019 9.97356892 15.249999
  vertex 7.42500019 10.0985689 15.249999
  vertex 0 10.0985699 15.25
  endloop
 endfacet

 facet normal 6.73400677e-08 1 0
  outer loop
  vertex 0 9.72356987 15.125
  vertex 0 9.72356987 15.25
  vertex 7.42500019 9.72356892 15.249999
  endloop
 endfacet

 facet normal 1 0 0
  outer loop
  vertex 14.8500004 10.0985689 15.124999
  vertex 14.8500004 10.0985689 15.249999
  vertex 14.8500004 9.97356892 15.249999
  endloop
 endfacet

 facet normal 6.73400677e-08 1 0
  outer loop
  vertex 7.42500019 10.0985689 15.124999
  vertex 7.42500019 10.0985689 15.249999
  vertex 14.8500004 10.0985689 15.249999
  endloop
 endfacet

 facet normal -6.73400677e-08 -1 0
  outer loop
  vertex -7.4250021 9.97357082 15.125001
  vertex -7.4250021 9.97357082 15.250001
  vertex -14.8500004 9.97357082 15.250001
  endloop
 endfacet

 facet normal 6.73400677e-08 1 0
  outer loop
  vertex 7.42500019 9.72356892 15.124999
  vertex 7.42500019 9.72356892 15.249999
  vertex 14.8500004 9.72356892 15.249999
  endloop
 endfacet

 facet normal 6.73400677e-08 1 0
  outer loop
  vertex -14.8500004 10.0985708 15.125001
  vertex -14.8500004 10.0985708 15.250001
  vertex -7.4250021 10.0985708 15.250001
  endloop
 endfacet

 facet normal -6.73400677e-08 -1 0
  outer loop
  vertex 0 9.59856987 15.125
  vertex 0 9.59856987 15.25
  vertex -7.4250021 9.59856987 15.250001
  endloop
 endfacet

 facet normal -6.73400677e-08 -1 0
  outer loop
  vertex 0 9.97356987 15.125
  vertex 0 9.97356987 15.25
  vertex -7.4250021 9.97357082 15.250001
  endloop
 endfacet

 facet normal -6.73400677e-08 -1 0
  outer loop
  vertex 7.42500019 9.59856892 15.124999
  vertex 7.42500019 9.59856892 15.249999
  vertex 0 9.59856987 15.25
  endloop
 endfacet

 facet normal 6.73400677e-08 1 0
  outer loop
  vertex 0 10.0985699 15.125
  vertex 0 10.0985699 15.25
  vertex 7.42500019 10.0985689 15.249999
  endloop
 endfacet

 facet normal 6.73400677e-08 1 0
  outer loop
  vertex -7.4250021 10.0985708 15.125001
  vertex -7.4250021 10.0985708 15.250001
  vertex 0 10.0985699 15.25
  endloop
 endfacet

 facet normal 6.73400677e-08 1 0
  outer loop
  vertex -14.8500004 9.72357082 15.125001
  vertex -14.8500004 9.72357082 15.250001
  vertex -7.4250021 9.72357082 15.250001
  endloop
 endfacet

 facet normal 6.73400677e-08 1 0
  outer loop
  vertex -7.54875088 9.59856987 15.125001
  vertex -7.67250252 9.59856987 15.125001
  vertex -7.67250252 9.59856987 15.250001
  endloop
 endfacet

 facet normal -6.73400677e-08 0 -1
  outer loop
  vertex -7.30125093 0.0985689163 14.750001
  vertex -7.54875088 0.0985689163 14.750001
  vertex -7.54875088 2.47356892 14.750001
  endloop
 endfacet

 facet normal -6.73400677e-08 0 -1
  outer loop
  vertex -7.54875088 4.84856892 14.750001
  vertex -7.54875088 7.22356892 14.750001
  vertex -7.30125093 4.84856892 14.750001
  endloop
 endfacet

 facet normal -6.73400677e-08 0 -1
  outer loop
  vertex -7.54875088 7.22356892 14.750001
  vertex -7.54875088 9.59856987 14.750001
  vertex -7.30125093 7.22356892 14.750001
  endloop
 endfacet

 facet normal -6.73400677e-08 0 -1
  outer loop
  vertex -7.30125093 4.84856892 14.750001
  vertex -7.54875088 7.22356892 14.750001
  vertex -7.30125093 7.22356892 14.750001
  endloop
 endfacet

 facet normal -6.73400677e-08 0 -1
  outer loop
  vertex -7.30125093 0.0985689163 14.750001
  vertex -7.54875088 2.47356892 14.750001
  vertex -7.30125093 2.47356892 14.750001
  endloop
 endfacet

 facet normal -6.73400677e-08 0 -1
  outer loop
  vertex -7.54875088 2.47356892 14.750001
  vertex -7.54875088 4.84856892 14.750001
  vertex -7.30125093 2.47356892 14.750001
  endloop
 endfacet

 facet normal -6.73400677e-08 0 -1
  outer loop
  vertex -7.30125093 4.84856892 14.750001
  vertex -7.30125093 2.47356892 14.750001
  vertex -7.54875088 4.84856892 14.750001
  endloop
 endfacet

 facet normal -6.73400677e-08 0 -1
  outer loop
  vertex -7.30125093 4.84856892 15.125001
  vertex -7.1775012 4.84856892 15.125001
  vertex -7.1775012 2.47356892 15.125001
  endloop
 endfacet

 facet normal 6.73400393e-08 -3.76451538e-07 1
  outer loop
  vertex -7.54875088 0.0985689163 15.250001
  vertex -7.30125093 0.0985689163 15.250001
  vertex -7.30125093 2.47356892 15.250001
  endloop
 endfacet

 facet normal 6.73400677e-08 0 1
  outer loop
  vertex -7.30125093 4.84856892 15.250001
  vertex -7.30125093 7.22356892 15.250001
  vertex -7.54875088 7.22356892 15.250001
  endloop
 endfacet

 facet normal 6.73400677e-08 0 1
  outer loop
  vertex -7.30125093 7.22356892 15.250001
  vertex -7.30125093 9.59856987 15.250001
  vertex -7.54875088 9.59856987 15.250001
  endloop
 endfacet

 facet normal 6.73400677e-08 0 1
  outer loop
  vertex -7.54875088 0.0985689163 15.250001
  vertex -7.30125093 2.47356892 15.250001
  vertex -7.54875088 2.47356892 15.250001
  endloop
 endfacet

 facet normal 6.73400677e-08 0 1
  outer loop
  vertex -7.30125093 2.47356892 15.250001
  vertex -7.30125093 4.84856892 15.250001
  vertex -7.54875088 2.47356892 15.250001
  endloop
 endfacet

 facet normal 6.73400677e-08 0 1
  outer loop
  vertex -7.54875088 7.22356892 15.250001
  vertex -7.54875088 4.84856892 15.250001
  vertex -7.30125093 4.84856892 15.250001
  endloop
 endfacet

 facet normal 6.73400677e-08 0 1
  outer loop
  vertex -7.54875088 4.84856892 15.250001
  vertex -7.54875088 2.47356892 15.250001
  vertex -7.30125093 4.84856892 15.250001
  endloop
 endfacet

 facet normal -6.73400677e-08 -1 0
  outer loop
  vertex -7.54875088 0.0985689163 14.875001
  vertex -7.54875088 0.0985689163 14.750001
  vertex -7.30125093 0.0985689163 14.750001
  endloop
 endfacet

 facet normal -6.73400677e-08 -1 0
  outer loop
  vertex -7.30125093 0.0985689163 14.875001
  vertex -7.30125093 0.0985689163 15.000001
  vertex -7.54875088 0.0985689163 15.000001
  endloop
 endfacet

 facet normal -6.73400677e-08 -1 0
  outer loop
  vertex -7.30125093 0.0985689163 15.000001
  vertex -7.30125093 0.0985689163 15.125001
  vertex -7.54875088 0.0985689163 15.000001
  endloop
 endfacet

 facet normal -6.73400677e-08 -1 0
  outer loop
  vertex -7.54875088 0.0985689163 14.875001
  vertex -7.30125093 0.0985689163 14.750001
  vertex -7.30125093 0.0985689163 14.875001
  endloop
 endfacet

 facet normal -6.73400677e-08 -1 0
  outer loop
  vertex -7.54875088 0.0985689163 15.250001
  vertex -7.54875088 0.0985689163 15.125001
  vertex -7.30125093 0.0985689163 15.125001
  endloop
 endfacet

 facet normal -6.73400677e-08 -1 0
  outer loop
  vertex -7.54875088 0.0985689163 15.125001
  vertex -7.54875088 0.0985689163 15.000001
  vertex -7.30125093 0.0985689163 15.125001
  endloop
 endfacet

 facet normal -6.73400677e-08 -1 0
  outer loop
  vertex -7.54875088 0.0985689163 15.000001
  vertex -7.54875088 0.0985689163 14.875001
  vertex -7.30125093 0.0985689163 14.875001
  endloop
 endfacet

 facet normal 6.73400677e-08 1 0
  outer loop
  vertex -7.30125093 9.59856987 14.875001
  vertex -7.30125093 9.59856987 14.750001
  vertex -7.54875088 9.59856987 14.750001
  endloop
 endfacet

 facet normal 6.73400677e-08 1 0
  outer loop
  vertex -7.54875088 9.59856987 14.875001
  vertex -7.54875088 9.59856987 15.000001
  vertex -7.30125093 9.59856987 15.000001
  endloop
 endfacet

 facet normal 6.73400677e-08 1 0
  outer loop
  vertex -7.54875088 9.59856987 15.000001
  vertex -7.54875088 9.59856987 15.125001
  vertex -7.30125093 9.59856987 15.000001
  endloop
 endfacet

 facet normal 6.73400677e-08 1 0
  outer loop
  vertex -7.30125093 9.59856987 14.875001
  vertex -7.54875088 9.59856987 14.750001
  vertex -7.54875088 9.59856987 14.875001
  endloop
 endfacet

 facet normal 6.73400677e-08 1 0
  outer loop
  vertex -7.30125093 9.59856987 15.250001
  vertex -7.30125093 9.59856987 15.125001
  vertex -7.54875088 9.59856987 15.125001
  endloop
 endfacet

 facet normal 6.73400677e-08 1 0
  outer loop
  vertex -7.30125093 9.59856987 15.125001
  vertex -7.30125093 9.59856987 15.000001
  vertex -7.54875088 9.59856987 15.125001
  endloop
 endfacet

 facet normal 6.73400677e-08 1 0
  outer loop
  vertex -7.30125093 9.59856987 15.000001
  vertex -7.30125093 9.59856987 14.875001
  vertex -7.54875088 9.59856987 14.875001
  endloop
 endfacet

 facet normal 6.73400677e-08 0 1
  outer loop
  vertex -7.30125093 7.22356892 14.875001
  vertex -7.1775012 7.22356892 14.875001
  vertex -7.1775012 9.59856987 14.875001
  endloop
 endfacet

 facet normal 1 0 0
  outer loop
  vertex -7.30125093 4.84856892 14.875001
  vertex -7.30125093 4.84856892 15.000001
  vertex -7.30125093 2.47356892 15.000001
  endloop
 endfacet

 facet normal 1 0 0
  outer loop
  vertex -7.30125093 9.59856987 14.875001
  vertex -7.30125093 9.59856987 15.000001
  vertex -7.30125093 7.22356892 15.000001
  endloop
 endfacet

 facet normal 1 0 0
  outer loop
  vertex -7.30125093 7.22356892 14.875001
  vertex -7.30125093 7.22356892 15.000001
  vertex -7.30125093 4.84856892 15.000001
  endloop
 endfacet

 facet normal -6.73400677e-08 0 -1
  outer loop
  vertex -7.30125093 4.84856892 14.750001
  vertex -7.1775012 4.84856892 14.750001
  vertex -7.1775012 2.47356892 14.750001
  endloop
 endfacet

 facet normal -6.73400677e-08 0 -1
  outer loop
  vertex -7.30125093 2.47356892 15.125001
  vertex -7.1775012 2.47356892 15.125001
  vertex -7.1775012 0.0985689163 15.125001
  endloop
 endfacet

 facet normal 1 0 0
  outer loop
  vertex -7.30125093 2.47356892 14.875001
  vertex -7.30125093 2.47356892 15.000001
  vertex -7.30125093 0.0985689163 15.000001
  endloop
 endfacet

 facet normal 6.73400677e-08 0 1
  outer loop
  vertex -7.30125093 7.22356892 15.250001
  vertex -7.1775012 7.22356892 15.250001
  vertex -7.1775012 9.59856987 15.250001
  endloop
 endfacet

 facet normal -6.73400677e-08 0 -1
  outer loop
  vertex -7.30125093 7.22356892 14.750001
  vertex -7.1775012 7.22356892 14.750001
  vertex -7.1775012 4.84856892 14.750001
  endloop
 endfacet

 facet normal 6.73400962e-08 3.76447019e-07 1
  outer loop
  vertex -7.30125093 4.84856892 14.875001
  vertex -7.1775012 4.84856892 14.875001
  vertex -7.1775012 7.22356892 14.875001
  endloop
 endfacet

 facet normal 1 0 0
  outer loop
  vertex -7.30125093 2.47356892 15.000001
  vertex -7.30125093 2.47356892 15.125001
  vertex -7.30125093 0.0985689163 15.125001
  endloop
 endfacet

 facet normal 1 0 0
  outer loop
  vertex -7.30125093 4.84856892 15.000001
  vertex -7.30125093 4.84856892 15.125001
  vertex -7.30125093 2.47356892 15.125001
  endloop
 endfacet

 facet normal 6.73400677e-08 1 0
  outer loop
  vertex -7.30125093 9.59856987 14.875001
  vertex -7.1775012 9.59856987 14.875001
  vertex -7.1775012 9.59856987 14.750001
  endloop
 endfacet

 facet normal 1 0 0
  outer loop
  vertex -7.30125093 7.22356892 15.000001
  vertex -7.30125093 7.22356892 15.125001
  vertex -7.30125093 4.84856892 15.125001
  endloop
 endfacet

 facet normal 1 0 0
  outer loop
  vertex -7.30125093 9.59856987 15.000001
  vertex -7.30125093 9.59856987 15.125001
  vertex -7.30125093 7.22356892 15.125001
  endloop
 endfacet

 facet normal 1 0 0
  outer loop
  vertex -7.1775012 9.59856987 15.125001
  vertex -7.1775012 9.59856987 15.250001
  vertex -7.1775012 7.22356892 15.250001
  endloop
 endfacet

 facet normal 1 0 0
  outer loop
  vertex -7.1775012 4.84856892 15.125001
  vertex -7.1775012 4.84856892 15.250001
  vertex -7.1775012 2.47356892 15.250001
  endloop
 endfacet

 facet normal 1 0 0
  outer loop
  vertex -7.1775012 7.22356892 14.750001
  vertex -7.1775012 7.22356892 14.875001
  vertex -7.1775012 4.84856892 14.875001
  endloop
 endfacet

 facet normal 1 0 0
  outer loop
  vertex -7.1775012 9.59856987 14.750001
  vertex -7.1775012 9.59856987 14.875001
  vertex -7.1775012 7.22356892 14.875001
  endloop
 endfacet

 facet normal 1 0 0
  outer loop
  vertex -7.1775012 2.47356892 14.750001
  vertex -7.1775012 2.47356892 14.875001
  vertex -7.1775012 0.0985689163 14.875001
  endloop
 endfacet

 facet normal 1 0 0
  outer loop
  vertex -7.1775012 4.84856892 14.750001
  vertex -7.1775012 4.84856892 14.875001
  vertex -7.1775012 2.47356892 14.875001
  endloop
 endfacet

 facet normal 1 0 0
  outer loop
  vertex -7.1775012 2.47356892 15.125001
  vertex -7.1775012 2.47356892 15.250001
  vertex -7.1775012 0.0985689163 15.250001
  endloop
 endfacet

 facet normal 1 0 0
  outer loop
  vertex -7.1775012 7.22356892 15.125001
  vertex -7.1775012 7.22356892 15.250001
  vertex -7.1775012 4.84856892 15.250001
  endloop
 endfacet

 facet normal -6.73400677e-08 0 -1
  outer loop
  vertex -7.30125093 2.47356892 14.750001
  vertex -7.1775012 2.47356892 14.750001
  vertex -7.1775012 0.0985689163 14.750001
  endloop
 endfacet

 facet normal -6.73400677e-08 -1 0
  outer loop
  vertex -7.30125093 0.0985689163 14.750001
  vertex -7.1775012 0.0985689163 14.750001
  vertex -7.1775012 0.0985689163 14.875001
  endloop
 endfacet

 facet normal 6.73400251e-08 -7.52895062e-07 1
  outer loop
  vertex -7.30125093 4.84856892 15.250001
  vertex -7.1775012 4.84856892 15.250001
  vertex -7.1775012 7.22356892 15.250001
  endloop
 endfacet

 facet normal 6.73400677e-08 1 0
  outer loop
  vertex -7.30125093 9.59856987 15.250001
  vertex -7.1775012 9.59856987 15.250001
  vertex -7.1775012 9.59856987 15.125001
  endloop
 endfacet

 facet normal 6.73400677e-08 0 1
  outer loop
  vertex -7.30125093 2.47356892 15.250001
  vertex -7.1775012 2.47356892 15.250001
  vertex -7.1775012 4.84856892 15.250001
  endloop
 endfacet

 facet normal 6.73400677e-08 0 1
  outer loop
  vertex -7.30125093 0.0985689163 14.875001
  vertex -7.1775012 0.0985689163 14.875001
  vertex -7.1775012 2.47356892 14.875001
  endloop
 endfacet

 facet normal -6.73400393e-08 3.76447019e-07 -1
  outer loop
  vertex -7.30125093 7.22356892 15.125001
  vertex -7.1775012 7.22356892 15.125001
  vertex -7.1775012 4.84856892 15.125001
  endloop
 endfacet

 facet normal 6.73400677e-08 0 1
  outer loop
  vertex -7.30125093 0.0985689163 15.250001
  vertex -7.1775012 0.0985689163 15.250001
  vertex -7.1775012 2.47356892 15.250001
  endloop
 endfacet

 facet normal -6.73400677e-08 0 -1
  outer loop
  vertex -7.30125093 9.59856987 14.750001
  vertex -7.1775012 9.59856987 14.750001
  vertex -7.1775012 7.22356892 14.750001
  endloop
 endfacet

 facet normal 6.73400677e-08 0 1
  outer loop
  vertex -7.30125093 2.47356892 14.875001
  vertex -7.1775012 2.47356892 14.875001
  vertex -7.1775012 4.84856892 14.875001
  endloop
 endfacet

 facet normal -6.73400677e-08 0 -1
  outer loop
  vertex -7.30125093 9.59856987 15.125001
  vertex -7.1775012 9.59856987 15.125001
  vertex -7.1775012 7.22356892 15.125001
  endloop
 endfacet

 facet normal -6.73400677e-08 -1 0
  outer loop
  vertex -7.30125093 0.0985689163 15.125001
  vertex -7.1775012 0.0985689163 15.125001
  vertex -7.1775012 0.0985689163 15.250001
  endloop
 endfacet

 facet normal 6.73400677e-08 0 1
  outer loop
  vertex -7.54875088 9.59856987 15.250001
  vertex -7.67250252 9.59856987 15.250001
  vertex -7.67250061 7.22356892 15.250001
  endloop
 endfacet

 facet normal -1 0 0
  outer loop
  vertex -7.54875088 4.84856892 15.125001
  vertex -7.54875088 4.84856892 15.000001
  vertex -7.54875088 2.47356892 15.000001
  endloop
 endfacet

 facet normal -1 0 0
  outer loop
  vertex -7.54875088 9.59856987 15.125001
  vertex -7.54875088 9.59856987 15.000001
  vertex -7.54875088 7.22356892 15.000001
  endloop
 endfacet

 facet normal -1 0 0
  outer loop
  vertex -7.54875088 7.22356892 15.125001
  vertex -7.54875088 7.22356892 15.000001
  vertex -7.54875088 4.84856892 15.000001
  endloop
 endfacet

 facet normal 6.73400677e-08 0 1
  outer loop
  vertex -7.54875088 2.47356892 15.250001
  vertex -7.67250061 2.47356892 15.250001
  vertex -7.67250061 0.0985689163 15.250001
  endloop
 endfacet

 facet normal 6.73400677e-08 0 1
  outer loop
  vertex -7.54875088 9.59856987 14.875001
  vertex -7.67250252 9.59856987 14.875001
  vertex -7.67250061 7.22356892 14.875001
  endloop
 endfacet

 facet normal -1 0 0
  outer loop
  vertex -7.54875088 2.47356892 15.125001
  vertex -7.54875088 2.47356892 15.000001
  vertex -7.54875088 0.0985689163 15.000001
  endloop
 endfacet

 facet normal -6.73400677e-08 -1 0
  outer loop
  vertex -7.54875088 0.0985689163 15.250001
  vertex -7.67250061 0.0985689163 15.250001
  vertex -7.67250061 0.0985689163 15.125001
  endloop
 endfacet

 facet normal -6.73400677e-08 0 -1
  outer loop
  vertex -7.54875088 2.47356892 15.125001
  vertex -7.67250061 2.47356892 15.125001
  vertex -7.67250061 4.84856892 15.125001
  endloop
 endfacet

 facet normal -6.73400677e-08 -1 0
  outer loop
  vertex -7.54875088 0.0985689163 14.875001
  vertex -7.67250061 0.0985689163 14.875001
  vertex -7.67250061 0.0985689163 14.750001
  endloop
 endfacet

 facet normal -1 0 0
  outer loop
  vertex -7.54875088 2.47356892 15.000001
  vertex -7.54875088 2.47356892 14.875001
  vertex -7.54875088 0.0985689163 14.875001
  endloop
 endfacet

 facet normal -1 0 0
  outer loop
  vertex -7.54875088 4.84856892 15.000001
  vertex -7.54875088 4.84856892 14.875001
  vertex -7.54875088 2.47356892 14.875001
  endloop
 endfacet

 facet normal 6.73400677e-08 0 1
  outer loop
  vertex -7.54875088 7.22356892 14.875001
  vertex -7.67250061 7.22356892 14.875001
  vertex -7.67250061 4.84856892 14.875001
  endloop
 endfacet

 facet normal -1 0 0
  outer loop
  vertex -7.54875088 7.22356892 15.000001
  vertex -7.54875088 7.22356892 14.875001
  vertex -7.54875088 4.84856892 14.875001
  endloop
 endfacet

 facet normal -1 0 0
  outer loop
  vertex -7.54875088 9.59856987 15.000001
  vertex -7.54875088 9.59856987 14.875001
  vertex -7.54875088 7.22356892 14.875001
  endloop
 endfacet

 facet normal -1 0 0
  outer loop
  vertex -7.67250252 9.59856987 14.875001
  vertex -7.67250252 9.59856987 14.750001
  vertex -7.67250061 7.22356892 14.750001
  endloop
 endfacet

 facet normal -1 0 0
  outer loop
  vertex -7.67250061 4.84856892 14.875001
  vertex -7.67250061 4.84856892 14.750001
  vertex -7.67250061 2.47356892 14.750001
  endloop
 endfacet

 facet normal -1 0 0
  outer loop
  vertex -7.67250061 7.22356892 15.250001
  vertex -7.67250061 7.22356892 15.125001
  vertex -7.67250061 4.84856892 15.125001
  endloop
 endfacet

 facet normal -1 0 0
  outer loop
  vertex -7.67250252 9.59856987 15.250001
  vertex -7.67250252 9.59856987 15.125001
  vertex -7.67250061 7.22356892 15.125001
  endloop
 endfacet

 facet normal -1 0 0
  outer loop
  vertex -7.67250061 2.47356892 15.250001
  vertex -7.67250061 2.47356892 15.125001
  vertex -7.67250061 0.0985689163 15.125001
  endloop
 endfacet

 facet normal -1 0 0
  outer loop
  vertex -7.67250061 4.84856892 15.250001
  vertex -7.67250061 4.84856892 15.125001
  vertex -7.67250061 2.47356892 15.125001
  endloop
 endfacet

 facet normal -1 0 0
  outer loop
  vertex -7.67250061 2.47356892 14.875001
  vertex -7.67250061 2.47356892 14.750001
  vertex -7.67250061 0.0985689163 14.750001
  endloop
 endfacet

 facet normal -1 0 0
  outer loop
  vertex -7.67250061 7.22356892 14.875001
  vertex -7.67250061 7.22356892 14.750001
  vertex -7.67250061 4.84856892 14.750001
  endloop
 endfacet

 facet normal -6.73400677e-08 0 -1
  outer loop
  vertex -7.54875088 4.84856892 15.125001
  vertex -7.67250061 4.84856892 15.125001
  vertex -7.67250061 7.22356892 15.125001
  endloop
 endfacet

 facet normal 6.73400677e-08 1 0
  outer loop
  vertex -7.54875088 9.59856987 14.750001
  vertex -7.67250252 9.59856987 14.750001
  vertex -7.67250252 9.59856987 14.875001
  endloop
 endfacet

 facet normal -6.73400677e-08 0 -1
  outer loop
  vertex -7.54875088 7.22356892 14.750001
  vertex -7.67250061 7.22356892 14.750001
  vertex -7.67250252 9.59856987 14.750001
  endloop
 endfacet

 facet normal 6.73400677e-08 0 1
  outer loop
  vertex -7.54875088 2.47356892 14.875001
  vertex -7.67250061 2.47356892 14.875001
  vertex -7.67250061 0.0985689163 14.875001
  endloop
 endfacet

 facet normal -6.73400251e-08 7.52895062e-07 -1
  outer loop
  vertex -7.54875088 7.22356892 15.125001
  vertex -7.67250061 7.22356892 15.125001
  vertex -7.67250252 9.59856987 15.125001
  endloop
 endfacet

 facet normal -6.73400677e-08 0 -1
  outer loop
  vertex -7.54875088 0.0985689163 14.750001
  vertex -7.67250061 0.0985689163 14.750001
  vertex -7.67250061 2.47356892 14.750001
  endloop
 endfacet

 facet normal 6.73400677e-08 0 1
  outer loop
  vertex -7.54875088 4.84856892 15.250001
  vertex -7.67250061 4.84856892 15.250001
  vertex -7.67250061 2.47356892 15.250001
  endloop
 endfacet

 facet normal 6.73400677e-08 0 1
  outer loop
  vertex -7.54875088 4.84856892 14.875001
  vertex -7.67250061 4.84856892 14.875001
  vertex -7.67250061 2.47356892 14.875001
  endloop
 endfacet

 facet normal 6.73400677e-08 0 1
  outer loop
  vertex -7.54875088 7.22356892 15.250001
  vertex -7.67250061 7.22356892 15.250001
  vertex -7.67250061 4.84856892 15.250001
  endloop
 endfacet

 facet normal -6.73400677e-08 0 -1
  outer loop
  vertex -7.54875088 4.84856892 14.750001
  vertex -7.67250061 4.84856892 14.750001
  vertex -7.67250061 7.22356892 14.750001
  endloop
 endfacet

 facet normal -6.73400677e-08 0 -1
  outer loop
  vertex -7.54875088 2.47356892 14.750001
  vertex -7.67250061 2.47356892 14.750001
  vertex -7.67250061 4.84856892 14.750001
  endloop
 endfacet

 facet normal -6.73400677e-08 0 -1
  outer loop
  vertex -7.54875088 0.0985689163 15.125001
  vertex -7.67250061 0.0985689163 15.125001
  vertex -7.67250061 2.47356892 15.125001
  endloop
 endfacet

 facet normal 0 1 0
  outer loop
  vertex 13.7035427 0.101000004 12.8970013
  vertex 13.568018 0.101000004 8.60110855
  vertex 13.568018 0.101000004 12.8970013
  endloop
 endfacet

 facet normal 0 1 0
  outer loop
  vertex 14.9735432 0.101000004 12.8970013
  vertex 14.8380184 0.101000004 8.60110855
  vertex 14.8380184 0.101000004 12.8970013
  endloop
 endfacet

 facet normal 0 1 0
  outer loop
  vertex 13.7035427 0.101000004 12.8970013
  vertex 13.7035427 0.101000004 8.60110855
  vertex 13.568018 0.101000004 8.60110855
  endloop
 endfacet

 facet normal 0 1 0
  outer loop
  vertex 14.9735432 0.101000004 12.8970013
  vertex 14.9735441 0.101000004 8.60110855
  vertex 14.8380184 0.101000004 8.60110855
  endloop
 endfacet

 facet normal 0 1 0
  outer loop
  vertex 14.9696445 0.101000004 12.9001274
  vertex 13.570715 0.101000004 13.0356522
  vertex 14.9696445 0.101000004 13.0356522
  endloop
 endfacet

 facet normal 0 1 0
  outer loop
  vertex 14.9696455 0.101000004 8.47013187
  vertex 13.5707169 0.101000004 8.60565758
  vertex 14.9696455 0.101000004 8.60565758
  endloop
 endfacet

 facet normal 0 1 0
  outer loop
  vertex 14.9696445 0.101000004 12.9001274
  vertex 13.570715 0.101000004 12.9001274
  vertex 13.570715 0.101000004 13.0356522
  endloop
 endfacet

 facet normal 0 1 0
  outer loop
  vertex 14.9696455 0.101000004 8.47013187
  vertex 13.5707169 0.101000004 8.47013187
  vertex 13.5707169 0.101000004 8.60565758
  endloop
 endfacet

 facet normal 0 1 0
  outer loop
  vertex 8.43700695 0.101000004 30.1400089
  vertex 8.3014822 0.101000004 25.8441105
  vertex 8.3014822 0.101000004 30.1400089
  endloop
 endfacet

 facet normal 0 1 0
  outer loop
  vertex 12.5870037 0.101000004 30.1400089
  vertex 12.451479 0.101000004 25.8441105
  vertex 12.451479 0.101000004 30.1400089
  endloop
 endfacet

 facet normal 0 1 0
  outer loop
  vertex 12.5969553 0.101000004 30.1358013
  vertex 8.30106163 0.101000004 30.271328
  vertex 12.5969553 0.101000004 30.271328
  endloop
 endfacet

 facet normal 0 1 0
  outer loop
  vertex 12.5969553 0.101000004 25.7158031
  vertex 8.30106163 0.101000004 25.8513279
  vertex 12.5969553 0.101000004 25.8513279
  endloop
 endfacet

 facet normal 0 1 0
  outer loop
  vertex 8.43700695 0.101000004 30.1400089
  vertex 8.43700695 0.101000004 25.8441105
  vertex 8.3014822 0.101000004 25.8441105
  endloop
 endfacet

 facet normal 0 1 0
  outer loop
  vertex 12.5870037 0.101000004 30.1400089
  vertex 12.5870037 0.101000004 25.8441105
  vertex 12.451479 0.101000004 25.8441105
  endloop
 endfacet

 facet normal 0 1 0
  outer loop
  vertex 12.5969553 0.101000004 30.1358013
  vertex 8.30106163 0.101000004 30.1358013
  vertex 8.30106163 0.101000004 30.271328
  endloop
 endfacet

 facet normal 0 1 0
  outer loop
  vertex 12.5969553 0.101000004 25.7158031
  vertex 8.30106163 0.101000004 25.7158031
  vertex 8.30106163 0.101000004 25.8513279
  endloop
 endfacet

 facet normal 0 1 0
  outer loop
  vertex 2.9470067 0.101000004 -11.1712418
  vertex 2.81148148 0.101000004 -15.4671383
  vertex 2.81148148 0.101000004 -11.1712418
  endloop
 endfacet

 facet normal 0 1 0
  outer loop
  vertex 7.09700298 0.101000004 -11.1712418
  vertex 6.96147823 0.101000004 -15.4671383
  vertex 6.96147823 0.101000004 -11.1712418
  endloop
 endfacet

 facet normal 0 1 0
  outer loop
  vertex 7.10695457 0.101000004 -11.1754475
  vertex 2.81106138 0.101000004 -11.0399227
  vertex 7.10695457 0.101000004 -11.0399227
  endloop
 endfacet

 facet normal 0 1 0
  outer loop
  vertex 7.10695457 0.101000004 -15.5954475
  vertex 2.81106138 0.101000004 -15.4599218
  vertex 7.10695457 0.101000004 -15.4599218
  endloop
 endfacet

 facet normal 0 1 0
  outer loop
  vertex 2.9470067 0.101000004 -11.1712418
  vertex 2.9470067 0.101000004 -15.4671383
  vertex 2.81148148 0.101000004 -15.4671383
  endloop
 endfacet

 facet normal 0 1 0
  outer loop
  vertex 7.09700298 0.101000004 -11.1712418
  vertex 7.09700298 0.101000004 -15.4671383
  vertex 6.96147823 0.101000004 -15.4671383
  endloop
 endfacet

 facet normal 0 1 0
  outer loop
  vertex 7.10695457 0.101000004 -11.1754475
  vertex 2.81106138 0.101000004 -11.1754475
  vertex 2.81106138 0.101000004 -11.0399227
  endloop
 endfacet

 facet normal 0 1 0
  outer loop
  vertex 7.10695457 0.101000004 -15.5954475
  vertex 2.81106138 0.101000004 -15.5954475
  vertex 2.81106138 0.101000004 -15.4599218
  endloop
 endfacet

 facet normal 0 1 0
  outer loop
  vertex -6.93106365 0.101000004 -11.1712418
  vertex -7.0665884 0.101000004 -15.4671383
  vertex -7.0665884 0.101000004 -11.1712418
  endloop
 endfacet

 facet normal 0 1 0
  outer loop
  vertex -2.78106689 0.101000004 -11.1712418
  vertex -2.91659212 0.101000004 -15.4671383
  vertex -2.91659212 0.101000004 -11.1712418
  endloop
 endfacet

 facet normal 0 1 0
  outer loop
  vertex -2.7711153 0.101000004 -11.1754475
  vertex -7.06700897 0.101000004 -11.0399227
  vertex -2.7711153 0.101000004 -11.0399227
  endloop
 endfacet

 facet normal 0 1 0
  outer loop
  vertex -2.7711153 0.101000004 -15.5954475
  vertex -7.06700897 0.101000004 -15.4599218
  vertex -2.7711153 0.101000004 -15.4599218
  endloop
 endfacet

 facet normal 0 1 0
  outer loop
  vertex -6.93106365 0.101000004 -11.1712418
  vertex -6.93106365 0.101000004 -15.4671383
  vertex -7.0665884 0.101000004 -15.4671383
  endloop
 endfacet

 facet normal 0 1 0
  outer loop
  vertex -2.78106689 0.101000004 -11.1712418
  vertex -2.78106689 0.101000004 -15.4671383
  vertex -2.91659212 0.101000004 -15.4671383
  endloop
 endfacet

 facet normal 0 1 0
  outer loop
  vertex -2.7711153 0.101000004 -11.1754475
  vertex -7.06700897 0.101000004 -11.1754475
  vertex -7.06700897 0.101000004 -11.0399227
  endloop
 endfacet

 facet normal 0 1 0
  outer loop
  vertex -2.7711153 0.101000004 -15.5954475
  vertex -7.06700897 0.101000004 -15.5954475
  vertex -7.06700897 0.101000004 -15.4599218
  endloop
 endfacet

 facet normal 0 1 0
  outer loop
  vertex 21.2313499 0 38.4147415
  vertex -21.2313499 0 -26.3113632
  vertex -21.2313499 0 38.4147415
  endloop
 endfacet

 facet normal 0 1 0
  outer loop
  vertex 21.2313499 0 38.4147415
  vertex 21.2313499 0 -26.3113632
  vertex -21.2313499 0 -26.3113632
  endloop
 endfacet

 facet normal 0 1 0
  outer loop
  vertex 15 0.100000001 25
  vertex -15 0.100000001 -25
  vertex -15 0.100000001 25
  endloop
 endfacet

 facet normal 0 1 0
  outer loop
  vertex 15 0.100000001 25
  vertex 15 0.100000001 -25
  vertex -15 0.100000001 -25
  endloop
 endfacet

 facet normal 0.164398894 -0.986393929 0
  outer loop
  vertex -15 10.1000013 0
  vertex 0 12.6000004 -25
  vertex 0 12.6000004 0
  endloop
 endfacet

 facet normal -0.164399058 -0.986393929 0
  outer loop
  vertex 0 12.6000004 0
  vertex 15 10.0999994 -25
  vertex 15 10.0999994 0
  endloop
 endfacet

 facet normal -0.164399058 -0.986393929 0
  outer loop
  vertex 0 12.6000004 25
  vertex 15 10.0999994 0
  vertex 15 10.0999994 25
  endloop
 endfacet

 facet normal 0.164398894 -0.986393929 0
  outer loop
  vertex -15 10.1000013 25
  vertex 0 12.6000004 0
  vertex 0 12.6000004 25
  endloop
 endfacet

 facet normal 0.164398894 -0.986393929 0
  outer loop
  vertex -15 10.1000013 0
  vertex -15 10.1000013 -25
  vertex 0 12.6000004 -25
  endloop
 endfacet

 facet normal -0.164399058 -0.986393929 0
  outer loop
  vertex 0 12.6000004 0
  vertex 0 12.6000004 -25
  vertex 15 10.0999994 -25
  endloop
 endfacet

 facet normal -0.164399058 -0.986393929 0
  outer loop
  vertex 0 12.6000004 25
  vertex 0 12.6000004 0
  vertex 15 10.0999994 0
  endloop
 endfacet

 facet normal 0.164398894 -0.986393929 0
  outer loop
  vertex -15 10.1000013 25
  vertex -15 10.1000013 0
  vertex 0 12.6000004 0
  endloop
 endfacet

 facet normal 6.66666651e-08 0 1
  outer loop
  vertex -15 2.59857082 25.0000019
  vertex -7.5 0.0985708237 25
  vertex -7.5 2.59857082 25
  endloop
 endfacet

 facet normal 6.66666651e-08 0 1
  outer loop
  vertex -15 10.0985708 25.0000019
  vertex -7.5 5.09857082 25
  vertex 0 5.09857082 25
  endloop
 endfacet

 facet normal 6.66666651e-08 -1.45705012e-08 1
  outer loop
  vertex 0 12.5985708 25
  vertex 0 5.09857082 25
  vertex 7.5 5.09857082 25
  endloop
 endfacet

 facet normal 6.66666651e-08 0 1
  outer loop
  vertex 7.5 5.09857082 25
  vertex 15 2.59857082 24.9999981
  vertex 15 5.09857082 24.9999981
  endloop
 endfacet

 facet normal 6.66666651e-08 0 1
  outer loop
  vertex 7.5 2.59857082 25
  vertex 15 0.0985708237 24.9999981
  vertex 15 2.59857082 24.9999981
  endloop
 endfacet

 facet normal 6.66666651e-08 0 1
  outer loop
  vertex -15 5.09857082 25.0000019
  vertex -7.5 2.59857082 25
  vertex -7.5 5.09857082 25
  endloop
 endfacet

 facet normal -6.66666651e-08 0 -1
  outer loop
  vertex -7.5 0.0985708237 24.9500008
  vertex -15 2.59857082 24.9500008
  vertex -7.5 2.59857082 24.9500008
  endloop
 endfacet

 facet normal -6.66666651e-08 0 -1
  outer loop
  vertex 0 5.09857082 24.9500008
  vertex -7.5 5.09857082 24.9500008
  vertex -15 10.0985708 24.9500008
  endloop
 endfacet

 facet normal -6.66666651e-08 1.49012003e-08 -1
  outer loop
  vertex 7.5 5.09857082 24.9499989
  vertex 0 5.09857082 24.9500008
  vertex 0 12.5985708 24.9500008
  endloop
 endfacet

 facet normal -6.66666651e-08 0 -1
  outer loop
  vertex 15 2.59857082 24.9499989
  vertex 7.5 5.09857082 24.9499989
  vertex 15 5.09857082 24.9499989
  endloop
 endfacet

 facet normal -6.66666651e-08 0 -1
  outer loop
  vertex 15 0.0985708237 24.9499989
  vertex 7.5 2.59857082 24.9499989
  vertex 15 2.59857082 24.9499989
  endloop
 endfacet

 facet normal -6.66666651e-08 0 -1
  outer loop
  vertex -7.5 2.59857082 24.9500008
  vertex -15 5.09857082 24.9500008
  vertex -7.5 5.09857082 24.9500008
  endloop
 endfacet

 facet normal 1 0 0
  outer loop
  vertex -7.5 2.59857082 25
  vertex -7.5 5.09857082 24.9500008
  vertex -7.5 5.09857082 25
  endloop
 endfacet

 facet normal -1 0 0
  outer loop
  vertex -15 2.59857082 25.0000019
  vertex -15 0.0985708237 24.9500008
  vertex -15 0.0985708237 25.0000019
  endloop
 endfacet

 facet normal 1 0 0
  outer loop
  vertex 15 5.09857082 24.9999981
  vertex 15 10.0985708 24.9499989
  vertex 15 10.0985708 24.9999981
  endloop
 endfacet

 facet normal 1 0 0
  outer loop
  vertex -7.5 0.0985708237 25
  vertex -7.5 2.59857082 24.9500008
  vertex -7.5 2.59857082 25
  endloop
 endfacet

 facet normal 0 -1 0
  outer loop
  vertex -7.5 5.09857082 25
  vertex 0 5.09857082 24.9500008
  vertex 0 5.09857082 25
  endloop
 endfacet

 facet normal -1 0 0
  outer loop
  vertex -15 5.09857082 25.0000019
  vertex -15 2.59857082 24.9500008
  vertex -15 2.59857082 25.0000019
  endloop
 endfacet

 facet normal 0.164399058 0.986393929 0
  outer loop
  vertex 15 10.0985708 24.9999981
  vertex 0 12.5985708 24.9500008
  vertex 0 12.5985708 25
  endloop
 endfacet

 facet normal 0 -1 0
  outer loop
  vertex 0 5.09857082 25
  vertex 7.5 5.09857082 24.9499989
  vertex 7.5 5.09857082 25
  endloop
 endfacet

 facet normal 1 0 0
  outer loop
  vertex 15 0.0985708237 24.9999981
  vertex 15 2.59857082 24.9499989
  vertex 15 2.59857082 24.9999981
  endloop
 endfacet

 facet normal -1 0 0
  outer loop
  vertex 7.5 5.09857082 25
  vertex 7.5 2.59857082 24.9499989
  vertex 7.5 2.59857082 25
  endloop
 endfacet

 facet normal 0 -1 0
  outer loop
  vertex -15 0.0985708237 25.0000019
  vertex -7.5 0.0985708237 24.9500008
  vertex -7.5 0.0985708237 25
  endloop
 endfacet

 facet normal -1 0 0
  outer loop
  vertex 7.5 2.59857082 25
  vertex 7.5 0.0985708237 24.9499989
  vertex 7.5 0.0985708237 25
  endloop
 endfacet

 facet normal 1 0 0
  outer loop
  vertex 15 2.59857082 24.9999981
  vertex 15 5.09857082 24.9499989
  vertex 15 5.09857082 24.9999981
  endloop
 endfacet

 facet normal -1 0 0
  outer loop
  vertex -15 10.0985708 25.0000019
  vertex -15 5.09857082 24.9500008
  vertex -15 5.09857082 25.0000019
  endloop
 endfacet

 facet normal 0 -1 0
  outer loop
  vertex 7.5 0.0985708237 25
  vertex 15 0.0985708237 24.9499989
  vertex 15 0.0985708237 24.9999981
  endloop
 endfacet

 facet normal -0.164398938 0.986393929 0
  outer loop
  vertex 0 12.5985708 25
  vertex -15 10.0985708 24.9500008
  vertex -15 10.0985708 25.0000019
  endloop
 endfacet

 facet normal 6.66666651e-08 0 1
  outer loop
  vertex -15 2.59857082 25.0000019
  vertex -15 0.0985708237 25.0000019
  vertex -7.5 0.0985708237 25
  endloop
 endfacet

 facet normal 6.18098284e-08 -1.45705012e-08 1
  outer loop
  vertex 0 5.09857082 25
  vertex 0 12.5985708 25
  vertex -15 10.0985708 25.0000019
  endloop
 endfacet

 facet normal 6.66666651e-08 0 1
  outer loop
  vertex -15 10.0985708 25.0000019
  vertex -15 5.09857082 25.0000019
  vertex -7.5 5.09857082 25
  endloop
 endfacet

 facet normal 6.66666651e-08 0 1
  outer loop
  vertex 15 5.09857082 24.9999981
  vertex 15 10.0985708 24.9999981
  vertex 7.5 5.09857082 25
  endloop
 endfacet

 facet normal 7.24948706e-08 0 1
  outer loop
  vertex 15 10.0985708 24.9999981
  vertex 0 12.5985708 25
  vertex 7.5 5.09857082 25
  endloop
 endfacet

 facet normal 6.66666651e-08 0 1
  outer loop
  vertex 7.5 5.09857082 25
  vertex 7.5 2.59857082 25
  vertex 15 2.59857082 24.9999981
  endloop
 endfacet

 facet normal 6.66666651e-08 0 1
  outer loop
  vertex 7.5 2.59857082 25
  vertex 7.5 0.0985708237 25
  vertex 15 0.0985708237 24.9999981
  endloop
 endfacet

 facet normal 6.66666651e-08 0 1
  outer loop
  vertex -15 5.09857082 25.0000019
  vertex -15 2.59857082 25.0000019
  vertex -7.5 2.59857082 25
  endloop
 endfacet

 facet normal -6.66666651e-08 0 -1
  outer loop
  vertex -7.5 0.0985708237 24.9500008
  vertex -15 0.0985708237 24.9500008
  vertex -15 2.59857082 24.9500008
  endloop
 endfacet

 facet normal -6.18651654e-08 1.49012003e-08 -1
  outer loop
  vertex -15 10.0985708 24.9500008
  vertex 0 12.5985708 24.9500008
  vertex 0 5.09857082 24.9500008
  endloop
 endfacet

 facet normal -6.66666651e-08 0 -1
  outer loop
  vertex -7.5 5.09857082 24.9500008
  vertex -15 5.09857082 24.9500008
  vertex -15 10.0985708 24.9500008
  endloop
 endfacet

 facet normal -7.24284348e-08 0 -1
  outer loop
  vertex 0 12.5985708 24.9500008
  vertex 15 10.0985708 24.9499989
  vertex 7.5 5.09857082 24.9499989
  endloop
 endfacet

 facet normal -6.66666651e-08 0 -1
  outer loop
  vertex 15 10.0985708 24.9499989
  vertex 15 5.09857082 24.9499989
  vertex 7.5 5.09857082 24.9499989
  endloop
 endfacet

 facet normal -6.66666651e-08 0 -1
  outer loop
  vertex 15 2.59857082 24.9499989
  vertex 7.5 2.59857082 24.9499989
  vertex 7.5 5.09857082 24.9499989
  endloop
 endfacet

 facet normal -6.66666651e-08 0 -1
  outer loop
  vertex 15 0.0985708237 24.9499989
  vertex 7.5 0.0985708237 24.9499989
  vertex 7.5 2.59857082 24.9499989
  endloop
 endfacet

 facet normal -6.66666651e-08 0 -1
  outer loop
  vertex -7.5 2.59857082 24.9500008
  vertex -15 2.59857082 24.9500008
  vertex -15 5.09857082 24.9500008
  endloop
 endfacet

 facet normal 1 0 0
  outer loop
  vertex -7.5 2.59857082 25
  vertex -7.5 2.59857082 24.9500008
  vertex -7.5 5.09857082 24.9500008
  endloop
 endfacet

 facet normal -1 0 0
  outer loop
  vertex -15 2.59857082 25.0000019
  vertex -15 2.59857082 24.9500008
  vertex -15 0.0985708237 24.9500008
  endloop
 endfacet

 facet normal 1 0 0
  outer loop
  vertex 15 5.09857082 24.9999981
  vertex 15 5.09857082 24.9499989
  vertex 15 10.0985708 24.9499989
  endloop
 endfacet

 facet normal 1 0 0
  outer loop
  vertex -7.5 0.0985708237 25
  vertex -7.5 0.0985708237 24.9500008
  vertex -7.5 2.59857082 24.9500008
  endloop
 endfacet

 facet normal 0 -1 0
  outer loop
  vertex -7.5 5.09857082 25
  vertex -7.5 5.09857082 24.9500008
  vertex 0 5.09857082 24.9500008
  endloop
 endfacet

 facet normal -1 0 0
  outer loop
  vertex -15 5.09857082 25.0000019
  vertex -15 5.09857082 24.9500008
  vertex -15 2.59857082 24.9500008
  endloop
 endfacet

 facet normal 0.164398998 0.986393929 0
  outer loop
  vertex 15 10.0985708 24.9999981
  vertex 15 10.0985708 24.9499989
  vertex 0 12.5985708 24.9500008
  endloop
 endfacet

 facet normal 0 -1 0
  outer loop
  vertex 0 5.09857082 25
  vertex 0 5.09857082 24.9500008
  vertex 7.5 5.09857082 24.9499989
  endloop
 endfacet

 facet normal 1 0 0
  outer loop
  vertex 15 0.0985708237 24.9999981
  vertex 15 0.0985708237 24.9499989
  vertex 15 2.59857082 24.9499989
  endloop
 endfacet

 facet normal -1 0 0
  outer loop
  vertex 7.5 5.09857082 25
  vertex 7.5 5.09857082 24.9499989
  vertex 7.5 2.59857082 24.9499989
  endloop
 endfacet

 facet normal 0 -1 0
  outer loop
  vertex -15 0.0985708237 25.0000019
  vertex -15 0.0985708237 24.9500008
  vertex -7.5 0.0985708237 24.9500008
  endloop
 endfacet

 facet normal -1 0 0
  outer loop
  vertex 7.5 2.59857082 25
  vertex 7.5 2.59857082 24.9499989
  vertex 7.5 0.0985708237 24.9499989
  endloop
 endfacet

 facet normal 1 0 0
  outer loop
  vertex 15 2.59857082 24.9999981
  vertex 15 2.59857082 24.9499989
  vertex 15 5.09857082 24.9499989
  endloop
 endfacet

 facet normal -1 0 0
  outer loop
  vertex -15 10.0985708 25.0000019
  vertex -15 10.0985708 24.9500008
  vertex -15 5.09857082 24.9500008
  endloop
 endfacet

 facet normal 0 -1 0
  outer loop
  vertex 7.5 0.0985708237 25
  vertex 7.5 0.0985708237 24.9499989
  vertex 15 0.0985708237 24.9499989
  endloop
 endfacet

 facet normal -0.164399058 0.986393929 0
  outer loop
  vertex 0 12.5985708 25
  vertex 0 12.5985708 24.9500008
  vertex -15 10.0985708 24.9500008
  endloop
 endfacet

 facet normal 6.66666651e-08 0 -1
  outer loop
  vertex 0 0.0985708237 -25
  vertex 3.75 5.09857082 -25
  vertex 7.5 5.09857082 -25
  endloop
 endfacet

 facet normal 6.66666651e-08 0 -1
  outer loop
  vertex 15 6.34857082 -24.9999981
  vertex 11.25 5.09857082 -25
  vertex 11.25 6.50482082 -25
  endloop
 endfacet

 facet normal 6.66666651e-08 -1.19213004e-08 -1
  outer loop
  vertex -3.75 6.81732082 -25
  vertex 0 5.09857082 -25
  vertex -3.75 5.09857082 -25
  endloop
 endfacet

 facet normal 6.66666651e-08 0 -1
  outer loop
  vertex -15 0.0985708237 -25.0000019
  vertex -11.25 5.09857082 -25
  vertex -7.5 5.09857082 -25
  endloop
 endfacet

 facet normal 6.66666651e-08 -1.19213004e-08 -1
  outer loop
  vertex -3.75 11.9735708 -25
  vertex 0 10.2552357 -25
  vertex -3.75 10.2548208 -25
  endloop
 endfacet

 facet normal 6.12027335e-08 0 -1
  outer loop
  vertex -15 10.0985708 -25.0000019
  vertex -11.25 9.31732082 -25
  vertex -15 8.84857082 -25.0000019
  endloop
 endfacet

 facet normal 6.18098284e-08 0 -1
  outer loop
  vertex -11.25 10.7235708 -25
  vertex -7.5 9.78607082 -25
  vertex -11.25 9.31732082 -25
  endloop
 endfacet

 facet normal 6.22955412e-08 0 -1
  outer loop
  vertex -7.5 11.3485708 -25
  vertex -3.75 10.2548208 -25
  vertex -7.5 9.78607082 -25
  endloop
 endfacet

 facet normal 6.66666651e-08 0 -1
  outer loop
  vertex -15 8.84857082 -25.0000019
  vertex -11.25 7.91107082 -25
  vertex -15 7.59857082 -25.0000019
  endloop
 endfacet

 facet normal 6.66666651e-08 0 -1
  outer loop
  vertex -7.5 9.78607082 -25
  vertex -3.75 8.53607082 -25
  vertex -7.5 8.22357082 -25
  endloop
 endfacet

 facet normal 6.66666651e-08 0 -1
  outer loop
  vertex -15 7.59857082 -25.0000019
  vertex -11.25 6.50482082 -25
  vertex -15 6.34857082 -25.0000019
  endloop
 endfacet

 facet normal 6.66666651e-08 0 -1
  outer loop
  vertex -7.5 8.22357082 -25
  vertex -3.75 6.81732082 -25
  vertex -7.5 6.66107082 -25
  endloop
 endfacet

 facet normal 6.66666651e-08 0 -1
  outer loop
  vertex -15 6.34857082 -25.0000019
  vertex -11.25 5.09857082 -25
  vertex -15 5.09857082 -25.0000019
  endloop
 endfacet

 facet normal 6.66666651e-08 0 -1
  outer loop
  vertex -11.25 6.50482082 -25
  vertex -7.5 5.09857082 -25
  vertex -11.25 5.09857082 -25
  endloop
 endfacet

 facet normal 6.66666651e-08 0 -1
  outer loop
  vertex -7.5 6.66107082 -25
  vertex -3.75 5.09857082 -25
  vertex -7.5 5.09857082 -25
  endloop
 endfacet

 facet normal 7.31424308e-08 0 -1
  outer loop
  vertex 15 10.0985708 -24.9999981
  vertex 11.25 9.31732082 -25
  vertex 11.25 10.7235708 -25
  endloop
 endfacet

 facet normal 7.15235018e-08 0 -1
  outer loop
  vertex 15 8.84857082 -24.9999981
  vertex 11.25 7.91107082 -25
  vertex 11.25 9.31732082 -25
  endloop
 endfacet

 facet normal 6.66666651e-08 0 -1
  outer loop
  vertex 15 7.59857082 -24.9999981
  vertex 11.25 6.50482082 -25
  vertex 11.25 7.91107082 -25
  endloop
 endfacet

 facet normal 6.66666651e-08 -2.03945003e-08 -1
  outer loop
  vertex 3.75 11.9735708 -25
  vertex 0 10.2552357 -25
  vertex 0 12.5985708 -25
  endloop
 endfacet

 facet normal 7.19650046e-08 -1.19213004e-08 -1
  outer loop
  vertex 7.5 11.3485708 -25
  vertex 3.75 10.2548208 -25
  vertex 3.75 11.9735708 -25
  endloop
 endfacet

 facet normal 7.24948421e-08 0 -1
  outer loop
  vertex 11.25 10.7235708 -25
  vertex 7.5 9.78607082 -25
  vertex 7.5 11.3485708 -25
  endloop
 endfacet

 facet normal 7.06404393e-08 -1.19213004e-08 -1
  outer loop
  vertex 7.5 9.78607082 -25
  vertex 3.75 8.53607082 -25
  vertex 3.75 10.2548208 -25
  endloop
 endfacet

 facet normal 6.66666651e-08 -1.19213004e-08 -1
  outer loop
  vertex 7.5 8.22357082 -25
  vertex 3.75 6.81732082 -25
  vertex 3.75 8.53607082 -25
  endloop
 endfacet

 facet normal 6.66666651e-08 -1.19432002e-08 -1
  outer loop
  vertex 3.75 6.81732082 -25
  vertex 0 5.09857082 -25
  vertex 0 6.81850672 -25
  endloop
 endfacet

 facet normal 6.66666651e-08 -1.19213004e-08 -1
  outer loop
  vertex 7.5 6.66107082 -25
  vertex 3.75 5.09857082 -25
  vertex 3.75 6.81732082 -25
  endloop
 endfacet

 facet normal 6.66666651e-08 0 -1
  outer loop
  vertex 11.25 6.50482082 -25
  vertex 7.5 5.09857082 -25
  vertex 7.5 6.66107082 -25
  endloop
 endfacet

 facet normal -6.66666651e-08 0 1
  outer loop
  vertex 7.5 5.09857082 -24.9499989
  vertex 3.75 5.09857082 -24.9499989
  vertex 0 0.0985708237 -24.9500008
  endloop
 endfacet

 facet normal -6.66666651e-08 0 1
  outer loop
  vertex 11.25 5.09857082 -24.9499989
  vertex 15 6.34857082 -24.9499989
  vertex 11.25 6.50482082 -24.9499989
  endloop
 endfacet

 facet normal -6.66666651e-08 1.29957014e-08 1
  outer loop
  vertex -3.75 6.81732082 -24.9500008
  vertex 0 5.09857082 -24.9500008
  vertex 0 6.81850672 -24.9500008
  endloop
 endfacet

 facet normal -6.66666651e-08 0 1
  outer loop
  vertex -7.5 5.09857082 -24.9500008
  vertex -11.25 5.09857082 -24.9500008
  vertex -15 0.0985708237 -24.9500008
  endloop
 endfacet

 facet normal -6.66666651e-08 1.90769001e-08 1
  outer loop
  vertex -3.75 11.9735708 -24.9500008
  vertex 0 10.2552357 -24.9500008
  vertex 0 12.5985708 -24.9500008
  endloop
 endfacet

 facet normal -6.01543064e-08 0 1
  outer loop
  vertex -15 10.0985708 -24.9500008
  vertex -11.25 9.31732082 -24.9500008
  vertex -11.25 10.7235708 -24.9500008
  endloop
 endfacet

 facet normal -6.03088353e-08 0 1
  outer loop
  vertex -11.25 10.7235708 -24.9500008
  vertex -7.5 9.78607082 -24.9500008
  vertex -7.5 11.3485708 -24.9500008
  endloop
 endfacet

 facet normal -6.15190032e-08 1.3004601e-08 1
  outer loop
  vertex -7.5 11.3485708 -24.9500008
  vertex -3.75 10.2548208 -24.9500008
  vertex -3.75 11.9735708 -24.9500008
  endloop
 endfacet

 facet normal -6.13684676e-08 0 1
  outer loop
  vertex -15 8.84857082 -24.9500008
  vertex -11.25 7.91107082 -24.9500008
  vertex -11.25 9.31732082 -24.9500008
  endloop
 endfacet

 facet normal -6.23318073e-08 1.3004601e-08 1
  outer loop
  vertex -7.5 9.78607082 -24.9500008
  vertex -3.75 8.53607082 -24.9500008
  vertex -3.75 10.2548208 -24.9500008
  endloop
 endfacet

 facet normal -6.66666651e-08 0 1
  outer loop
  vertex -15 7.59857082 -24.9500008
  vertex -11.25 6.50482082 -24.9500008
  vertex -11.25 7.91107082 -24.9500008
  endloop
 endfacet

 facet normal -6.66666651e-08 0 1
  outer loop
  vertex -7.5 8.22357082 -24.9500008
  vertex -3.75 6.81732082 -24.9500008
  vertex -3.75 8.53607082 -24.9500008
  endloop
 endfacet

 facet normal -6.66666651e-08 0 1
  outer loop
  vertex -15 6.34857082 -24.9500008
  vertex -11.25 5.09857082 -24.9500008
  vertex -11.25 6.50482082 -24.9500008
  endloop
 endfacet

 facet normal -6.66666651e-08 0 1
  outer loop
  vertex -11.25 6.50482082 -24.9500008
  vertex -7.5 5.09857082 -24.9500008
  vertex -7.5 6.66107082 -24.9500008
  endloop
 endfacet

 facet normal -6.66666651e-08 1.3004601e-08 1
  outer loop
  vertex -7.5 6.66107082 -24.9500008
  vertex -3.75 5.09857082 -24.9500008
  vertex -3.75 6.81732082 -24.9500008
  endloop
 endfacet

 facet normal -7.31790379e-08 0 1
  outer loop
  vertex 11.25 9.31732082 -24.9499989
  vertex 15 10.0985708 -24.9499989
  vertex 11.25 10.7235708 -24.9499989
  endloop
 endfacet

 facet normal -7.19648625e-08 0 1
  outer loop
  vertex 11.25 7.91107082 -24.9499989
  vertex 15 8.84857082 -24.9499989
  vertex 11.25 9.31732082 -24.9499989
  endloop
 endfacet

 facet normal -6.66666651e-08 0 1
  outer loop
  vertex 11.25 6.50482082 -24.9499989
  vertex 15 7.59857082 -24.9499989
  vertex 11.25 7.91107082 -24.9499989
  endloop
 endfacet

 facet normal -6.66666651e-08 1.90769001e-08 1
  outer loop
  vertex 0 10.2552357 -24.9500008
  vertex 3.75 11.9735708 -24.9500008
  vertex 0 12.5985708 -24.9500008
  endloop
 endfacet

 facet normal -7.18143411e-08 1.3004601e-08 1
  outer loop
  vertex 3.75 10.2548208 -24.9500008
  vertex 7.5 11.3485708 -24.9499989
  vertex 3.75 11.9735708 -24.9500008
  endloop
 endfacet

 facet normal -7.30245091e-08 0 1
  outer loop
  vertex 7.5 9.78607082 -24.9499989
  vertex 11.25 10.7235708 -24.9499989
  vertex 7.5 11.3485708 -24.9499989
  endloop
 endfacet

 facet normal -7.10015371e-08 1.3004601e-08 1
  outer loop
  vertex 3.75 8.53607082 -24.9499989
  vertex 7.5 9.78607082 -24.9499989
  vertex 3.75 10.2548208 -24.9500008
  endloop
 endfacet

 facet normal -6.66666651e-08 0 1
  outer loop
  vertex 3.75 6.81732082 -24.9499989
  vertex 7.5 8.22357082 -24.9499989
  vertex 3.75 8.53607082 -24.9499989
  endloop
 endfacet

 facet normal -6.66666651e-08 1.29957014e-08 1
  outer loop
  vertex 0 5.09857082 -24.9500008
  vertex 3.75 6.81732082 -24.9499989
  vertex 0 6.81850672 -24.9500008
  endloop
 endfacet

 facet normal -6.66666651e-08 1.3004601e-08 1
  outer loop
  vertex 3.75 5.09857082 -24.9499989
  vertex 7.5 6.66107082 -24.9499989
  vertex 3.75 6.81732082 -24.9499989
  endloop
 endfacet

 facet normal -6.66666651e-08 0 1
  outer loop
  vertex 7.5 5.09857082 -24.9499989
  vertex 11.25 6.50482082 -24.9499989
  vertex 7.5 6.66107082 -24.9499989
  endloop
 endfacet

 facet normal 1 0 0
  outer loop
  vertex -11.25 6.50482082 -25
  vertex -11.25 7.91107082 -24.9500008
  vertex -11.25 6.50482082 -24.9500008
  endloop
 endfacet

 facet normal 1 0 0
  outer loop
  vertex 15 5.09857082 -24.9999981
  vertex 15 0.0985708237 -24.9499989
  vertex 15 0.0985708237 -24.9999981
  endloop
 endfacet

 facet normal -1 0 0
  outer loop
  vertex -15 8.84857082 -25.0000019
  vertex -15 10.0985708 -24.9500008
  vertex -15 10.0985708 -25.0000019
  endloop
 endfacet

 facet normal -1 0 0
  outer loop
  vertex -7.5 6.66107082 -25
  vertex -7.5 8.22357082 -24.9500008
  vertex -7.5 8.22357082 -25
  endloop
 endfacet

 facet normal 0.0416305289 0.99913305 0
  outer loop
  vertex 11.25 6.50482082 -25
  vertex 7.5 6.66107082 -24.9499989
  vertex 11.25 6.50482082 -24.9499989
  endloop
 endfacet

 facet normal -1 0 0
  outer loop
  vertex -15 7.59857082 -25.0000019
  vertex -15 8.84857082 -24.9500008
  vertex -15 8.84857082 -25.0000019
  endloop
 endfacet

 facet normal 1 0 0
  outer loop
  vertex -3.75 6.81732082 -25
  vertex -3.75 8.53607082 -24.9500008
  vertex -3.75 6.81732082 -24.9500008
  endloop
 endfacet

 facet normal -1 0 0
  outer loop
  vertex -15 6.34857082 -25.0000019
  vertex -15 7.59857082 -24.9500008
  vertex -15 7.59857082 -25.0000019
  endloop
 endfacet

 facet normal -0.000316401478 0.99999994 0
  outer loop
  vertex -3.75 6.81732082 -25
  vertex 0 6.81850672 -24.9500008
  vertex 0 6.81850672 -25
  endloop
 endfacet

 facet normal -0.164399207 0.986393869 0
  outer loop
  vertex -3.75 11.9735708 -25
  vertex 0 12.5985708 -24.9500008
  vertex 0 12.5985708 -25
  endloop
 endfacet

 facet normal -0.0416305624 0.99913305 0
  outer loop
  vertex -11.25 6.50482082 -25
  vertex -7.5 6.66107082 -24.9500008
  vertex -7.5 6.66107082 -25
  endloop
 endfacet

 facet normal -1 0 0
  outer loop
  vertex 3.75 8.53607082 -25
  vertex 3.75 10.2548208 -24.9500008
  vertex 3.75 10.2548208 -25
  endloop
 endfacet

 facet normal -0.164398834 0.986394048 0
  outer loop
  vertex -7.5 11.3485708 -25
  vertex -3.75 11.9735708 -24.9500008
  vertex -3.75 11.9735708 -25
  endloop
 endfacet

 facet normal 1 0 0
  outer loop
  vertex 7.5 8.22357082 -25
  vertex 7.5 9.78607082 -24.9499989
  vertex 7.5 8.22357082 -24.9499989
  endloop
 endfacet

 facet normal -0.164399058 0.986393929 0
  outer loop
  vertex -15 10.0985708 -25.0000019
  vertex -11.25 10.7235708 -24.9500008
  vertex -11.25 10.7235708 -25
  endloop
 endfacet

 facet normal -0.000111063346 -1 0
  outer loop
  vertex 3.75 10.2548208 -25
  vertex 0 10.2552357 -24.9500008
  vertex 0 10.2552357 -25
  endloop
 endfacet

 facet normal -0.164399058 0.986393929 0
  outer loop
  vertex -11.25 10.7235708 -25
  vertex -7.5 11.3485708 -24.9500008
  vertex -7.5 11.3485708 -25
  endloop
 endfacet

 facet normal -1 0 0
  outer loop
  vertex 11.25 7.91107082 -25
  vertex 11.25 9.31732082 -24.9499989
  vertex 11.25 9.31732082 -25
  endloop
 endfacet

 facet normal -1 0 0
  outer loop
  vertex -15 0.0985708237 -25.0000019
  vertex -15 5.09857082 -24.9500008
  vertex -15 5.09857082 -25.0000019
  endloop
 endfacet

 facet normal 1 0 0
  outer loop
  vertex 15 6.34857082 -24.9999981
  vertex 15 5.09857082 -24.9499989
  vertex 15 5.09857082 -24.9999981
  endloop
 endfacet

 facet normal -1 0 0
  outer loop
  vertex 3.75 6.81732082 -25
  vertex 3.75 8.53607082 -24.9499989
  vertex 3.75 8.53607082 -25
  endloop
 endfacet

 facet normal 0 -1 0
  outer loop
  vertex 15 0.0985708237 -24.9999981
  vertex 0 0.0985708237 -24.9500008
  vertex 0 0.0985708237 -25
  endloop
 endfacet

 facet normal -0.124034621 -0.99227792 0
  outer loop
  vertex 11.25 9.31732082 -25
  vertex 7.5 9.78607082 -24.9499989
  vertex 7.5 9.78607082 -25
  endloop
 endfacet

 facet normal 1 0 0
  outer loop
  vertex 15 7.59857082 -24.9999981
  vertex 15 6.34857082 -24.9499989
  vertex 15 6.34857082 -24.9999981
  endloop
 endfacet

 facet normal 1 0 0
  outer loop
  vertex 7.5 6.66107082 -25
  vertex 7.5 8.22357082 -24.9499989
  vertex 7.5 6.66107082 -24.9499989
  endloop
 endfacet

 facet normal 1 0 0
  outer loop
  vertex 15 10.0985708 -24.9999981
  vertex 15 8.84857082 -24.9499989
  vertex 15 8.84857082 -24.9999981
  endloop
 endfacet

 facet normal 1 0 0
  outer loop
  vertex 15 8.84857082 -24.9999981
  vertex 15 7.59857082 -24.9499989
  vertex 15 7.59857082 -24.9999981
  endloop
 endfacet

 facet normal 1 0 0
  outer loop
  vertex -11.25 7.91107082 -25
  vertex -11.25 9.31732082 -24.9500008
  vertex -11.25 7.91107082 -24.9500008
  endloop
 endfacet

 facet normal -1 0 0
  outer loop
  vertex 11.25 6.50482082 -25
  vertex 11.25 7.91107082 -24.9499989
  vertex 11.25 7.91107082 -25
  endloop
 endfacet

 facet normal 0.164398834 0.986394048 0
  outer loop
  vertex 3.75 11.9735708 -25
  vertex 0 12.5985708 -24.9500008
  vertex 3.75 11.9735708 -24.9500008
  endloop
 endfacet

 facet normal 0.000110666006 -1 0
  outer loop
  vertex 0 10.2552357 -25
  vertex -3.75 10.2548208 -24.9500008
  vertex -3.75 10.2548208 -25
  endloop
 endfacet

 facet normal 0.164398909 0.986393929 0
  outer loop
  vertex 15 10.0985708 -24.9999981
  vertex 11.25 10.7235708 -24.9499989
  vertex 15 10.0985708 -24.9499989
  endloop
 endfacet

 facet normal -1 0 0
  outer loop
  vertex -7.5 8.22357082 -25
  vertex -7.5 9.78607082 -24.9500008
  vertex -7.5 9.78607082 -25
  endloop
 endfacet

 facet normal -1 0 0
  outer loop
  vertex -15 5.09857082 -25.0000019
  vertex -15 6.34857082 -24.9500008
  vertex -15 6.34857082 -25.0000019
  endloop
 endfacet

 facet normal 0.164398938 0.986393929 0
  outer loop
  vertex 11.25 10.7235708 -25
  vertex 7.5 11.3485708 -24.9499989
  vertex 11.25 10.7235708 -24.9499989
  endloop
 endfacet

 facet normal 1 0 0
  outer loop
  vertex -3.75 8.53607082 -25
  vertex -3.75 10.2548208 -24.9500008
  vertex -3.75 8.53607082 -24.9500008
  endloop
 endfacet

 facet normal 0 -1 0
  outer loop
  vertex 0 0.0985708237 -25
  vertex -15 0.0985708237 -24.9500008
  vertex -15 0.0985708237 -25.0000019
  endloop
 endfacet

 facet normal 0.12403471 -0.99227792 0
  outer loop
  vertex -11.25 9.31732082 -25
  vertex -7.5 9.78607082 -24.9500008
  vertex -11.25 9.31732082 -24.9500008
  endloop
 endfacet

 facet normal 0.000316302147 0.99999994 0
  outer loop
  vertex 0 6.81850672 -25
  vertex 3.75 6.81732082 -24.9499989
  vertex 3.75 6.81732082 -25
  endloop
 endfacet

 facet normal 0.164399073 0.986393988 0
  outer loop
  vertex 7.5 11.3485708 -25
  vertex 3.75 11.9735708 -24.9500008
  vertex 7.5 11.3485708 -24.9499989
  endloop
 endfacet

 facet normal 6.66666651e-08 0 -1
  outer loop
  vertex 0 0.0985708237 -25
  vertex 0 5.09857082 -25
  vertex 3.75 5.09857082 -25
  endloop
 endfacet

 facet normal 6.66666651e-08 0 -1
  outer loop
  vertex 7.5 5.09857082 -25
  vertex 11.25 5.09857082 -25
  vertex 15 0.0985708237 -24.9999981
  endloop
 endfacet

 facet normal 6.66666651e-08 0 -1
  outer loop
  vertex 11.25 5.09857082 -25
  vertex 15 5.09857082 -24.9999981
  vertex 15 0.0985708237 -24.9999981
  endloop
 endfacet

 facet normal 6.66666651e-08 0 -1
  outer loop
  vertex 7.5 5.09857082 -25
  vertex 15 0.0985708237 -24.9999981
  vertex 0 0.0985708237 -25
  endloop
 endfacet

 facet normal 6.66666651e-08 0 -1
  outer loop
  vertex 15 6.34857082 -24.9999981
  vertex 15 5.09857082 -24.9999981
  vertex 11.25 5.09857082 -25
  endloop
 endfacet

 facet normal 6.66666651e-08 -1.19432002e-08 -1
  outer loop
  vertex -3.75 6.81732082 -25
  vertex 0 6.81850672 -25
  vertex 0 5.09857082 -25
  endloop
 endfacet

 facet normal 6.66666651e-08 0 -1
  outer loop
  vertex -15 0.0985708237 -25.0000019
  vertex -15 5.09857082 -25.0000019
  vertex -11.25 5.09857082 -25
  endloop
 endfacet

 facet normal 6.66666651e-08 0 -1
  outer loop
  vertex -7.5 5.09857082 -25
  vertex -3.75 5.09857082 -25
  vertex 0 0.0985708237 -25
  endloop
 endfacet

 facet normal 6.66666651e-08 0 -1
  outer loop
  vertex -3.75 5.09857082 -25
  vertex 0 5.09857082 -25
  vertex 0 0.0985708237 -25
  endloop
 endfacet

 facet normal 6.66666651e-08 0 -1
  outer loop
  vertex -7.5 5.09857082 -25
  vertex 0 0.0985708237 -25
  vertex -15 0.0985708237 -25.0000019
  endloop
 endfacet

 facet normal 6.66666651e-08 -2.03945003e-08 -1
  outer loop
  vertex -3.75 11.9735708 -25
  vertex 0 12.5985708 -25
  vertex 0 10.2552357 -25
  endloop
 endfacet

 facet normal 6.01908994e-08 0 -1
  outer loop
  vertex -15 10.0985708 -25.0000019
  vertex -11.25 10.7235708 -25
  vertex -11.25 9.31732082 -25
  endloop
 endfacet

 facet normal 6.08385022e-08 0 -1
  outer loop
  vertex -11.25 10.7235708 -25
  vertex -7.5 11.3485708 -25
  vertex -7.5 9.78607082 -25
  endloop
 endfacet

 facet normal 6.13683397e-08 -1.19213004e-08 -1
  outer loop
  vertex -7.5 11.3485708 -25
  vertex -3.75 11.9735708 -25
  vertex -3.75 10.2548208 -25
  endloop
 endfacet

 facet normal 6.18098284e-08 0 -1
  outer loop
  vertex -15 8.84857082 -25.0000019
  vertex -11.25 9.31732082 -25
  vertex -11.25 7.91107082 -25
  endloop
 endfacet

 facet normal 6.26929051e-08 -1.19213004e-08 -1
  outer loop
  vertex -7.5 9.78607082 -25
  vertex -3.75 10.2548208 -25
  vertex -3.75 8.53607082 -25
  endloop
 endfacet

 facet normal 6.66666651e-08 0 -1
  outer loop
  vertex -15 7.59857082 -25.0000019
  vertex -11.25 7.91107082 -25
  vertex -11.25 6.50482082 -25
  endloop
 endfacet

 facet normal 6.66666651e-08 -1.19213004e-08 -1
  outer loop
  vertex -7.5 8.22357082 -25
  vertex -3.75 8.53607082 -25
  vertex -3.75 6.81732082 -25
  endloop
 endfacet

 facet normal 6.66666651e-08 0 -1
  outer loop
  vertex -15 6.34857082 -25.0000019
  vertex -11.25 6.50482082 -25
  vertex -11.25 5.09857082 -25
  endloop
 endfacet

 facet normal 6.66666651e-08 0 -1
  outer loop
  vertex -11.25 6.50482082 -25
  vertex -7.5 6.66107082 -25
  vertex -7.5 5.09857082 -25
  endloop
 endfacet

 facet normal 6.66666651e-08 -1.19213004e-08 -1
  outer loop
  vertex -7.5 6.66107082 -25
  vertex -3.75 6.81732082 -25
  vertex -3.75 5.09857082 -25
  endloop
 endfacet

 facet normal 7.21305966e-08 0 -1
  outer loop
  vertex 15 10.0985708 -24.9999981
  vertex 15 8.84857082 -24.9999981
  vertex 11.25 9.31732082 -25
  endloop
 endfacet

 facet normal 6.66666651e-08 0 -1
  outer loop
  vertex 15 8.84857082 -24.9999981
  vertex 15 7.59857082 -24.9999981
  vertex 11.25 7.91107082 -25
  endloop
 endfacet

 facet normal 6.66666651e-08 0 -1
  outer loop
  vertex 15 7.59857082 -24.9999981
  vertex 15 6.34857082 -24.9999981
  vertex 11.25 6.50482082 -25
  endloop
 endfacet

 facet normal 6.66666651e-08 -1.19213004e-08 -1
  outer loop
  vertex 3.75 11.9735708 -25
  vertex 3.75 10.2548208 -25
  vertex 0 10.2552357 -25
  endloop
 endfacet

 facet normal 7.10378032e-08 0 -1
  outer loop
  vertex 7.5 11.3485708 -25
  vertex 7.5 9.78607082 -25
  vertex 3.75 10.2548208 -25
  endloop
 endfacet

 facet normal 7.15235018e-08 0 -1
  outer loop
  vertex 11.25 10.7235708 -25
  vertex 11.25 9.31732082 -25
  vertex 7.5 9.78607082 -25
  endloop
 endfacet

 facet normal 6.66666651e-08 0 -1
  outer loop
  vertex 7.5 9.78607082 -25
  vertex 7.5 8.22357082 -25
  vertex 3.75 8.53607082 -25
  endloop
 endfacet

 facet normal 6.66666651e-08 0 -1
  outer loop
  vertex 7.5 8.22357082 -25
  vertex 7.5 6.66107082 -25
  vertex 3.75 6.81732082 -25
  endloop
 endfacet

 facet normal 6.66666651e-08 -1.19213004e-08 -1
  outer loop
  vertex 3.75 6.81732082 -25
  vertex 3.75 5.09857082 -25
  vertex 0 5.09857082 -25
  endloop
 endfacet

 facet normal 6.66666651e-08 0 -1
  outer loop
  vertex 7.5 6.66107082 -25
  vertex 7.5 5.09857082 -25
  vertex 3.75 5.09857082 -25
  endloop
 endfacet

 facet normal 6.66666651e-08 0 -1
  outer loop
  vertex 11.25 6.50482082 -25
  vertex 11.25 5.09857082 -25
  vertex 7.5 5.09857082 -25
  endloop
 endfacet

 facet normal -6.66666651e-08 0 1
  outer loop
  vertex 3.75 5.09857082 -24.9499989
  vertex 0 5.09857082 -24.9500008
  vertex 0 0.0985708237 -24.9500008
  endloop
 endfacet

 facet normal -6.66666651e-08 0 1
  outer loop
  vertex 0 0.0985708237 -24.9500008
  vertex 15 0.0985708237 -24.9499989
  vertex 7.5 5.09857082 -24.9499989
  endloop
 endfacet

 facet normal -6.66666651e-08 0 1
  outer loop
  vertex 15 0.0985708237 -24.9499989
  vertex 15 5.09857082 -24.9499989
  vertex 11.25 5.09857082 -24.9499989
  endloop
 endfacet

 facet normal -6.66666651e-08 0 1
  outer loop
  vertex 11.25 5.09857082 -24.9499989
  vertex 7.5 5.09857082 -24.9499989
  vertex 15 0.0985708237 -24.9499989
  endloop
 endfacet

 facet normal -6.66666651e-08 0 1
  outer loop
  vertex 11.25 5.09857082 -24.9499989
  vertex 15 5.09857082 -24.9499989
  vertex 15 6.34857082 -24.9499989
  endloop
 endfacet

 facet normal -6.66666651e-08 1.3004601e-08 1
  outer loop
  vertex -3.75 6.81732082 -24.9500008
  vertex -3.75 5.09857082 -24.9500008
  vertex 0 5.09857082 -24.9500008
  endloop
 endfacet

 facet normal -6.66666651e-08 0 1
  outer loop
  vertex -11.25 5.09857082 -24.9500008
  vertex -15 5.09857082 -24.9500008
  vertex -15 0.0985708237 -24.9500008
  endloop
 endfacet

 facet normal -6.66666651e-08 0 1
  outer loop
  vertex -15 0.0985708237 -24.9500008
  vertex 0 0.0985708237 -24.9500008
  vertex -7.5 5.09857082 -24.9500008
  endloop
 endfacet

 facet normal -6.66666651e-08 0 1
  outer loop
  vertex 0 0.0985708237 -24.9500008
  vertex 0 5.09857082 -24.9500008
  vertex -3.75 5.09857082 -24.9500008
  endloop
 endfacet

 facet normal -6.66666651e-08 0 1
  outer loop
  vertex -3.75 5.09857082 -24.9500008
  vertex -7.5 5.09857082 -24.9500008
  vertex 0 0.0985708237 -24.9500008
  endloop
 endfacet

 facet normal -6.66666651e-08 0 1
  outer loop
  vertex -3.75 11.9735708 -24.9500008
  vertex -3.75 10.2548208 -24.9500008
  vertex 0 10.2552357 -24.9500008
  endloop
 endfacet

 facet normal -6.07061992e-08 0 1
  outer loop
  vertex -15 10.0985708 -24.9500008
  vertex -15 8.84857082 -24.9500008
  vertex -11.25 9.31732082 -24.9500008
  endloop
 endfacet

 facet normal -6.20307645e-08 0 1
  outer loop
  vertex -11.25 10.7235708 -24.9500008
  vertex -11.25 9.31732082 -24.9500008
  vertex -7.5 9.78607082 -24.9500008
  endloop
 endfacet

 facet normal -6.1898298e-08 0 1
  outer loop
  vertex -7.5 11.3485708 -24.9500008
  vertex -7.5 9.78607082 -24.9500008
  vertex -3.75 10.2548208 -24.9500008
  endloop
 endfacet

 facet normal -6.2693033e-08 0 1
  outer loop
  vertex -15 8.84857082 -24.9500008
  vertex -15 7.59857082 -24.9500008
  vertex -11.25 7.91107082 -24.9500008
  endloop
 endfacet

 facet normal -6.66666651e-08 0 1
  outer loop
  vertex -7.5 9.78607082 -24.9500008
  vertex -7.5 8.22357082 -24.9500008
  vertex -3.75 8.53607082 -24.9500008
  endloop
 endfacet

 facet normal -6.66666651e-08 0 1
  outer loop
  vertex -15 7.59857082 -24.9500008
  vertex -15 6.34857082 -24.9500008
  vertex -11.25 6.50482082 -24.9500008
  endloop
 endfacet

 facet normal -6.66666651e-08 0 1
  outer loop
  vertex -7.5 8.22357082 -24.9500008
  vertex -7.5 6.66107082 -24.9500008
  vertex -3.75 6.81732082 -24.9500008
  endloop
 endfacet

 facet normal -6.66666651e-08 0 1
  outer loop
  vertex -15 6.34857082 -24.9500008
  vertex -15 5.09857082 -24.9500008
  vertex -11.25 5.09857082 -24.9500008
  endloop
 endfacet

 facet normal -6.66666651e-08 0 1
  outer loop
  vertex -11.25 6.50482082 -24.9500008
  vertex -11.25 5.09857082 -24.9500008
  vertex -7.5 5.09857082 -24.9500008
  endloop
 endfacet

 facet normal -6.66666651e-08 0 1
  outer loop
  vertex -7.5 6.66107082 -24.9500008
  vertex -7.5 5.09857082 -24.9500008
  vertex -3.75 5.09857082 -24.9500008
  endloop
 endfacet

 facet normal -7.2627131e-08 0 1
  outer loop
  vertex 11.25 9.31732082 -24.9499989
  vertex 15 8.84857082 -24.9499989
  vertex 15 10.0985708 -24.9499989
  endloop
 endfacet

 facet normal -7.06402972e-08 0 1
  outer loop
  vertex 11.25 7.91107082 -24.9499989
  vertex 15 7.59857082 -24.9499989
  vertex 15 8.84857082 -24.9499989
  endloop
 endfacet

 facet normal -6.66666651e-08 0 1
  outer loop
  vertex 11.25 6.50482082 -24.9499989
  vertex 15 6.34857082 -24.9499989
  vertex 15 7.59857082 -24.9499989
  endloop
 endfacet

 facet normal -6.66666651e-08 0 1
  outer loop
  vertex 0 10.2552357 -24.9500008
  vertex 3.75 10.2548208 -24.9500008
  vertex 3.75 11.9735708 -24.9500008
  endloop
 endfacet

 facet normal -7.14350321e-08 0 1
  outer loop
  vertex 3.75 10.2548208 -24.9500008
  vertex 7.5 9.78607082 -24.9499989
  vertex 7.5 11.3485708 -24.9499989
  endloop
 endfacet

 facet normal -7.13025656e-08 0 1
  outer loop
  vertex 7.5 9.78607082 -24.9499989
  vertex 11.25 9.31732082 -24.9499989
  vertex 11.25 10.7235708 -24.9499989
  endloop
 endfacet

 facet normal -6.66666651e-08 0 1
  outer loop
  vertex 3.75 8.53607082 -24.9499989
  vertex 7.5 8.22357082 -24.9499989
  vertex 7.5 9.78607082 -24.9499989
  endloop
 endfacet

 facet normal -6.66666651e-08 0 1
  outer loop
  vertex 3.75 6.81732082 -24.9499989
  vertex 7.5 6.66107082 -24.9499989
  vertex 7.5 8.22357082 -24.9499989
  endloop
 endfacet

 facet normal -6.66666651e-08 1.3004601e-08 1
  outer loop
  vertex 0 5.09857082 -24.9500008
  vertex 3.75 5.09857082 -24.9499989
  vertex 3.75 6.81732082 -24.9499989
  endloop
 endfacet

 facet normal -6.66666651e-08 0 1
  outer loop
  vertex 3.75 5.09857082 -24.9499989
  vertex 7.5 5.09857082 -24.9499989
  vertex 7.5 6.66107082 -24.9499989
  endloop
 endfacet

 facet normal -6.66666651e-08 0 1
  outer loop
  vertex 7.5 5.09857082 -24.9499989
  vertex 11.25 5.09857082 -24.9499989
  vertex 11.25 6.50482082 -24.9499989
  endloop
 endfacet

 facet normal 1 0 0
  outer loop
  vertex -11.25 6.50482082 -25
  vertex -11.25 7.91107082 -25
  vertex -11.25 7.91107082 -24.9500008
  endloop
 endfacet

 facet normal 1 0 0
  outer loop
  vertex 15 5.09857082 -24.9999981
  vertex 15 5.09857082 -24.9499989
  vertex 15 0.0985708237 -24.9499989
  endloop
 endfacet

 facet normal -1 0 0
  outer loop
  vertex -15 8.84857082 -25.0000019
  vertex -15 8.84857082 -24.9500008
  vertex -15 10.0985708 -24.9500008
  endloop
 endfacet

 facet normal -1 0 0
  outer loop
  vertex -7.5 6.66107082 -25
  vertex -7.5 6.66107082 -24.9500008
  vertex -7.5 8.22357082 -24.9500008
  endloop
 endfacet

 facet normal 0.0416305624 0.99913305 0
  outer loop
  vertex 11.25 6.50482082 -25
  vertex 7.5 6.66107082 -25
  vertex 7.5 6.66107082 -24.9499989
  endloop
 endfacet

 facet normal -1 0 0
  outer loop
  vertex -15 7.59857082 -25.0000019
  vertex -15 7.59857082 -24.9500008
  vertex -15 8.84857082 -24.9500008
  endloop
 endfacet

 facet normal 1 0 0
  outer loop
  vertex -3.75 6.81732082 -25
  vertex -3.75 8.53607082 -25
  vertex -3.75 8.53607082 -24.9500008
  endloop
 endfacet

 facet normal -1 0 0
  outer loop
  vertex -15 6.34857082 -25.0000019
  vertex -15 6.34857082 -24.9500008
  vertex -15 7.59857082 -24.9500008
  endloop
 endfacet

 facet normal -0.000316302147 0.99999994 0
  outer loop
  vertex -3.75 6.81732082 -25
  vertex -3.75 6.81732082 -24.9500008
  vertex 0 6.81850672 -24.9500008
  endloop
 endfacet

 facet normal -0.164398834 0.986394048 0
  outer loop
  vertex -3.75 11.9735708 -25
  vertex -3.75 11.9735708 -24.9500008
  vertex 0 12.5985708 -24.9500008
  endloop
 endfacet

 facet normal -0.0416305289 0.99913305 0
  outer loop
  vertex -11.25 6.50482082 -25
  vertex -11.25 6.50482082 -24.9500008
  vertex -7.5 6.66107082 -24.9500008
  endloop
 endfacet

 facet normal -1 0 0
  outer loop
  vertex 3.75 8.53607082 -25
  vertex 3.75 8.53607082 -24.9499989
  vertex 3.75 10.2548208 -24.9500008
  endloop
 endfacet

 facet normal -0.164399073 0.986393988 0
  outer loop
  vertex -7.5 11.3485708 -25
  vertex -7.5 11.3485708 -24.9500008
  vertex -3.75 11.9735708 -24.9500008
  endloop
 endfacet

 facet normal 1 0 0
  outer loop
  vertex 7.5 8.22357082 -25
  vertex 7.5 9.78607082 -25
  vertex 7.5 9.78607082 -24.9499989
  endloop
 endfacet

 facet normal -0.164398909 0.986393929 0
  outer loop
  vertex -15 10.0985708 -25.0000019
  vertex -15 10.0985708 -24.9500008
  vertex -11.25 10.7235708 -24.9500008
  endloop
 endfacet

 facet normal -0.000110666006 -1 0
  outer loop
  vertex 3.75 10.2548208 -25
  vertex 3.75 10.2548208 -24.9500008
  vertex 0 10.2552357 -24.9500008
  endloop
 endfacet

 facet normal -0.164398938 0.986393929 0
  outer loop
  vertex -11.25 10.7235708 -25
  vertex -11.25 10.7235708 -24.9500008
  vertex -7.5 11.3485708 -24.9500008
  endloop
 endfacet

 facet normal -1 0 0
  outer loop
  vertex 11.25 7.91107082 -25
  vertex 11.25 7.91107082 -24.9499989
  vertex 11.25 9.31732082 -24.9499989
  endloop
 endfacet

 facet normal -1 0 0
  outer loop
  vertex -15 0.0985708237 -25.0000019
  vertex -15 0.0985708237 -24.9500008
  vertex -15 5.09857082 -24.9500008
  endloop
 endfacet

 facet normal 1 0 0
  outer loop
  vertex 15 6.34857082 -24.9999981
  vertex 15 6.34857082 -24.9499989
  vertex 15 5.09857082 -24.9499989
  endloop
 endfacet

 facet normal -1 0 0
  outer loop
  vertex 3.75 6.81732082 -25
  vertex 3.75 6.81732082 -24.9499989
  vertex 3.75 8.53607082 -24.9499989
  endloop
 endfacet

 facet normal 0 -1 0
  outer loop
  vertex 15 0.0985708237 -24.9999981
  vertex 15 0.0985708237 -24.9499989
  vertex 0 0.0985708237 -24.9500008
  endloop
 endfacet

 facet normal -0.12403471 -0.99227792 0
  outer loop
  vertex 11.25 9.31732082 -25
  vertex 11.25 9.31732082 -24.9499989
  vertex 7.5 9.78607082 -24.9499989
  endloop
 endfacet

 facet normal 1 0 0
  outer loop
  vertex 15 7.59857082 -24.9999981
  vertex 15 7.59857082 -24.9499989
  vertex 15 6.34857082 -24.9499989
  endloop
 endfacet

 facet normal 1 0 0
  outer loop
  vertex 7.5 6.66107082 -25
  vertex 7.5 8.22357082 -25
  vertex 7.5 8.22357082 -24.9499989
  endloop
 endfacet

 facet normal 1 0 0
  outer loop
  vertex 15 10.0985708 -24.9999981
  vertex 15 10.0985708 -24.9499989
  vertex 15 8.84857082 -24.9499989
  endloop
 endfacet

 facet normal 1 0 0
  outer loop
  vertex 15 8.84857082 -24.9999981
  vertex 15 8.84857082 -24.9499989
  vertex 15 7.59857082 -24.9499989
  endloop
 endfacet

 facet normal 1 0 0
  outer loop
  vertex -11.25 7.91107082 -25
  vertex -11.25 9.31732082 -25
  vertex -11.25 9.31732082 -24.9500008
  endloop
 endfacet

 facet normal -1 0 0
  outer loop
  vertex 11.25 6.50482082 -25
  vertex 11.25 6.50482082 -24.9499989
  vertex 11.25 7.91107082 -24.9499989
  endloop
 endfacet

 facet normal 0.164399207 0.986393869 0
  outer loop
  vertex 3.75 11.9735708 -25
  vertex 0 12.5985708 -25
  vertex 0 12.5985708 -24.9500008
  endloop
 endfacet

 facet normal 0.000111063346 -1 0
  outer loop
  vertex 0 10.2552357 -25
  vertex 0 10.2552357 -24.9500008
  vertex -3.75 10.2548208 -24.9500008
  endloop
 endfacet

 facet normal 0.164399058 0.986393929 0
  outer loop
  vertex 15 10.0985708 -24.9999981
  vertex 11.25 10.7235708 -25
  vertex 11.25 10.7235708 -24.9499989
  endloop
 endfacet

 facet normal -1 0 0
  outer loop
  vertex -7.5 8.22357082 -25
  vertex -7.5 8.22357082 -24.9500008
  vertex -7.5 9.78607082 -24.9500008
  endloop
 endfacet

 facet normal -1 0 0
  outer loop
  vertex -15 5.09857082 -25.0000019
  vertex -15 5.09857082 -24.9500008
  vertex -15 6.34857082 -24.9500008
  endloop
 endfacet

 facet normal 0.164399058 0.986393929 0
  outer loop
  vertex 11.25 10.7235708 -25
  vertex 7.5 11.3485708 -25
  vertex 7.5 11.3485708 -24.9499989
  endloop
 endfacet

 facet normal 1 0 0
  outer loop
  vertex -3.75 8.53607082 -25
  vertex -3.75 10.2548208 -25
  vertex -3.75 10.2548208 -24.9500008
  endloop
 endfacet

 facet normal 0 -1 0
  outer loop
  vertex 0 0.0985708237 -25
  vertex 0 0.0985708237 -24.9500008
  vertex -15 0.0985708237 -24.9500008
  endloop
 endfacet

 facet normal 0.124034621 -0.99227792 0
  outer loop
  vertex -11.25 9.31732082 -25
  vertex -7.5 9.78607082 -25
  vertex -7.5 9.78607082 -24.9500008
  endloop
 endfacet

 facet normal 0.000316401478 0.99999994 0
  outer loop
  vertex 0 6.81850672 -25
  vertex 0 6.81850672 -24.9500008
  vertex 3.75 6.81732082 -24.9499989
  endloop
 endfacet

 facet normal 0.164398834 0.986394048 0
  outer loop
  vertex 7.5 11.3485708 -25
  vertex 3.75 11.9735708 -25
  vertex 3.75 11.9735708 -24.9500008
  endloop
 endfacet

 facet normal 1 0 0
  outer loop
  vertex 15 8.09857082 -25
  vertex 15 10.0985708 -15.000001
  vertex 15 8.09857082 -15.000001
  endloop
 endfacet

 facet normal 1 0 0
  outer loop
  vertex 15 0.0985708237 -25
  vertex 15 2.09857082 -15.000001
  vertex 15 0.0985708237 -15.000001
  endloop
 endfacet

 facet normal 1 0 0
  outer loop
  vertex 15 2.09857082 -25
  vertex 15 4.09857082 -15.000001
  vertex 15 2.09857082 -15.000001
  endloop
 endfacet

 facet normal 1 0 0
  outer loop
  vertex 15 4.09857082 -25
  vertex 15 6.09857082 -15.000001
  vertex 15 4.09857082 -15.000001
  endloop
 endfacet

 facet normal 1 0 0
  outer loop
  vertex 15 6.09857082 -25
  vertex 15 8.09857082 -15.000001
  vertex 15 6.09857082 -15.000001
  endloop
 endfacet

 facet normal 1 0 0
  outer loop
  vertex 15 0.0985708237 15.000001
  vertex 15 2.09857082 25
  vertex 15 0.0985708237 25
  endloop
 endfacet

 facet normal 1 0 0
  outer loop
  vertex 15 0.0985708237 5
  vertex 15 2.09857082 15.000001
  vertex 15 0.0985708237 15.000001
  endloop
 endfacet

 facet normal 1 0 0
  outer loop
  vertex 15 0.0985708237 -5
  vertex 15 2.09857082 5
  vertex 15 0.0985708237 5
  endloop
 endfacet

 facet normal 1 0 0
  outer loop
  vertex 15 0.0985708237 -15.000001
  vertex 15 2.09857082 -5
  vertex 15 0.0985708237 -5
  endloop
 endfacet

 facet normal 1 0 0
  outer loop
  vertex 15 2.09857082 15.000001
  vertex 15 4.09857082 25
  vertex 15 2.09857082 25
  endloop
 endfacet

 facet normal 1 0 0
  outer loop
  vertex 15 2.09857082 5
  vertex 15 4.09857082 15.000001
  vertex 15 2.09857082 15.000001
  endloop
 endfacet

 facet normal 1 0 0
  outer loop
  vertex 15 2.09857082 -5
  vertex 15 4.09857082 5
  vertex 15 2.09857082 5
  endloop
 endfacet

 facet normal 1 0 0
  outer loop
  vertex 15 2.09857082 -15.000001
  vertex 15 4.09857082 -5
  vertex 15 2.09857082 -5
  endloop
 endfacet

 facet normal 1 0 0
  outer loop
  vertex 15 4.09857082 15.000001
  vertex 15 6.09857082 25
  vertex 15 4.09857082 25
  endloop
 endfacet

 facet normal 1 0 0
  outer loop
  vertex 15 4.09857082 5
  vertex 15 6.09857082 15.000001
  vertex 15 4.09857082 15.000001
  endloop
 endfacet

 facet normal 1 0 0
  outer loop
  vertex 15 4.09857082 -5
  vertex 15 6.09857082 5
  vertex 15 4.09857082 5
  endloop
 endfacet

 facet normal 1 0 0
  outer loop
  vertex 15 4.09857082 -15.000001
  vertex 15 6.09857082 -5
  vertex 15 4.09857082 -5
  endloop
 endfacet

 facet normal 1 0 0
  outer loop
  vertex 15 6.09857082 15.000001
  vertex 15 8.09857082 25
  vertex 15 6.09857082 25
  endloop
 endfacet

 facet normal 1 0 0
  outer loop
  vertex 15 6.09857082 -5
  vertex 15 8.09857082 5
  vertex 15 6.09857082 5
  endloop
 endfacet

 facet normal 1 0 0
  outer loop
  vertex 15 8.09857082 15.000001
  vertex 15 10.0985708 25
  vertex 15 8.09857082 25
  endloop
 endfacet

 facet normal 1 0 0
  outer loop
  vertex 15 8.09857082 5
  vertex 15 10.0985708 15.000001
  vertex 15 8.09857082 15.000001
  endloop
 endfacet

 facet normal 1 0 0
  outer loop
  vertex 15 8.09857082 -5
  vertex 15 10.0985708 5
  vertex 15 8.09857082 5
  endloop
 endfacet

 facet normal 1 0 0
  outer loop
  vertex 15 8.09857082 -15.000001
  vertex 15 10.0985708 -5
  vertex 15 8.09857082 -5
  endloop
 endfacet

 facet normal -1 0 0
  outer loop
  vertex 14.9499998 10.0985708 -15.000001
  vertex 14.9499998 8.09857082 -25
  vertex 14.9499998 8.09857082 -15.000001
  endloop
 endfacet

 facet normal -1 0 0
  outer loop
  vertex 14.9499998 2.09857082 -15.000001
  vertex 14.9499998 0.0985708237 -25
  vertex 14.9499998 0.0985708237 -15.000001
  endloop
 endfacet

 facet normal -1 0 0
  outer loop
  vertex 14.9499998 4.09857082 -15.000001
  vertex 14.9499998 2.09857082 -25
  vertex 14.9499998 2.09857082 -15.000001
  endloop
 endfacet

 facet normal -1 0 0
  outer loop
  vertex 14.9499998 6.09857082 -15.000001
  vertex 14.9499998 4.09857082 -25
  vertex 14.9499998 4.09857082 -15.000001
  endloop
 endfacet

 facet normal -1 0 0
  outer loop
  vertex 14.9499998 8.09857082 -15.000001
  vertex 14.9499998 6.09857082 -25
  vertex 14.9499998 6.09857082 -15.000001
  endloop
 endfacet

 facet normal -1 0 0
  outer loop
  vertex 14.9499998 2.09857082 25
  vertex 14.9499998 0.0985708237 15.000001
  vertex 14.9499998 0.0985708237 25
  endloop
 endfacet

 facet normal -1 0 0
  outer loop
  vertex 14.9499998 2.09857082 15.000001
  vertex 14.9499998 0.0985708237 5
  vertex 14.9499998 0.0985708237 15.000001
  endloop
 endfacet

 facet normal -1 0 0
  outer loop
  vertex 14.9499998 2.09857082 5
  vertex 14.9499998 0.0985708237 -5
  vertex 14.9499998 0.0985708237 5
  endloop
 endfacet

 facet normal -1 0 0
  outer loop
  vertex 14.9499998 2.09857082 -5
  vertex 14.9499998 0.0985708237 -15.000001
  vertex 14.9499998 0.0985708237 -5
  endloop
 endfacet

 facet normal -1 0 0
  outer loop
  vertex 14.9499998 4.09857082 25
  vertex 14.9499998 2.09857082 15.000001
  vertex 14.9499998 2.09857082 25
  endloop
 endfacet

 facet normal -1 0 0
  outer loop
  vertex 14.9499998 4.09857082 15.000001
  vertex 14.9499998 2.09857082 5
  vertex 14.9499998 2.09857082 15.000001
  endloop
 endfacet

 facet normal -1 0 0
  outer loop
  vertex 14.9499998 4.09857082 5
  vertex 14.9499998 2.09857082 -5
  vertex 14.9499998 2.09857082 5
  endloop
 endfacet

 facet normal -1 0 0
  outer loop
  vertex 14.9499998 4.09857082 -5
  vertex 14.9499998 2.09857082 -15.000001
  vertex 14.9499998 2.09857082 -5
  endloop
 endfacet

 facet normal -1 0 0
  outer loop
  vertex 14.9499998 6.09857082 25
  vertex 14.9499998 4.09857082 15.000001
  vertex 14.9499998 4.09857082 25
  endloop
 endfacet

 facet normal -1 0 0
  outer loop
  vertex 14.9499998 6.09857082 15.000001
  vertex 14.9499998 4.09857082 5
  vertex 14.9499998 4.09857082 15.000001
  endloop
 endfacet

 facet normal -1 0 0
  outer loop
  vertex 14.9499998 6.09857082 5
  vertex 14.9499998 4.09857082 -5
  vertex 14.9499998 4.09857082 5
  endloop
 endfacet

 facet normal -1 0 0
  outer loop
  vertex 14.9499998 6.09857082 -5
  vertex 14.9499998 4.09857082 -15.000001
  vertex 14.9499998 4.09857082 -5
  endloop
 endfacet

 facet normal -1 0 0
  outer loop
  vertex 14.9499998 8.09857082 25
  vertex 14.9499998 6.09857082 15.000001
  vertex 14.9499998 6.09857082 25
  endloop
 endfacet

 facet normal -1 0 0
  outer loop
  vertex 14.9499998 8.09857082 5
  vertex 14.9499998 6.09857082 -5
  vertex 14.9499998 6.09857082 5
  endloop
 endfacet

 facet normal -1 0 0
  outer loop
  vertex 14.9499998 10.0985708 25
  vertex 14.9499998 8.09857082 15.000001
  vertex 14.9499998 8.09857082 25
  endloop
 endfacet

 facet normal -1 0 0
  outer loop
  vertex 14.9499998 10.0985708 15.000001
  vertex 14.9499998 8.09857082 5
  vertex 14.9499998 8.09857082 15.000001
  endloop
 endfacet

 facet normal -1 0 0
  outer loop
  vertex 14.9499998 10.0985708 5
  vertex 14.9499998 8.09857082 -5
  vertex 14.9499998 8.09857082 5
  endloop
 endfacet

 facet normal -1 0 0
  outer loop
  vertex 14.9499998 10.0985708 -5
  vertex 14.9499998 8.09857082 -15.000001
  vertex 14.9499998 8.09857082 -5
  endloop
 endfacet

 facet normal 0 0 1
  outer loop
  vertex 15 8.09857082 25
  vertex 14.9499998 6.09857082 25
  vertex 15 6.09857082 25
  endloop
 endfacet

 facet normal 0 0 -1
  outer loop
  vertex 15 6.09857082 15.000001
  vertex 14.9499998 8.09857082 15.000001
  vertex 15 8.09857082 15.000001
  endloop
 endfacet

 facet normal 0 1 0
  outer loop
  vertex 15 10.0985708 15.000001
  vertex 14.9499998 10.0985708 25
  vertex 15 10.0985708 25
  endloop
 endfacet

 facet normal 0 -1 0
  outer loop
  vertex 15 8.09857082 -5
  vertex 14.9499998 8.09857082 -15.000001
  vertex 15 8.09857082 -15.000001
  endloop
 endfacet

 facet normal 0 0 1
  outer loop
  vertex 15 8.09857082 5
  vertex 14.9499998 6.09857082 5
  vertex 15 6.09857082 5
  endloop
 endfacet

 facet normal 0 1 0
  outer loop
  vertex 15 10.0985708 5
  vertex 14.9499998 10.0985708 15.000001
  vertex 15 10.0985708 15.000001
  endloop
 endfacet

 facet normal 0 -1 0
  outer loop
  vertex 15 0.0985708237 25
  vertex 14.9499998 0.0985708237 15.000001
  vertex 15 0.0985708237 15.000001
  endloop
 endfacet

 facet normal 0 0 -1
  outer loop
  vertex 15 6.09857082 -5
  vertex 14.9499998 8.09857082 -5
  vertex 15 8.09857082 -5
  endloop
 endfacet

 facet normal 0 1 0
  outer loop
  vertex 15 10.0985708 -5
  vertex 14.9499998 10.0985708 5
  vertex 15 10.0985708 5
  endloop
 endfacet

 facet normal 0 0 1
  outer loop
  vertex 15 10.0985708 25
  vertex 14.9499998 8.09857082 25
  vertex 15 8.09857082 25
  endloop
 endfacet

 facet normal 0 0 1
  outer loop
  vertex 15 8.09857082 -15.000001
  vertex 14.9499998 6.09857082 -15.000001
  vertex 15 6.09857082 -15.000001
  endloop
 endfacet

 facet normal 0 1 0
  outer loop
  vertex 15 10.0985708 -15.000001
  vertex 14.9499998 10.0985708 -5
  vertex 15 10.0985708 -5
  endloop
 endfacet

 facet normal 0 1 0
  outer loop
  vertex 15 10.0985708 -25
  vertex 14.9499998 10.0985708 -15.000001
  vertex 15 10.0985708 -15.000001
  endloop
 endfacet

 facet normal 0 0 -1
  outer loop
  vertex 15 8.09857082 -25
  vertex 14.9499998 10.0985708 -25
  vertex 15 10.0985708 -25
  endloop
 endfacet

 facet normal 0 0 -1
  outer loop
  vertex 15 0.0985708237 -25
  vertex 14.9499998 2.09857082 -25
  vertex 15 2.09857082 -25
  endloop
 endfacet

 facet normal 0 0 -1
  outer loop
  vertex 15 6.09857082 -25
  vertex 14.9499998 8.09857082 -25
  vertex 15 8.09857082 -25
  endloop
 endfacet

 facet normal 0 -1 0
  outer loop
  vertex 15 0.0985708237 -15.000001
  vertex 14.9499998 0.0985708237 -25
  vertex 15 0.0985708237 -25
  endloop
 endfacet

 facet normal 0 0 -1
  outer loop
  vertex 15 4.09857082 -25
  vertex 14.9499998 6.09857082 -25
  vertex 15 6.09857082 -25
  endloop
 endfacet

 facet normal 0 -1 0
  outer loop
  vertex 15 0.0985708237 -5
  vertex 14.9499998 0.0985708237 -15.000001
  vertex 15 0.0985708237 -15.000001
  endloop
 endfacet

 facet normal 0 1 0
  outer loop
  vertex 15 6.09857082 5
  vertex 14.9499998 6.09857082 15.000001
  vertex 15 6.09857082 15.000001
  endloop
 endfacet

 facet normal 0 0 -1
  outer loop
  vertex 15 2.09857082 -25
  vertex 14.9499998 4.09857082 -25
  vertex 15 4.09857082 -25
  endloop
 endfacet

 facet normal 0 -1 0
  outer loop
  vertex 15 0.0985708237 5
  vertex 14.9499998 0.0985708237 -5
  vertex 15 0.0985708237 -5
  endloop
 endfacet

 facet normal 0 -1 0
  outer loop
  vertex 15 0.0985708237 15.000001
  vertex 14.9499998 0.0985708237 5
  vertex 15 0.0985708237 5
  endloop
 endfacet

 facet normal 0 1 0
  outer loop
  vertex 15 6.09857082 -15.000001
  vertex 14.9499998 6.09857082 -5
  vertex 15 6.09857082 -5
  endloop
 endfacet

 facet normal 0 0 1
  outer loop
  vertex 15 2.09857082 25
  vertex 14.9499998 0.0985708237 25
  vertex 15 0.0985708237 25
  endloop
 endfacet

 facet normal 0 0 1
  outer loop
  vertex 15 4.09857082 25
  vertex 14.9499998 2.09857082 25
  vertex 15 2.09857082 25
  endloop
 endfacet

 facet normal 0 0 1
  outer loop
  vertex 15 6.09857082 25
  vertex 14.9499998 4.09857082 25
  vertex 15 4.09857082 25
  endloop
 endfacet

 facet normal 0 -1 0
  outer loop
  vertex 15 8.09857082 15.000001
  vertex 14.9499998 8.09857082 5
  vertex 15 8.09857082 5
  endloop
 endfacet

 facet normal 1 0 0
  outer loop
  vertex 15 8.09857082 -25
  vertex 15 10.0985708 -25
  vertex 15 10.0985708 -15.000001
  endloop
 endfacet

 facet normal 1 0 0
  outer loop
  vertex 15 0.0985708237 -25
  vertex 15 2.09857082 -25
  vertex 15 2.09857082 -15.000001
  endloop
 endfacet

 facet normal 1 0 0
  outer loop
  vertex 15 2.09857082 -25
  vertex 15 4.09857082 -25
  vertex 15 4.09857082 -15.000001
  endloop
 endfacet

 facet normal 1 0 0
  outer loop
  vertex 15 4.09857082 -25
  vertex 15 6.09857082 -25
  vertex 15 6.09857082 -15.000001
  endloop
 endfacet

 facet normal 1 0 0
  outer loop
  vertex 15 6.09857082 -25
  vertex 15 8.09857082 -25
  vertex 15 8.09857082 -15.000001
  endloop
 endfacet

 facet normal 1 0 0
  outer loop
  vertex 15 0.0985708237 15.000001
  vertex 15 2.09857082 15.000001
  vertex 15 2.09857082 25
  endloop
 endfacet

 facet normal 1 0 0
  outer loop
  vertex 15 0.0985708237 5
  vertex 15 2.09857082 5
  vertex 15 2.09857082 15.000001
  endloop
 endfacet

 facet normal 1 0 0
  outer loop
  vertex 15 0.0985708237 -5
  vertex 15 2.09857082 -5
  vertex 15 2.09857082 5
  endloop
 endfacet

 facet normal 1 0 0
  outer loop
  vertex 15 0.0985708237 -15.000001
  vertex 15 2.09857082 -15.000001
  vertex 15 2.09857082 -5
  endloop
 endfacet

 facet normal 1 0 0
  outer loop
  vertex 15 2.09857082 15.000001
  vertex 15 4.09857082 15.000001
  vertex 15 4.09857082 25
  endloop
 endfacet

 facet normal 1 0 0
  outer loop
  vertex 15 2.09857082 5
  vertex 15 4.09857082 5
  vertex 15 4.09857082 15.000001
  endloop
 endfacet

 facet normal 1 0 0
  outer loop
  vertex 15 2.09857082 -5
  vertex 15 4.09857082 -5
  vertex 15 4.09857082 5
  endloop
 endfacet

 facet normal 1 0 0
  outer loop
  vertex 15 2.09857082 -15.000001
  vertex 15 4.09857082 -15.000001
  vertex 15 4.09857082 -5
  endloop
 endfacet

 facet normal 1 0 0
  outer loop
  vertex 15 4.09857082 15.000001
  vertex 15 6.09857082 15.000001
  vertex 15 6.09857082 25
  endloop
 endfacet

 facet normal 1 0 0
  outer loop
  vertex 15 4.09857082 5
  vertex 15 6.09857082 5
  vertex 15 6.09857082 15.000001
  endloop
 endfacet

 facet normal 1 0 0
  outer loop
  vertex 15 4.09857082 -5
  vertex 15 6.09857082 -5
  vertex 15 6.09857082 5
  endloop
 endfacet

 facet normal 1 0 0
  outer loop
  vertex 15 4.09857082 -15.000001
  vertex 15 6.09857082 -15.000001
  vertex 15 6.09857082 -5
  endloop
 endfacet

 facet normal 1 0 0
  outer loop
  vertex 15 6.09857082 15.000001
  vertex 15 8.09857082 15.000001
  vertex 15 8.09857082 25
  endloop
 endfacet

 facet normal 1 0 0
  outer loop
  vertex 15 6.09857082 -5
  vertex 15 8.09857082 -5
  vertex 15 8.09857082 5
  endloop
 endfacet

 facet normal 1 0 0
  outer loop
  vertex 15 8.09857082 15.000001
  vertex 15 10.0985708 15.000001
  vertex 15 10.0985708 25
  endloop
 endfacet

 facet normal 1 0 0
  outer loop
  vertex 15 8.09857082 5
  vertex 15 10.0985708 5
  vertex 15 10.0985708 15.000001
  endloop
 endfacet

 facet normal 1 0 0
  outer loop
  vertex 15 8.09857082 -5
  vertex 15 10.0985708 -5
  vertex 15 10.0985708 5
  endloop
 endfacet

 facet normal 1 0 0
  outer loop
  vertex 15 8.09857082 -15.000001
  vertex 15 10.0985708 -15.000001
  vertex 15 10.0985708 -5
  endloop
 endfacet

 facet normal -1 0 0
  outer loop
  vertex 14.9499998 10.0985708 -15.000001
  vertex 14.9499998 10.0985708 -25
  vertex 14.9499998 8.09857082 -25
  endloop
 endfacet

 facet normal -1 0 0
  outer loop
  vertex 14.9499998 2.09857082 -15.000001
  vertex 14.9499998 2.09857082 -25
  vertex 14.9499998 0.0985708237 -25
  endloop
 endfacet

 facet normal -1 0 0
  outer loop
  vertex 14.9499998 4.09857082 -15.000001
  vertex 14.9499998 4.09857082 -25
  vertex 14.9499998 2.09857082 -25
  endloop
 endfacet

 facet normal -1 0 0
  outer loop
  vertex 14.9499998 6.09857082 -15.000001
  vertex 14.9499998 6.09857082 -25
  vertex 14.9499998 4.09857082 -25
  endloop
 endfacet

 facet normal -1 0 0
  outer loop
  vertex 14.9499998 8.09857082 -15.000001
  vertex 14.9499998 8.09857082 -25
  vertex 14.9499998 6.09857082 -25
  endloop
 endfacet

 facet normal -1 0 0
  outer loop
  vertex 14.9499998 2.09857082 25
  vertex 14.9499998 2.09857082 15.000001
  vertex 14.9499998 0.0985708237 15.000001
  endloop
 endfacet

 facet normal -1 0 0
  outer loop
  vertex 14.9499998 2.09857082 15.000001
  vertex 14.9499998 2.09857082 5
  vertex 14.9499998 0.0985708237 5
  endloop
 endfacet

 facet normal -1 0 0
  outer loop
  vertex 14.9499998 2.09857082 5
  vertex 14.9499998 2.09857082 -5
  vertex 14.9499998 0.0985708237 -5
  endloop
 endfacet

 facet normal -1 0 0
  outer loop
  vertex 14.9499998 2.09857082 -5
  vertex 14.9499998 2.09857082 -15.000001
  vertex 14.9499998 0.0985708237 -15.000001
  endloop
 endfacet

 facet normal -1 0 0
  outer loop
  vertex 14.9499998 4.09857082 25
  vertex 14.9499998 4.09857082 15.000001
  vertex 14.9499998 2.09857082 15.000001
  endloop
 endfacet

 facet normal -1 0 0
  outer loop
  vertex 14.9499998 4.09857082 15.000001
  vertex 14.9499998 4.09857082 5
  vertex 14.9499998 2.09857082 5
  endloop
 endfacet

 facet normal -1 0 0
  outer loop
  vertex 14.9499998 4.09857082 5
  vertex 14.9499998 4.09857082 -5
  vertex 14.9499998 2.09857082 -5
  endloop
 endfacet

 facet normal -1 0 0
  outer loop
  vertex 14.9499998 4.09857082 -5
  vertex 14.9499998 4.09857082 -15.000001
  vertex 14.9499998 2.09857082 -15.000001
  endloop
 endfacet

 facet normal -1 0 0
  outer loop
  vertex 14.9499998 6.09857082 25
  vertex 14.9499998 6.09857082 15.000001
  vertex 14.9499998 4.09857082 15.000001
  endloop
 endfacet

 facet normal -1 0 0
  outer loop
  vertex 14.9499998 6.09857082 15.000001
  vertex 14.9499998 6.09857082 5
  vertex 14.9499998 4.09857082 5
  endloop
 endfacet

 facet normal -1 0 0
  outer loop
  vertex 14.9499998 6.09857082 5
  vertex 14.9499998 6.09857082 -5
  vertex 14.9499998 4.09857082 -5
  endloop
 endfacet

 facet normal -1 0 0
  outer loop
  vertex 14.9499998 6.09857082 -5
  vertex 14.9499998 6.09857082 -15.000001
  vertex 14.9499998 4.09857082 -15.000001
  endloop
 endfacet

 facet normal -1 0 0
  outer loop
  vertex 14.9499998 8.09857082 25
  vertex 14.9499998 8.09857082 15.000001
  vertex 14.9499998 6.09857082 15.000001
  endloop
 endfacet

 facet normal -1 0 0
  outer loop
  vertex 14.9499998 8.09857082 5
  vertex 14.9499998 8.09857082 -5
  vertex 14.9499998 6.09857082 -5
  endloop
 endfacet

 facet normal -1 0 0
  outer loop
  vertex 14.9499998 10.0985708 25
  vertex 14.9499998 10.0985708 15.000001
  vertex 14.9499998 8.09857082 15.000001
  endloop
 endfacet

 facet normal -1 0 0
  outer loop
  vertex 14.9499998 10.0985708 15.000001
  vertex 14.9499998 10.0985708 5
  vertex 14.9499998 8.09857082 5
  endloop
 endfacet

 facet normal -1 0 0
  outer loop
  vertex 14.9499998 10.0985708 5
  vertex 14.9499998 10.0985708 -5
  vertex 14.9499998 8.09857082 -5
  endloop
 endfacet

 facet normal -1 0 0
  outer loop
  vertex 14.9499998 10.0985708 -5
  vertex 14.9499998 10.0985708 -15.000001
  vertex 14.9499998 8.09857082 -15.000001
  endloop
 endfacet

 facet normal 0 0 1
  outer loop
  vertex 15 8.09857082 25
  vertex 14.9499998 8.09857082 25
  vertex 14.9499998 6.09857082 25
  endloop
 endfacet

 facet normal 0 0 -1
  outer loop
  vertex 15 6.09857082 15.000001
  vertex 14.9499998 6.09857082 15.000001
  vertex 14.9499998 8.09857082 15.000001
  endloop
 endfacet

 facet normal 0 1 0
  outer loop
  vertex 15 10.0985708 15.000001
  vertex 14.9499998 10.0985708 15.000001
  vertex 14.9499998 10.0985708 25
  endloop
 endfacet

 facet normal 0 -1 0
  outer loop
  vertex 15 8.09857082 -5
  vertex 14.9499998 8.09857082 -5
  vertex 14.9499998 8.09857082 -15.000001
  endloop
 endfacet

 facet normal 0 0 1
  outer loop
  vertex 15 8.09857082 5
  vertex 14.9499998 8.09857082 5
  vertex 14.9499998 6.09857082 5
  endloop
 endfacet

 facet normal 0 1 0
  outer loop
  vertex 15 10.0985708 5
  vertex 14.9499998 10.0985708 5
  vertex 14.9499998 10.0985708 15.000001
  endloop
 endfacet

 facet normal 0 -1 0
  outer loop
  vertex 15 0.0985708237 25
  vertex 14.9499998 0.0985708237 25
  vertex 14.9499998 0.0985708237 15.000001
  endloop
 endfacet

 facet normal 0 0 -1
  outer loop
  vertex 15 6.09857082 -5
  vertex 14.9499998 6.09857082 -5
  vertex 14.9499998 8.09857082 -5
  endloop
 endfacet

 facet normal 0 1 0
  outer loop
  vertex 15 10.0985708 -5
  vertex 14.9499998 10.0985708 -5
  vertex 14.9499998 10.0985708 5
  endloop
 endfacet

 facet normal 0 0 1
  outer loop
  vertex 15 10.0985708 25
  vertex 14.9499998 10.0985708 25
  vertex 14.9499998 8.09857082 25
  endloop
 endfacet

 facet normal 0 0 1
  outer loop
  vertex 15 8.09857082 -15.000001
  vertex 14.9499998 8.09857082 -15.000001
  vertex 14.9499998 6.09857082 -15.000001
  endloop
 endfacet

 facet normal 0 1 0
  outer loop
  vertex 15 10.0985708 -15.000001
  vertex 14.9499998 10.0985708 -15.000001
  vertex 14.9499998 10.0985708 -5
  endloop
 endfacet

 facet normal 0 1 0
  outer loop
  vertex 15 10.0985708 -25
  vertex 14.9499998 10.0985708 -25
  vertex 14.9499998 10.0985708 -15.000001
  endloop
 endfacet

 facet normal 0 0 -1
  outer loop
  vertex 15 8.09857082 -25
  vertex 14.9499998 8.09857082 -25
  vertex 14.9499998 10.0985708 -25
  endloop
 endfacet

 facet normal 0 0 -1
  outer loop
  vertex 15 0.0985708237 -25
  vertex 14.9499998 0.0985708237 -25
  vertex 14.9499998 2.09857082 -25
  endloop
 endfacet

 facet normal 0 0 -1
  outer loop
  vertex 15 6.09857082 -25
  vertex 14.9499998 6.09857082 -25
  vertex 14.9499998 8.09857082 -25
  endloop
 endfacet

 facet normal 0 -1 0
  outer loop
  vertex 15 0.0985708237 -15.000001
  vertex 14.9499998 0.0985708237 -15.000001
  vertex 14.9499998 0.0985708237 -25
  endloop
 endfacet

 facet normal 0 0 -1
  outer loop
  vertex 15 4.09857082 -25
  vertex 14.9499998 4.09857082 -25
  vertex 14.9499998 6.09857082 -25
  endloop
 endfacet

 facet normal 0 -1 0
  outer loop
  vertex 15 0.0985708237 -5
  vertex 14.9499998 0.0985708237 -5
  vertex 14.9499998 0.0985708237 -15.000001
  endloop
 endfacet

 facet normal 0 1 0
  outer loop
  vertex 15 6.09857082 5
  vertex 14.9499998 6.09857082 5
  vertex 14.9499998 6.09857082 15.000001
  endloop
 endfacet

 facet normal 0 0 -1
  outer loop
  vertex 15 2.09857082 -25
  vertex 14.9499998 2.09857082 -25
  vertex 14.9499998 4.09857082 -25
  endloop
 endfacet

 facet normal 0 -1 0
  outer loop
  vertex 15 0.0985708237 5
  vertex 14.9499998 0.0985708237 5
  vertex 14.9499998 0.0985708237 -5
  endloop
 endfacet

 facet normal 0 -1 0
  outer loop
  vertex 15 0.0985708237 15.000001
  vertex 14.9499998 0.0985708237 15.000001
  vertex 14.9499998 0.0985708237 5
  endloop
 endfacet

 facet normal 0 1 0
  outer loop
  vertex 15 6.09857082 -15.000001
  vertex 14.9499998 6.09857082 -15.000001
  vertex 14.9499998 6.09857082 -5
  endloop
 endfacet

 facet normal 0 0 1
  outer loop
  vertex 15 2.09857082 25
  vertex 14.9499998 2.09857082 25
  vertex 14.9499998 0.0985708237 25
  endloop
 endfacet

 facet normal 0 0 1
  outer loop
  vertex 15 4.09857082 25
  vertex 14.9499998 4.09857082 25
  vertex 14.9499998 2.09857082 25
  endloop
 endfacet

 facet normal 0 0 1
  outer loop
  vertex 15 6.09857082 25
  vertex 14.9499998 6.09857082 25
  vertex 14.9499998 4.09857082 25
  endloop
 endfacet

 facet normal 0 -1 0
  outer loop
  vertex 15 8.09857082 15.000001
  vertex 14.9499998 8.09857082 15.000001
  vertex 14.9499998 8.09857082 5
  endloop
 endfacet

 facet normal -1 0 0
  outer loop
  vertex -15 2.09857082 -25
  vertex -15 0.0985708237 -15.000001
  vertex -15 2.09857082 -15.000001
  endloop
 endfacet

 facet normal -1 0 0
  outer loop
  vertex -15 10.0985708 -25
  vertex -15 8.09857082 -15.000001
  vertex -15 10.0985708 -15.000001
  endloop
 endfacet

 facet normal -1 0 0
  outer loop
  vertex -15 8.09857082 -25
  vertex -15 6.09857082 -15.000001
  vertex -15 8.09857082 -15.000001
  endloop
 endfacet

 facet normal -1 0 0
  outer loop
  vertex -15 6.09857082 -25
  vertex -15 4.09857082 -15.000001
  vertex -15 6.09857082 -15.000001
  endloop
 endfacet

 facet normal -1 0 0
  outer loop
  vertex -15 4.09857082 -25
  vertex -15 2.09857082 -15.000001
  vertex -15 4.09857082 -15.000001
  endloop
 endfacet

 facet normal -1 0 0
  outer loop
  vertex -15 10.0985708 15.000001
  vertex -15 8.09857082 25
  vertex -15 10.0985708 25
  endloop
 endfacet

 facet normal -1 0 0
  outer loop
  vertex -15 10.0985708 5
  vertex -15 8.09857082 15.000001
  vertex -15 10.0985708 15.000001
  endloop
 endfacet

 facet normal -1 0 0
  outer loop
  vertex -15 10.0985708 -5
  vertex -15 8.09857082 5
  vertex -15 10.0985708 5
  endloop
 endfacet

 facet normal -1 0 0
  outer loop
  vertex -15 10.0985708 -15.000001
  vertex -15 8.09857082 -5
  vertex -15 10.0985708 -5
  endloop
 endfacet

 facet normal -1 0 0
  outer loop
  vertex -15 8.09857082 15.000001
  vertex -15 6.09857082 25
  vertex -15 8.09857082 25
  endloop
 endfacet

 facet normal -1 0 0
  outer loop
  vertex -15 8.09857082 -5
  vertex -15 6.09857082 5
  vertex -15 8.09857082 5
  endloop
 endfacet

 facet normal -1 0 0
  outer loop
  vertex -15 6.09857082 15.000001
  vertex -15 4.09857082 25
  vertex -15 6.09857082 25
  endloop
 endfacet

 facet normal -1 0 0
  outer loop
  vertex -15 6.09857082 5
  vertex -15 4.09857082 15.000001
  vertex -15 6.09857082 15.000001
  endloop
 endfacet

 facet normal -1 0 0
  outer loop
  vertex -15 6.09857082 -5
  vertex -15 4.09857082 5
  vertex -15 6.09857082 5
  endloop
 endfacet

 facet normal -1 0 0
  outer loop
  vertex -15 6.09857082 -15.000001
  vertex -15 4.09857082 -5
  vertex -15 6.09857082 -5
  endloop
 endfacet

 facet normal -1 0 0
  outer loop
  vertex -15 4.09857082 15.000001
  vertex -15 2.09857082 25
  vertex -15 4.09857082 25
  endloop
 endfacet

 facet normal -1 0 0
  outer loop
  vertex -15 4.09857082 5
  vertex -15 2.09857082 15.000001
  vertex -15 4.09857082 15.000001
  endloop
 endfacet

 facet normal -1 0 0
  outer loop
  vertex -15 4.09857082 -5
  vertex -15 2.09857082 5
  vertex -15 4.09857082 5
  endloop
 endfacet

 facet normal -1 0 0
  outer loop
  vertex -15 4.09857082 -15.000001
  vertex -15 2.09857082 -5
  vertex -15 4.09857082 -5
  endloop
 endfacet

 facet normal -1 0 0
  outer loop
  vertex -15 2.09857082 15.000001
  vertex -15 0.0985708237 25
  vertex -15 2.09857082 25
  endloop
 endfacet

 facet normal -1 0 0
  outer loop
  vertex -15 2.09857082 5
  vertex -15 0.0985708237 15.000001
  vertex -15 2.09857082 15.000001
  endloop
 endfacet

 facet normal -1 0 0
  outer loop
  vertex -15 2.09857082 -5
  vertex -15 0.0985708237 5
  vertex -15 2.09857082 5
  endloop
 endfacet

 facet normal -1 0 0
  outer loop
  vertex -15 2.09857082 -15.000001
  vertex -15 0.0985708237 -5
  vertex -15 2.09857082 -5
  endloop
 endfacet

 facet normal 1 0 0
  outer loop
  vertex -14.9499998 0.0985708237 -15.000001
  vertex -14.9499998 2.09857082 -25
  vertex -14.9499998 2.09857082 -15.000001
  endloop
 endfacet

 facet normal 1 0 0
  outer loop
  vertex -14.9499998 8.09857082 -15.000001
  vertex -14.9499998 10.0985708 -25
  vertex -14.9499998 10.0985708 -15.000001
  endloop
 endfacet

 facet normal 1 0 0
  outer loop
  vertex -14.9499998 6.09857082 -15.000001
  vertex -14.9499998 8.09857082 -25
  vertex -14.9499998 8.09857082 -15.000001
  endloop
 endfacet

 facet normal 1 0 0
  outer loop
  vertex -14.9499998 4.09857082 -15.000001
  vertex -14.9499998 6.09857082 -25
  vertex -14.9499998 6.09857082 -15.000001
  endloop
 endfacet

 facet normal 1 0 0
  outer loop
  vertex -14.9499998 2.09857082 -15.000001
  vertex -14.9499998 4.09857082 -25
  vertex -14.9499998 4.09857082 -15.000001
  endloop
 endfacet

 facet normal 1 0 0
  outer loop
  vertex -14.9499998 8.09857082 25
  vertex -14.9499998 10.0985708 15.000001
  vertex -14.9499998 10.0985708 25
  endloop
 endfacet

 facet normal 1 0 0
  outer loop
  vertex -14.9499998 8.09857082 15.000001
  vertex -14.9499998 10.0985708 5
  vertex -14.9499998 10.0985708 15.000001
  endloop
 endfacet

 facet normal 1 0 0
  outer loop
  vertex -14.9499998 8.09857082 5
  vertex -14.9499998 10.0985708 -5
  vertex -14.9499998 10.0985708 5
  endloop
 endfacet

 facet normal 1 0 0
  outer loop
  vertex -14.9499998 8.09857082 -5
  vertex -14.9499998 10.0985708 -15.000001
  vertex -14.9499998 10.0985708 -5
  endloop
 endfacet

 facet normal 1 0 0
  outer loop
  vertex -14.9499998 6.09857082 25
  vertex -14.9499998 8.09857082 15.000001
  vertex -14.9499998 8.09857082 25
  endloop
 endfacet

 facet normal 1 0 0
  outer loop
  vertex -14.9499998 6.09857082 5
  vertex -14.9499998 8.09857082 -5
  vertex -14.9499998 8.09857082 5
  endloop
 endfacet

 facet normal 1 0 0
  outer loop
  vertex -14.9499998 4.09857082 25
  vertex -14.9499998 6.09857082 15.000001
  vertex -14.9499998 6.09857082 25
  endloop
 endfacet

 facet normal 1 0 0
  outer loop
  vertex -14.9499998 4.09857082 15.000001
  vertex -14.9499998 6.09857082 5
  vertex -14.9499998 6.09857082 15.000001
  endloop
 endfacet

 facet normal 1 0 0
  outer loop
  vertex -14.9499998 4.09857082 5
  vertex -14.9499998 6.09857082 -5
  vertex -14.9499998 6.09857082 5
  endloop
 endfacet

 facet normal 1 0 0
  outer loop
  vertex -14.9499998 4.09857082 -5
  vertex -14.9499998 6.09857082 -15.000001
  vertex -14.9499998 6.09857082 -5
  endloop
 endfacet

 facet normal 1 0 0
  outer loop
  vertex -14.9499998 2.09857082 25
  vertex -14.9499998 4.09857082 15.000001
  vertex -14.9499998 4.09857082 25
  endloop
 endfacet

 facet normal 1 0 0
  outer loop
  vertex -14.9499998 2.09857082 15.000001
  vertex -14.9499998 4.09857082 5
  vertex -14.9499998 4.09857082 15.000001
  endloop
 endfacet

 facet normal 1 0 0
  outer loop
  vertex -14.9499998 2.09857082 5
  vertex -14.9499998 4.09857082 -5
  vertex -14.9499998 4.09857082 5
  endloop
 endfacet

 facet normal 1 0 0
  outer loop
  vertex -14.9499998 2.09857082 -5
  vertex -14.9499998 4.09857082 -15.000001
  vertex -14.9499998 4.09857082 -5
  endloop
 endfacet

 facet normal 1 0 0
  outer loop
  vertex -14.9499998 0.0985708237 25
  vertex -14.9499998 2.09857082 15.000001
  vertex -14.9499998 2.09857082 25
  endloop
 endfacet

 facet normal 1 0 0
  outer loop
  vertex -14.9499998 0.0985708237 15.000001
  vertex -14.9499998 2.09857082 5
  vertex -14.9499998 2.09857082 15.000001
  endloop
 endfacet

 facet normal 1 0 0
  outer loop
  vertex -14.9499998 0.0985708237 5
  vertex -14.9499998 2.09857082 -5
  vertex -14.9499998 2.09857082 5
  endloop
 endfacet

 facet normal 1 0 0
  outer loop
  vertex -14.9499998 0.0985708237 -5
  vertex -14.9499998 2.09857082 -15.000001
  vertex -14.9499998 2.09857082 -5
  endloop
 endfacet

 facet normal 0 0 1
  outer loop
  vertex -15 2.09857082 25
  vertex -14.9499998 4.09857082 25
  vertex -15 4.09857082 25
  endloop
 endfacet

 facet normal 0 -1 0
  outer loop
  vertex -15 0.0985708237 15.000001
  vertex -14.9499998 0.0985708237 25
  vertex -15 0.0985708237 25
  endloop
 endfacet

 facet normal 0 -1 0
  outer loop
  vertex -15 0.0985708237 5
  vertex -14.9499998 0.0985708237 15.000001
  vertex -15 0.0985708237 15.000001
  endloop
 endfacet

 facet normal 0 1 0
  outer loop
  vertex -15 10.0985708 25
  vertex -14.9499998 10.0985708 15.000001
  vertex -15 10.0985708 15.000001
  endloop
 endfacet

 facet normal 0 1 0
  outer loop
  vertex -15 6.09857082 15.000001
  vertex -14.9499998 6.09857082 5
  vertex -15 6.09857082 5
  endloop
 endfacet

 facet normal 0 -1 0
  outer loop
  vertex -15 0.0985708237 -5
  vertex -14.9499998 0.0985708237 5
  vertex -15 0.0985708237 5
  endloop
 endfacet

 facet normal 0 0 1
  outer loop
  vertex -15 0.0985708237 25
  vertex -14.9499998 2.09857082 25
  vertex -15 2.09857082 25
  endloop
 endfacet

 facet normal 0 -1 0
  outer loop
  vertex -15 0.0985708237 -15.000001
  vertex -14.9499998 0.0985708237 -5
  vertex -15 0.0985708237 -5
  endloop
 endfacet

 facet normal 0 -1 0
  outer loop
  vertex -15 0.0985708237 -25
  vertex -14.9499998 0.0985708237 -15.000001
  vertex -15 0.0985708237 -15.000001
  endloop
 endfacet

 facet normal 0 1 0
  outer loop
  vertex -15 6.09857082 -5
  vertex -14.9499998 6.09857082 -15.000001
  vertex -15 6.09857082 -15.000001
  endloop
 endfacet

 facet normal 0 0 -1
  outer loop
  vertex -15 2.09857082 -25
  vertex -14.9499998 0.0985708237 -25
  vertex -15 0.0985708237 -25
  endloop
 endfacet

 facet normal 0 0 -1
  outer loop
  vertex -15 10.0985708 -25
  vertex -14.9499998 8.09857082 -25
  vertex -15 8.09857082 -25
  endloop
 endfacet

 facet normal 0 0 -1
  outer loop
  vertex -15 4.09857082 -25
  vertex -14.9499998 2.09857082 -25
  vertex -15 2.09857082 -25
  endloop
 endfacet

 facet normal 0 0 -1
  outer loop
  vertex -15 8.09857082 15.000001
  vertex -14.9499998 6.09857082 15.000001
  vertex -15 6.09857082 15.000001
  endloop
 endfacet

 facet normal 0 1 0
  outer loop
  vertex -15 10.0985708 -15.000001
  vertex -14.9499998 10.0985708 -25
  vertex -15 10.0985708 -25
  endloop
 endfacet

 facet normal 0 0 -1
  outer loop
  vertex -15 6.09857082 -25
  vertex -14.9499998 4.09857082 -25
  vertex -15 4.09857082 -25
  endloop
 endfacet

 facet normal 0 0 1
  outer loop
  vertex -15 6.09857082 5
  vertex -14.9499998 8.09857082 5
  vertex -15 8.09857082 5
  endloop
 endfacet

 facet normal 0 1 0
  outer loop
  vertex -15 10.0985708 -5
  vertex -14.9499998 10.0985708 -15.000001
  vertex -15 10.0985708 -15.000001
  endloop
 endfacet

 facet normal 0 0 -1
  outer loop
  vertex -15 8.09857082 -25
  vertex -14.9499998 6.09857082 -25
  vertex -15 6.09857082 -25
  endloop
 endfacet

 facet normal 0 0 -1
  outer loop
  vertex -15 8.09857082 -5
  vertex -14.9499998 6.09857082 -5
  vertex -15 6.09857082 -5
  endloop
 endfacet

 facet normal 0 1 0
  outer loop
  vertex -15 10.0985708 5
  vertex -14.9499998 10.0985708 -5
  vertex -15 10.0985708 -5
  endloop
 endfacet

 facet normal 0 0 1
  outer loop
  vertex -15 6.09857082 -15.000001
  vertex -14.9499998 8.09857082 -15.000001
  vertex -15 8.09857082 -15.000001
  endloop
 endfacet

 facet normal 0 1 0
  outer loop
  vertex -15 10.0985708 15.000001
  vertex -14.9499998 10.0985708 5
  vertex -15 10.0985708 5
  endloop
 endfacet

 facet normal 0 0 1
  outer loop
  vertex -15 8.09857082 25
  vertex -14.9499998 10.0985708 25
  vertex -15 10.0985708 25
  endloop
 endfacet

 facet normal 0 -1 0
  outer loop
  vertex -15 8.09857082 5
  vertex -14.9499998 8.09857082 15.000001
  vertex -15 8.09857082 15.000001
  endloop
 endfacet

 facet normal 0 0 1
  outer loop
  vertex -15 6.09857082 25
  vertex -14.9499998 8.09857082 25
  vertex -15 8.09857082 25
  endloop
 endfacet

 facet normal 0 0 1
  outer loop
  vertex -15 4.09857082 25
  vertex -14.9499998 6.09857082 25
  vertex -15 6.09857082 25
  endloop
 endfacet

 facet normal 0 -1 0
  outer loop
  vertex -15 8.09857082 -15.000001
  vertex -14.9499998 8.09857082 -5
  vertex -15 8.09857082 -5
  endloop
 endfacet

 facet normal -1 0 0
  outer loop
  vertex -15 2.09857082 -25
  vertex -15 0.0985708237 -25
  vertex -15 0.0985708237 -15.000001
  endloop
 endfacet

 facet normal -1 0 0
  outer loop
  vertex -15 10.0985708 -25
  vertex -15 8.09857082 -25
  vertex -15 8.09857082 -15.000001
  endloop
 endfacet

 facet normal -1 0 0
  outer loop
  vertex -15 8.09857082 -25
  vertex -15 6.09857082 -25
  vertex -15 6.09857082 -15.000001
  endloop
 endfacet

 facet normal -1 0 0
  outer loop
  vertex -15 6.09857082 -25
  vertex -15 4.09857082 -25
  vertex -15 4.09857082 -15.000001
  endloop
 endfacet

 facet normal -1 0 0
  outer loop
  vertex -15 4.09857082 -25
  vertex -15 2.09857082 -25
  vertex -15 2.09857082 -15.000001
  endloop
 endfacet

 facet normal -1 0 0
  outer loop
  vertex -15 10.0985708 15.000001
  vertex -15 8.09857082 15.000001
  vertex -15 8.09857082 25
  endloop
 endfacet

 facet normal -1 0 0
  outer loop
  vertex -15 10.0985708 5
  vertex -15 8.09857082 5
  vertex -15 8.09857082 15.000001
  endloop
 endfacet

 facet normal -1 0 0
  outer loop
  vertex -15 10.0985708 -5
  vertex -15 8.09857082 -5
  vertex -15 8.09857082 5
  endloop
 endfacet

 facet normal -1 0 0
  outer loop
  vertex -15 10.0985708 -15.000001
  vertex -15 8.09857082 -15.000001
  vertex -15 8.09857082 -5
  endloop
 endfacet

 facet normal -1 0 0
  outer loop
  vertex -15 8.09857082 15.000001
  vertex -15 6.09857082 15.000001
  vertex -15 6.09857082 25
  endloop
 endfacet

 facet normal -1 0 0
  outer loop
  vertex -15 8.09857082 -5
  vertex -15 6.09857082 -5
  vertex -15 6.09857082 5
  endloop
 endfacet

 facet normal -1 0 0
  outer loop
  vertex -15 6.09857082 15.000001
  vertex -15 4.09857082 15.000001
  vertex -15 4.09857082 25
  endloop
 endfacet

 facet normal -1 0 0
  outer loop
  vertex -15 6.09857082 5
  vertex -15 4.09857082 5
  vertex -15 4.09857082 15.000001
  endloop
 endfacet

 facet normal -1 0 0
  outer loop
  vertex -15 6.09857082 -5
  vertex -15 4.09857082 -5
  vertex -15 4.09857082 5
  endloop
 endfacet

 facet normal -1 0 0
  outer loop
  vertex -15 6.09857082 -15.000001
  vertex -15 4.09857082 -15.000001
  vertex -15 4.09857082 -5
  endloop
 endfacet

 facet normal -1 0 0
  outer loop
  vertex -15 4.09857082 15.000001
  vertex -15 2.09857082 15.000001
  vertex -15 2.09857082 25
  endloop
 endfacet

 facet normal -1 0 0
  outer loop
  vertex -15 4.09857082 5
  vertex -15 2.09857082 5
  vertex -15 2.09857082 15.000001
  endloop
 endfacet

 facet normal -1 0 0
  outer loop
  vertex -15 4.09857082 -5
  vertex -15 2.09857082 -5
  vertex -15 2.09857082 5
  endloop
 endfacet

 facet normal -1 0 0
  outer loop
  vertex -15 4.09857082 -15.000001
  vertex -15 2.09857082 -15.000001
  vertex -15 2.09857082 -5
  endloop
 endfacet

 facet normal -1 0 0
  outer loop
  vertex -15 2.09857082 15.000001
  vertex -15 0.0985708237 15.000001
  vertex -15 0.0985708237 25
  endloop
 endfacet

 facet normal -1 0 0
  outer loop
  vertex -15 2.09857082 5
  vertex -15 0.0985708237 5
  vertex -15 0.0985708237 15.000001
  endloop
 endfacet

 facet normal -1 0 0
  outer loop
  vertex -15 2.09857082 -5
  vertex -15 0.0985708237 -5
  vertex -15 0.0985708237 5
  endloop
 endfacet

 facet normal -1 0 0
  outer loop
  vertex -15 2.09857082 -15.000001
  vertex -15 0.0985708237 -15.000001
  vertex -15 0.0985708237 -5
  endloop
 endfacet

 facet normal 1 0 0
  outer loop
  vertex -14.9499998 0.0985708237 -15.000001
  vertex -14.9499998 0.0985708237 -25
  vertex -14.9499998 2.09857082 -25
  endloop
 endfacet

 facet normal 1 0 0
  outer loop
  vertex -14.9499998 8.09857082 -15.000001
  vertex -14.9499998 8.09857082 -25
  vertex -14.9499998 10.0985708 -25
  endloop
 endfacet

 facet normal 1 0 0
  outer loop
  vertex -14.9499998 6.09857082 -15.000001
  vertex -14.9499998 6.09857082 -25
  vertex -14.9499998 8.09857082 -25
  endloop
 endfacet

 facet normal 1 0 0
  outer loop
  vertex -14.9499998 4.09857082 -15.000001
  vertex -14.9499998 4.09857082 -25
  vertex -14.9499998 6.09857082 -25
  endloop
 endfacet

 facet normal 1 0 0
  outer loop
  vertex -14.9499998 2.09857082 -15.000001
  vertex -14.9499998 2.09857082 -25
  vertex -14.9499998 4.09857082 -25
  endloop
 endfacet

 facet normal 1 0 0
  outer loop
  vertex -14.9499998 8.09857082 25
  vertex -14.9499998 8.09857082 15.000001
  vertex -14.9499998 10.0985708 15.000001
  endloop
 endfacet

 facet normal 1 0 0
  outer loop
  vertex -14.9499998 8.09857082 15.000001
  vertex -14.9499998 8.09857082 5
  vertex -14.9499998 10.0985708 5
  endloop
 endfacet

 facet normal 1 0 0
  outer loop
  vertex -14.9499998 8.09857082 5
  vertex -14.9499998 8.09857082 -5
  vertex -14.9499998 10.0985708 -5
  endloop
 endfacet

 facet normal 1 0 0
  outer loop
  vertex -14.9499998 8.09857082 -5
  vertex -14.9499998 8.09857082 -15.000001
  vertex -14.9499998 10.0985708 -15.000001
  endloop
 endfacet

 facet normal 1 0 0
  outer loop
  vertex -14.9499998 6.09857082 25
  vertex -14.9499998 6.09857082 15.000001
  vertex -14.9499998 8.09857082 15.000001
  endloop
 endfacet

 facet normal 1 0 0
  outer loop
  vertex -14.9499998 6.09857082 5
  vertex -14.9499998 6.09857082 -5
  vertex -14.9499998 8.09857082 -5
  endloop
 endfacet

 facet normal 1 0 0
  outer loop
  vertex -14.9499998 4.09857082 25
  vertex -14.9499998 4.09857082 15.000001
  vertex -14.9499998 6.09857082 15.000001
  endloop
 endfacet

 facet normal 1 0 0
  outer loop
  vertex -14.9499998 4.09857082 15.000001
  vertex -14.9499998 4.09857082 5
  vertex -14.9499998 6.09857082 5
  endloop
 endfacet

 facet normal 1 0 0
  outer loop
  vertex -14.9499998 4.09857082 5
  vertex -14.9499998 4.09857082 -5
  vertex -14.9499998 6.09857082 -5
  endloop
 endfacet

 facet normal 1 0 0
  outer loop
  vertex -14.9499998 4.09857082 -5
  vertex -14.9499998 4.09857082 -15.000001
  vertex -14.9499998 6.09857082 -15.000001
  endloop
 endfacet

 facet normal 1 0 0
  outer loop
  vertex -14.9499998 2.09857082 25
  vertex -14.9499998 2.09857082 15.000001
  vertex -14.9499998 4.09857082 15.000001
  endloop
 endfacet

 facet normal 1 0 0
  outer loop
  vertex -14.9499998 2.09857082 15.000001
  vertex -14.9499998 2.09857082 5
  vertex -14.9499998 4.09857082 5
  endloop
 endfacet

 facet normal 1 0 0
  outer loop
  vertex -14.9499998 2.09857082 5
  vertex -14.9499998 2.09857082 -5
  vertex -14.9499998 4.09857082 -5
  endloop
 endfacet

 facet normal 1 0 0
  outer loop
  vertex -14.9499998 2.09857082 -5
  vertex -14.9499998 2.09857082 -15.000001
  vertex -14.9499998 4.09857082 -15.000001
  endloop
 endfacet

 facet normal 1 0 0
  outer loop
  vertex -14.9499998 0.0985708237 25
  vertex -14.9499998 0.0985708237 15.000001
  vertex -14.9499998 2.09857082 15.000001
  endloop
 endfacet

 facet normal 1 0 0
  outer loop
  vertex -14.9499998 0.0985708237 15.000001
  vertex -14.9499998 0.0985708237 5
  vertex -14.9499998 2.09857082 5
  endloop
 endfacet

 facet normal 1 0 0
  outer loop
  vertex -14.9499998 0.0985708237 5
  vertex -14.9499998 0.0985708237 -5
  vertex -14.9499998 2.09857082 -5
  endloop
 endfacet

 facet normal 1 0 0
  outer loop
  vertex -14.9499998 0.0985708237 -5
  vertex -14.9499998 0.0985708237 -15.000001
  vertex -14.9499998 2.09857082 -15.000001
  endloop
 endfacet

 facet normal 0 0 1
  outer loop
  vertex -15 2.09857082 25
  vertex -14.9499998 2.09857082 25
  vertex -14.9499998 4.09857082 25
  endloop
 endfacet

 facet normal 0 -1 0
  outer loop
  vertex -15 0.0985708237 15.000001
  vertex -14.9499998 0.0985708237 15.000001
  vertex -14.9499998 0.0985708237 25
  endloop
 endfacet

 facet normal 0 -1 0
  outer loop
  vertex -15 0.0985708237 5
  vertex -14.9499998 0.0985708237 5
  vertex -14.9499998 0.0985708237 15.000001
  endloop
 endfacet

 facet normal 0 1 0
  outer loop
  vertex -15 10.0985708 25
  vertex -14.9499998 10.0985708 25
  vertex -14.9499998 10.0985708 15.000001
  endloop
 endfacet

 facet normal 0 1 0
  outer loop
  vertex -15 6.09857082 15.000001
  vertex -14.9499998 6.09857082 15.000001
  vertex -14.9499998 6.09857082 5
  endloop
 endfacet

 facet normal 0 -1 0
  outer loop
  vertex -15 0.0985708237 -5
  vertex -14.9499998 0.0985708237 -5
  vertex -14.9499998 0.0985708237 5
  endloop
 endfacet

 facet normal 0 0 1
  outer loop
  vertex -15 0.0985708237 25
  vertex -14.9499998 0.0985708237 25
  vertex -14.9499998 2.09857082 25
  endloop
 endfacet

 facet normal 0 -1 0
  outer loop
  vertex -15 0.0985708237 -15.000001
  vertex -14.9499998 0.0985708237 -15.000001
  vertex -14.9499998 0.0985708237 -5
  endloop
 endfacet

 facet normal 0 -1 0
  outer loop
  vertex -15 0.0985708237 -25
  vertex -14.9499998 0.0985708237 -25
  vertex -14.9499998 0.0985708237 -15.000001
  endloop
 endfacet

 facet normal 0 1 0
  outer loop
  vertex -15 6.09857082 -5
  vertex -14.9499998 6.09857082 -5
  vertex -14.9499998 6.09857082 -15.000001
  endloop
 endfacet

 facet normal 0 0 -1
  outer loop
  vertex -15 2.09857082 -25
  vertex -14.9499998 2.09857082 -25
  vertex -14.9499998 0.0985708237 -25
  endloop
 endfacet

 facet normal 0 0 -1
  outer loop
  vertex -15 10.0985708 -25
  vertex -14.9499998 10.0985708 -25
  vertex -14.9499998 8.09857082 -25
  endloop
 endfacet

 facet normal 0 0 -1
  outer loop
  vertex -15 4.09857082 -25
  vertex -14.9499998 4.09857082 -25
  vertex -14.9499998 2.09857082 -25
  endloop
 endfacet

 facet normal 0 0 -1
  outer loop
  vertex -15 8.09857082 15.000001
  vertex -14.9499998 8.09857082 15.000001
  vertex -14.9499998 6.09857082 15.000001
  endloop
 endfacet

 facet normal 0 1 0
  outer loop
  vertex -15 10.0985708 -15.000001
  vertex -14.9499998 10.0985708 -15.000001
  vertex -14.9499998 10.0985708 -25
  endloop
 endfacet

 facet normal 0 0 -1
  outer loop
  vertex -15 6.09857082 -25
  vertex -14.9499998 6.09857082 -25
  vertex -14.9499998 4.09857082 -25
  endloop
 endfacet

 facet normal 0 0 1
  outer loop
  vertex -15 6.09857082 5
  vertex -14.9499998 6.09857082 5
  vertex -14.9499998 8.09857082 5
  endloop
 endfacet

 facet normal 0 1 0
  outer loop
  vertex -15 10.0985708 -5
  vertex -14.9499998 10.0985708 -5
  vertex -14.9499998 10.0985708 -15.000001
  endloop
 endfacet

 facet normal 0 0 -1
  outer loop
  vertex -15 8.09857082 -25
  vertex -14.9499998 8.09857082 -25
  vertex -14.9499998 6.09857082 -25
  endloop
 endfacet

 facet normal 0 0 -1
  outer loop
  vertex -15 8.09857082 -5
  vertex -14.9499998 8.09857082 -5
  vertex -14.9499998 6.09857082 -5
  endloop
 endfacet

 facet normal 0 1 0
  outer loop
  vertex -15 10.0985708 5
  vertex -14.9499998 10.0985708 5
  vertex -14.9499998 10.0985708 -5
  endloop
 endfacet

 facet normal 0 0 1
  outer loop
  vertex -15 6.09857082 -15.000001
  vertex -14.9499998 6.09857082 -15.000001
  vertex -14.9499998 8.09857082 -15.000001
  endloop
 endfacet

 facet normal 0 1 0
  outer loop
  vertex -15 10.0985708 15.000001
  vertex -14.9499998 10.0985708 15.000001
  vertex -14.9499998 10.0985708 5
  endloop
 endfacet

 facet normal 0 0 1
  outer loop
  vertex -15 8.09857082 25
  vertex -14.9499998 8.09857082 25
  vertex -14.9499998 10.0985708 25
  endloop
 endfacet

 facet normal 0 -1 0
  outer loop
  vertex -15 8.09857082 5
  vertex -14.9499998 8.09857082 5
  vertex -14.9499998 8.09857082 15.000001
  endloop
 endfacet

 facet normal 0 0 1
  outer loop
  vertex -15 6.09857082 25
  vertex -14.9499998 6.09857082 25
  vertex -14.9499998 8.09857082 25
  endloop
 endfacet

 facet normal 0 0 1
  outer loop
  vertex -15 4.09857082 25
  vertex -14.9499998 4.09857082 25
  vertex -14.9499998 6.09857082 25
  endloop
 endfacet

 facet normal 0 -1 0
  outer loop
  vertex -15 8.09857082 -15.000001
  vertex -14.9499998 8.09857082 -15.000001
  vertex -14.9499998 8.09857082 -5
  endloop
 endfacet

endsolid AssimpScene
